captured_at,league,event_id,start,home_team,away_team,book,odds_home,odds_draw,odds_away,odds_over25,odds_under25,odds_btts_yes,odds_btts_no,odds_corners_over95,odds_corners_under95
2026-10-06T09:50:52Z,Friendlies,1029156443,2026-10-06T11:00:00Z,South Korea,Uzbekistan,unibet,1.58,4.0,5.4,1.77,1.93,1.8,1.87,2.23,1.56
2026-10-06T09:50:52Z,Friendlies,1029156443,2026-10-06T11:00:00Z,South Korea,Uzbekistan,bingoal,1.58,4.0,5.4,1.77,1.93,1.8,1.87,2.2,1.53
2026-10-06T09:50:52Z,Friendlies,1029156443,2026-10-06T11:00:00Z,South Korea,Uzbekistan,napoleon,1.65,3.9,4.7,1.67,2.07,1.7,2.02,2.3,1.55
2026-10-06T10:49:07Z,Friendlies,1029156443,2026-10-06T11:00:00Z,South Korea,Uzbekistan,unibet,1.6,4.0,5.4,1.79,1.91,1.82,1.85,2.18,1.58
2026-10-06T10:49:07Z,Friendlies,1029156443,2026-10-06T11:00:00Z,South Korea,Uzbekistan,bingoal,1.57,3.9,5.25,1.79,1.91,1.82,1.85,2.17,1.54
2026-10-06T10:49:07Z,Friendlies,1029156443,2026-10-06T11:00:00Z,South Korea,Uzbekistan,napoleon,1.6,4.1,4.9,1.65,2.12,1.7,2.05,2.3,1.55
2026-10-06T10:49:07Z,Friendlies,1029323859,2026-10-06T11:35:00Z,China,Tajikistan,unibet,1.83,3.5,4.2,2.15,1.62,1.98,1.71,2.32,1.52
2026-10-06T10:49:07Z,Friendlies,1029323859,2026-10-06T11:35:00Z,China,Tajikistan,bingoal,1.83,3.5,4.2,2.15,1.62,1.98,1.71,2.3,1.48
2026-10-06T10:49:07Z,Friendlies,1029323859,2026-10-06T11:35:00Z,China,Tajikistan,napoleon,1.87,3.4,4.2,2.07,1.67,1.95,1.76,2.25,1.58
