season,match_link,date,home_team,away_team,home_goals,away_goals,btts_yes,btts_no,btts_yes_max,btts_no_max,books
2024-2025,https://www.oddsportal.com/football/h2h/aberdeen-AmdbMiWq/celtic-QFKRRD8M/#27yfAodc,2025-02-25 21:00,Celtic,Aberdeen,5,1,1.995,1.748,2.05,1.83,6
2024-2025,https://www.oddsportal.com/football/h2h/aberdeen-AmdbMiWq/celtic-QFKRRD8M/#ObFyC9Ad,2025-05-14 19:00,Aberdeen,Celtic,1,5,1.54,2.357,1.58,2.4,6
2024-2025,https://www.oddsportal.com/football/h2h/aberdeen-AmdbMiWq/celtic-QFKRRD8M/#Ywf8vKJc,2024-10-19 14:00,Celtic,Aberdeen,2,2,1.872,1.878,1.92,1.95,6
2024-2025,https://www.oddsportal.com/football/h2h/aberdeen-AmdbMiWq/celtic-QFKRRD8M/#dEdwJo4l,2024-12-04 21:00,Aberdeen,Celtic,0,1,1.745,1.993,1.78,2.06,6
2024-2025,https://www.oddsportal.com/football/h2h/aberdeen-AmdbMiWq/dundee-fc-hjIyrgaj/#IRXmsJiU,2024-11-09 18:30,Aberdeen,Dundee FC,4,1,1.767,1.962,1.8,2.0,6
2024-2025,https://www.oddsportal.com/football/h2h/aberdeen-AmdbMiWq/dundee-fc-hjIyrgaj/#OSdP98E6,2024-09-28 14:00,Dundee FC,Aberdeen,1,2,1.686,2.068,1.7,2.12,5
2024-2025,https://www.oddsportal.com/football/h2h/aberdeen-AmdbMiWq/dundee-fc-hjIyrgaj/#neoMg5fJ,2025-02-15 16:00,Dundee FC,Aberdeen,1,2,1.637,2.162,1.67,2.22,6
2024-2025,https://www.oddsportal.com/football/h2h/aberdeen-AmdbMiWq/dundee-utd-8QEB2FFp/#Q7mjkyYF,2024-10-26 16:30,Aberdeen,Dundee Utd,1,0,1.787,1.945,1.82,1.98,6
2024-2025,https://www.oddsportal.com/football/h2h/aberdeen-AmdbMiWq/dundee-utd-8QEB2FFp/#YmPDpUGL,2025-05-17 11:30,Dundee Utd,Aberdeen,2,1,1.592,2.235,1.62,2.3,6
2024-2025,https://www.oddsportal.com/football/h2h/aberdeen-AmdbMiWq/dundee-utd-8QEB2FFp/#pjgpL2AF,2025-03-02 16:00,Aberdeen,Dundee Utd,2,2,1.735,2.017,1.76,2.05,6
2024-2025,https://www.oddsportal.com/football/h2h/aberdeen-AmdbMiWq/dundee-utd-8QEB2FFp/#zwN6bZve,2024-12-29 18:15,Dundee Utd,Aberdeen,1,0,1.722,2.032,1.75,2.1,6
2024-2025,https://www.oddsportal.com/football/h2h/aberdeen-AmdbMiWq/hearts-0rGrwwNc/#INy44nke,2024-12-01 16:00,Hearts,Aberdeen,1,1,1.702,2.058,1.75,2.1,6
2024-2025,https://www.oddsportal.com/football/h2h/aberdeen-AmdbMiWq/hearts-0rGrwwNc/#W4rXuOTi,2025-01-12 16:00,Aberdeen,Hearts,0,0,1.652,2.128,1.68,2.15,6
2024-2025,https://www.oddsportal.com/football/h2h/aberdeen-AmdbMiWq/hearts-0rGrwwNc/#WEmv4wro,2024-10-06 14:00,Aberdeen,Hearts,3,2,1.728,2.028,1.75,2.05,5
2024-2025,https://www.oddsportal.com/football/h2h/aberdeen-AmdbMiWq/hibernian-f5Fnxcx4/#MZlGlqgt,2024-11-26 20:45,Hibernian,Aberdeen,3,3,1.697,2.048,1.72,2.1,6
2024-2025,https://www.oddsportal.com/football/h2h/aberdeen-AmdbMiWq/hibernian-f5Fnxcx4/#bgm4bENc,2024-12-21 16:00,Aberdeen,Hibernian,1,3,1.652,2.123,1.68,2.15,6
2024-2025,https://www.oddsportal.com/football/h2h/aberdeen-AmdbMiWq/hibernian-f5Fnxcx4/#lQGdfpqf,2025-04-26 14:00,Aberdeen,Hibernian,1,0,1.67,2.1,1.7,2.15,6
2024-2025,https://www.oddsportal.com/football/h2h/aberdeen-AmdbMiWq/hibernian-f5Fnxcx4/#tx7wqlt1,2025-02-01 16:00,Hibernian,Aberdeen,2,0,1.727,2.02,1.76,2.05,6
2024-2025,https://www.oddsportal.com/football/h2h/aberdeen-AmdbMiWq/kilmarnock-jX8ezy7G/#2eowsJv3,2024-08-25 14:00,Aberdeen,Kilmarnock,2,0,1.908,1.83,1.95,1.87,5
2024-2025,https://www.oddsportal.com/football/h2h/aberdeen-AmdbMiWq/kilmarnock-jX8ezy7G/#ALKupzQ1,2024-12-26 16:00,Kilmarnock,Aberdeen,4,0,1.74,2.003,1.76,2.02,6
2024-2025,https://www.oddsportal.com/football/h2h/aberdeen-AmdbMiWq/kilmarnock-jX8ezy7G/#KMO26rvP,2025-02-22 16:00,Aberdeen,Kilmarnock,1,0,1.727,2.028,1.76,2.07,6
2024-2025,https://www.oddsportal.com/football/h2h/aberdeen-AmdbMiWq/motherwell-YuW7ZfMM/#I9Itai0l,2024-09-14 14:00,Aberdeen,Motherwell,2,1,1.852,1.888,1.91,1.91,5
2024-2025,https://www.oddsportal.com/football/h2h/aberdeen-AmdbMiWq/motherwell-YuW7ZfMM/#KQEENtEN,2025-01-05 15:30,Motherwell,Aberdeen,2,0,1.715,2.035,1.75,2.07,6
2024-2025,https://www.oddsportal.com/football/h2h/aberdeen-AmdbMiWq/motherwell-YuW7ZfMM/#OvmtwyW0,2025-03-29 16:00,Aberdeen,Motherwell,4,1,1.85,1.893,1.91,1.91,6
2024-2025,https://www.oddsportal.com/football/h2h/aberdeen-AmdbMiWq/rangers-8vAWQXNS/#2X4ntX7T,2025-01-15 21:00,Rangers,Aberdeen,3,0,1.9,1.83,1.95,1.9,6
2024-2025,https://www.oddsportal.com/football/h2h/aberdeen-AmdbMiWq/rangers-8vAWQXNS/#G6BH7nyh,2025-04-13 11:00,Aberdeen,Rangers,2,2,1.48,2.523,1.5,2.55,6
2024-2025,https://www.oddsportal.com/football/h2h/aberdeen-AmdbMiWq/rangers-8vAWQXNS/#GYBTDVup,2025-05-11 11:00,Rangers,Aberdeen,4,0,1.6,2.223,1.63,2.25,6
2024-2025,https://www.oddsportal.com/football/h2h/aberdeen-AmdbMiWq/rangers-8vAWQXNS/#nqP5q61f,2024-10-30 21:00,Aberdeen,Rangers,2,1,1.687,2.07,1.7,2.1,6
2024-2025,https://www.oddsportal.com/football/h2h/aberdeen-AmdbMiWq/ross-county-vouS5j6r/#6erak5LN,2025-04-05 14:00,Ross County,Aberdeen,0,1,1.797,1.933,1.84,1.95,6
2024-2025,https://www.oddsportal.com/football/h2h/aberdeen-AmdbMiWq/ross-county-vouS5j6r/#QBw26Z7E,2024-08-31 16:45,Ross County,Aberdeen,0,1,1.816,1.914,1.88,1.95,5
2024-2025,https://www.oddsportal.com/football/h2h/aberdeen-AmdbMiWq/ross-county-vouS5j6r/#dAMkbQpC,2025-01-02 16:00,Aberdeen,Ross County,1,2,1.752,1.982,1.8,2.0,6
2024-2025,https://www.oddsportal.com/football/h2h/aberdeen-AmdbMiWq/st-johnstone-ULK83EjM/#6ROST2I6,2024-12-07 16:00,Aberdeen,St Johnstone,1,1,1.785,1.94,1.84,1.95,6
2024-2025,https://www.oddsportal.com/football/h2h/aberdeen-AmdbMiWq/st-johnstone-ULK83EjM/#IVgnuxhI,2024-08-05 19:00,St Johnstone,Aberdeen,1,2,1.748,2.0,1.78,2.02,5
2024-2025,https://www.oddsportal.com/football/h2h/aberdeen-AmdbMiWq/st-johnstone-ULK83EjM/#jRlYvc1l,2025-03-15 16:00,St Johnstone,Aberdeen,0,0,1.767,1.97,1.8,2.02,6
2024-2025,https://www.oddsportal.com/football/h2h/aberdeen-AmdbMiWq/st-mirren-tAVXZEyT/#fPWODjS8,2024-11-23 17:00,St. Mirren,Aberdeen,2,1,1.742,1.993,1.78,2.05,6
2024-2025,https://www.oddsportal.com/football/h2h/aberdeen-AmdbMiWq/st-mirren-tAVXZEyT/#jVjE8z44,2025-05-03 14:00,St. Mirren,Aberdeen,1,0,1.665,2.108,1.7,2.2,6
2024-2025,https://www.oddsportal.com/football/h2h/aberdeen-AmdbMiWq/st-mirren-tAVXZEyT/#jqhfwGMU,2024-08-11 14:00,Aberdeen,St. Mirren,3,1,1.848,1.902,1.91,1.94,5
2024-2025,https://www.oddsportal.com/football/h2h/aberdeen-AmdbMiWq/st-mirren-tAVXZEyT/#xOMFjurA,2025-01-25 16:00,Aberdeen,St. Mirren,0,3,1.747,2.0,1.78,2.05,6
2024-2025,https://www.oddsportal.com/football/h2h/ayr-ruTxaWrd/partick-d8M05zM9/#KYY8lCmA,2025-05-09 18:45,Ayr,Partick Thistle,0,2,1.663,2.08,1.7,2.1,6
2024-2025,https://www.oddsportal.com/football/h2h/ayr-ruTxaWrd/partick-d8M05zM9/#bJp0jYIc,2025-05-06 18:45,Partick Thistle,Ayr,0,1,1.732,1.99,1.75,2.02,6
2024-2025,https://www.oddsportal.com/football/h2h/celtic-QFKRRD8M/dundee-fc-hjIyrgaj/#WOvlYWRr,2025-02-05 20:45,Celtic,Dundee FC,6,0,2.228,1.58,2.25,1.62,6
2024-2025,https://www.oddsportal.com/football/h2h/celtic-QFKRRD8M/dundee-fc-hjIyrgaj/#nq5rOXoo,2025-01-14 21:00,Dundee FC,Celtic,3,3,2.022,1.728,2.08,1.75,6
2024-2025,https://www.oddsportal.com/football/h2h/celtic-QFKRRD8M/dundee-fc-hjIyrgaj/#rBIEspW6,2024-10-30 20:45,Celtic,Dundee FC,2,0,1.86,1.877,1.96,1.93,6
2024-2025,https://www.oddsportal.com/football/h2h/celtic-QFKRRD8M/dundee-utd-8QEB2FFp/#Qcv6W1wC,2025-01-08 20:45,Celtic,Dundee Utd,2,0,2.207,1.603,2.25,1.63,6
2024-2025,https://www.oddsportal.com/football/h2h/celtic-QFKRRD8M/dundee-utd-8QEB2FFp/#SASmd6Es,2025-04-26 11:30,Dundee Utd,Celtic,0,5,1.698,2.06,1.73,2.15,6
2024-2025,https://www.oddsportal.com/football/h2h/celtic-QFKRRD8M/dundee-utd-8QEB2FFp/#ShVKeRP6,2025-02-15 16:00,Celtic,Dundee Utd,3,0,1.985,1.757,2.1,1.83,6
2024-2025,https://www.oddsportal.com/football/h2h/celtic-QFKRRD8M/dundee-utd-8QEB2FFp/#fLtDdhhA,2024-12-22 13:00,Dundee Utd,Celtic,0,0,1.722,2.02,1.76,2.07,6
2024-2025,https://www.oddsportal.com/football/h2h/celtic-QFKRRD8M/hearts-0rGrwwNc/#K6tkyF0D,2025-03-29 16:00,Celtic,Hearts,3,0,1.877,1.873,1.91,1.91,6
2024-2025,https://www.oddsportal.com/football/h2h/celtic-QFKRRD8M/hearts-0rGrwwNc/#KfGlCwi4,2024-11-23 20:45,Hearts,Celtic,1,4,1.69,2.073,1.72,2.14,6
2024-2025,https://www.oddsportal.com/football/h2h/celtic-QFKRRD8M/hearts-0rGrwwNc/#xCYscVU0,2024-09-14 14:00,Celtic,Hearts,2,0,1.98,1.764,2.05,1.84,5
2024-2025,https://www.oddsportal.com/football/h2h/celtic-QFKRRD8M/hibernian-f5Fnxcx4/#2gIyStmJ,2024-12-07 16:00,Celtic,Hibernian,3,0,1.955,1.778,2.02,1.83,6
2024-2025,https://www.oddsportal.com/football/h2h/celtic-QFKRRD8M/hibernian-f5Fnxcx4/#8tpJ8YKh,2025-02-22 13:30,Hibernian,Celtic,2,1,1.775,1.963,1.8,2.05,6
2024-2025,https://www.oddsportal.com/football/h2h/celtic-QFKRRD8M/hibernian-f5Fnxcx4/#A1biJFnd,2024-08-11 11:30,Hibernian,Celtic,0,2,1.652,2.118,1.67,2.15,5
2024-2025,https://www.oddsportal.com/football/h2h/celtic-QFKRRD8M/hibernian-f5Fnxcx4/#YD84JiIM,2025-05-10 14:00,Celtic,Hibernian,3,1,1.75,1.987,1.78,2.02,6
2024-2025,https://www.oddsportal.com/football/h2h/celtic-QFKRRD8M/kilmarnock-jX8ezy7G/#CY4Q5Q54,2025-04-12 11:30,Celtic,Kilmarnock,5,1,1.962,1.77,2.0,1.8,6
2024-2025,https://www.oddsportal.com/football/h2h/celtic-QFKRRD8M/kilmarnock-jX8ezy7G/#EwcVrKhg,2024-08-04 15:30,Celtic,Kilmarnock,4,0,2.14,1.642,2.2,1.67,5
2024-2025,https://www.oddsportal.com/football/h2h/celtic-QFKRRD8M/kilmarnock-jX8ezy7G/#QXfFcvxB,2024-11-10 16:00,Kilmarnock,Celtic,0,2,1.933,1.797,2.0,1.83,6
2024-2025,https://www.oddsportal.com/football/h2h/celtic-QFKRRD8M/motherwell-YuW7ZfMM/#EXLwtXf2,2024-10-27 16:00,Motherwell,Celtic,0,3,1.84,1.907,1.91,1.95,6
2024-2025,https://www.oddsportal.com/football/h2h/celtic-QFKRRD8M/motherwell-YuW7ZfMM/#Kjt1iIXR,2024-12-26 16:00,Celtic,Motherwell,4,0,2.003,1.738,2.05,1.76,6
2024-2025,https://www.oddsportal.com/football/h2h/celtic-QFKRRD8M/motherwell-YuW7ZfMM/#SUnY4V2K,2025-02-02 16:00,Motherwell,Celtic,1,3,2.183,1.625,2.2,1.65,6
2024-2025,https://www.oddsportal.com/football/h2h/celtic-QFKRRD8M/rangers-8vAWQXNS/#0xzjSJHr,2025-03-16 13:30,Celtic,Rangers,2,3,1.643,2.135,1.67,2.16,6
2024-2025,https://www.oddsportal.com/football/h2h/celtic-QFKRRD8M/rangers-8vAWQXNS/#4GqHEoVh,2025-01-02 16:00,Rangers,Celtic,3,0,1.5,2.45,1.53,2.5,6
2024-2025,https://www.oddsportal.com/football/h2h/celtic-QFKRRD8M/rangers-8vAWQXNS/#QcbTizgL,2024-09-01 11:30,Celtic,Rangers,3,0,1.574,2.286,1.6,2.35,5
2024-2025,https://www.oddsportal.com/football/h2h/celtic-QFKRRD8M/rangers-8vAWQXNS/#ncpN6EYG,2025-05-04 11:00,Rangers,Celtic,1,1,1.427,2.657,1.45,2.74,6
2024-2025,https://www.oddsportal.com/football/h2h/celtic-QFKRRD8M/ross-county-vouS5j6r/#MaQkMx4T,2024-10-06 11:00,Ross County,Celtic,1,2,1.996,1.746,2.1,1.78,5
2024-2025,https://www.oddsportal.com/football/h2h/celtic-QFKRRD8M/ross-county-vouS5j6r/#SxVWBUdL,2024-11-30 16:00,Celtic,Ross County,5,0,2.353,1.528,2.38,1.55,6
2024-2025,https://www.oddsportal.com/football/h2h/celtic-QFKRRD8M/ross-county-vouS5j6r/#jVtLUcLj,2025-01-11 13:30,Ross County,Celtic,1,4,2.088,1.672,2.16,1.7,6
2024-2025,https://www.oddsportal.com/football/h2h/celtic-QFKRRD8M/st-johnstone-ULK83EjM/#OCOVqqqo,2025-04-06 11:00,St Johnstone,Celtic,1,0,2.312,1.542,2.42,1.57,6
2024-2025,https://www.oddsportal.com/football/h2h/celtic-QFKRRD8M/st-johnstone-ULK83EjM/#UPi60eAr,2024-12-29 16:00,Celtic,St Johnstone,4,0,2.43,1.507,2.5,1.55,6
2024-2025,https://www.oddsportal.com/football/h2h/celtic-QFKRRD8M/st-johnstone-ULK83EjM/#zq289aKN,2024-09-28 16:45,St Johnstone,Celtic,0,6,2.014,1.734,2.05,1.75,5
2024-2025,https://www.oddsportal.com/football/h2h/celtic-QFKRRD8M/st-mirren-tAVXZEyT/#46lKXufL,2025-03-01 18:30,St. Mirren,Celtic,2,5,2.018,1.732,2.05,1.75,6
2024-2025,https://www.oddsportal.com/football/h2h/celtic-QFKRRD8M/st-mirren-tAVXZEyT/#CYz5njn9,2025-05-17 11:30,Celtic,St. Mirren,1,1,1.758,1.983,1.8,2.05,6
2024-2025,https://www.oddsportal.com/football/h2h/celtic-QFKRRD8M/st-mirren-tAVXZEyT/#KCZu9saU,2025-01-05 16:00,Celtic,St. Mirren,3,0,2.347,1.533,2.55,1.6,6
2024-2025,https://www.oddsportal.com/football/h2h/celtic-QFKRRD8M/st-mirren-tAVXZEyT/#hp0LgdO8,2024-08-25 11:00,St. Mirren,Celtic,0,3,2.116,1.664,2.18,1.7,5
2024-2025,https://www.oddsportal.com/football/h2h/dundee-fc-hjIyrgaj/dundee-utd-8QEB2FFp/#d4TbQcne,2025-03-16 16:00,Dundee Utd,Dundee FC,2,4,1.765,1.972,1.8,2.05,6
2024-2025,https://www.oddsportal.com/football/h2h/dundee-fc-hjIyrgaj/dundee-utd-8QEB2FFp/#hO8MptOt,2024-08-04 12:30,Dundee Utd,Dundee FC,2,2,1.802,1.93,1.84,1.95,5
2024-2025,https://www.oddsportal.com/football/h2h/dundee-fc-hjIyrgaj/dundee-utd-8QEB2FFp/#nayYA3UH,2025-01-02 18:30,Dundee FC,Dundee Utd,1,2,1.613,2.197,1.66,2.25,6
2024-2025,https://www.oddsportal.com/football/h2h/dundee-fc-hjIyrgaj/hearts-0rGrwwNc/#C4ofpO2m,2024-12-07 16:00,Hearts,Dundee FC,2,0,1.707,2.043,1.73,2.06,6
2024-2025,https://www.oddsportal.com/football/h2h/dundee-fc-hjIyrgaj/hearts-0rGrwwNc/#G25rLyIq,2024-08-10 16:30,Dundee FC,Hearts,3,1,1.574,2.286,1.6,2.35,5
2024-2025,https://www.oddsportal.com/football/h2h/dundee-fc-hjIyrgaj/hearts-0rGrwwNc/#djK4hOD6,2025-04-26 14:00,Hearts,Dundee FC,0,1,1.892,1.837,1.95,1.88,6
2024-2025,https://www.oddsportal.com/football/h2h/dundee-fc-hjIyrgaj/hearts-0rGrwwNc/#pADUpABl,2025-02-01 16:00,Dundee FC,Hearts,0,6,1.673,2.092,1.7,2.15,6
2024-2025,https://www.oddsportal.com/football/h2h/dundee-fc-hjIyrgaj/hibernian-f5Fnxcx4/#6mrfwyvS,2024-08-24 14:00,Hibernian,Dundee FC,2,2,1.604,2.224,1.62,2.25,5
2024-2025,https://www.oddsportal.com/football/h2h/dundee-fc-hjIyrgaj/hibernian-f5Fnxcx4/#OSMuEaMi,2024-11-23 18:45,Dundee FC,Hibernian,4,1,1.67,2.087,1.7,2.15,6
2024-2025,https://www.oddsportal.com/football/h2h/dundee-fc-hjIyrgaj/hibernian-f5Fnxcx4/#tEds2r5T,2025-04-13 13:30,Hibernian,Dundee FC,4,0,1.737,2.003,1.78,2.04,6
2024-2025,https://www.oddsportal.com/football/h2h/dundee-fc-hjIyrgaj/kilmarnock-jX8ezy7G/#hfmV4h3T,2025-05-10 14:00,Kilmarnock,Dundee FC,3,2,1.67,2.092,1.7,2.1,6
2024-2025,https://www.oddsportal.com/football/h2h/dundee-fc-hjIyrgaj/kilmarnock-jX8ezy7G/#j7bYw2b4,2024-11-03 16:00,Dundee FC,Kilmarnock,3,2,1.727,2.015,1.76,2.07,6
2024-2025,https://www.oddsportal.com/football/h2h/dundee-fc-hjIyrgaj/kilmarnock-jX8ezy7G/#nNVQRtzh,2024-10-05 14:00,Dundee FC,Kilmarnock,2,3,1.714,2.032,1.75,2.07,5
2024-2025,https://www.oddsportal.com/football/h2h/dundee-fc-hjIyrgaj/kilmarnock-jX8ezy7G/#vwQC2QJ7,2024-11-30 16:00,Kilmarnock,Dundee FC,1,1,1.68,2.082,1.7,2.15,6
2024-2025,https://www.oddsportal.com/football/h2h/dundee-fc-hjIyrgaj/motherwell-YuW7ZfMM/#Agpv7NSa,2025-05-03 14:00,Dundee FC,Motherwell,1,2,1.658,2.105,1.7,2.15,6
2024-2025,https://www.oddsportal.com/football/h2h/dundee-fc-hjIyrgaj/motherwell-YuW7ZfMM/#dUCkaLmd,2025-02-26 20:45,Motherwell,Dundee FC,,,1.74,1.995,1.76,2.02,6
2024-2025,https://www.oddsportal.com/football/h2h/dundee-fc-hjIyrgaj/motherwell-YuW7ZfMM/#h4hdTgBd,2024-10-19 14:00,Motherwell,Dundee FC,0,1,1.615,2.193,1.66,2.25,6
2024-2025,https://www.oddsportal.com/football/h2h/dundee-fc-hjIyrgaj/motherwell-YuW7ZfMM/#htjnHPY0,2024-12-04 20:45,Dundee FC,Motherwell,4,1,1.658,2.112,1.68,2.15,6
2024-2025,https://www.oddsportal.com/football/h2h/dundee-fc-hjIyrgaj/rangers-8vAWQXNS/#UTBarW7t,2025-03-29 18:30,Dundee FC,Rangers,3,4,1.717,2.042,1.75,2.1,6
2024-2025,https://www.oddsportal.com/football/h2h/dundee-fc-hjIyrgaj/rangers-8vAWQXNS/#WA96Uu8O,2025-01-09 21:00,Dundee FC,Rangers,1,1,1.783,1.943,1.82,2.0,6
2024-2025,https://www.oddsportal.com/football/h2h/dundee-fc-hjIyrgaj/rangers-8vAWQXNS/#YZJamlFd,2024-12-21 16:00,Rangers,Dundee FC,1,0,2.242,1.583,2.3,1.63,6
2024-2025,https://www.oddsportal.com/football/h2h/dundee-fc-hjIyrgaj/ross-county-vouS5j6r/#4fhOZC23,2025-05-14 18:45,Dundee FC,Ross County,1,1,1.635,2.143,1.67,2.2,6
2024-2025,https://www.oddsportal.com/football/h2h/dundee-fc-hjIyrgaj/ross-county-vouS5j6r/#GCWZ4jKH,2025-02-22 16:00,Ross County,Dundee FC,3,1,1.812,1.918,1.88,1.95,6
2024-2025,https://www.oddsportal.com/football/h2h/dundee-fc-hjIyrgaj/ross-county-vouS5j6r/#dG58DjFs,2024-09-14 14:00,Ross County,Dundee FC,2,0,1.634,2.174,1.67,2.22,5
2024-2025,https://www.oddsportal.com/football/h2h/dundee-fc-hjIyrgaj/ross-county-vouS5j6r/#l6WWodek,2024-12-26 16:00,Dundee FC,Ross County,0,3,1.785,1.94,1.82,1.95,6
2024-2025,https://www.oddsportal.com/football/h2h/dundee-fc-hjIyrgaj/st-johnstone-ULK83EjM/#MZtamF2S,2024-10-26 14:00,Dundee FC,St Johnstone,1,2,1.755,1.982,1.8,2.0,6
2024-2025,https://www.oddsportal.com/football/h2h/dundee-fc-hjIyrgaj/st-johnstone-ULK83EjM/#UwXpqxcE,2025-05-18 14:00,St Johnstone,Dundee FC,0,2,1.642,2.15,1.67,2.2,6
2024-2025,https://www.oddsportal.com/football/h2h/dundee-fc-hjIyrgaj/st-johnstone-ULK83EjM/#j3OpJtuS,2025-03-01 16:00,Dundee FC,St Johnstone,1,1,1.723,2.027,1.75,2.1,6
2024-2025,https://www.oddsportal.com/football/h2h/dundee-fc-hjIyrgaj/st-johnstone-ULK83EjM/#vBeoIKyo,2025-01-05 16:00,St Johnstone,Dundee FC,1,3,1.653,2.125,1.7,2.2,6
2024-2025,https://www.oddsportal.com/football/h2h/dundee-fc-hjIyrgaj/st-mirren-tAVXZEyT/#OdOs0nGa,2024-12-29 16:00,St. Mirren,Dundee FC,1,2,1.768,1.963,1.8,2.0,6
2024-2025,https://www.oddsportal.com/football/h2h/dundee-fc-hjIyrgaj/st-mirren-tAVXZEyT/#SleXz66U,2025-04-05 14:00,Dundee FC,St. Mirren,2,0,1.648,2.125,1.7,2.25,6
2024-2025,https://www.oddsportal.com/football/h2h/dundee-fc-hjIyrgaj/st-mirren-tAVXZEyT/#pru0nEGr,2024-08-31 14:00,Dundee FC,St. Mirren,2,2,1.708,2.062,1.72,2.1,5
2024-2025,https://www.oddsportal.com/football/h2h/dundee-utd-8QEB2FFp/hearts-0rGrwwNc/#Ukmze9in,2025-04-06 13:30,Hearts,Dundee Utd,0,1,1.84,1.907,1.91,1.95,6
2024-2025,https://www.oddsportal.com/football/h2h/dundee-utd-8QEB2FFp/hearts-0rGrwwNc/#xjc7phoe,2024-09-01 14:00,Hearts,Dundee Utd,0,1,1.766,1.976,1.8,2.0,5
2024-2025,https://www.oddsportal.com/football/h2h/dundee-utd-8QEB2FFp/hibernian-f5Fnxcx4/#06gfF33D,2024-11-03 16:00,Hibernian,Dundee Utd,,,1.797,1.933,1.83,1.98,6
2024-2025,https://www.oddsportal.com/football/h2h/dundee-utd-8QEB2FFp/hibernian-f5Fnxcx4/#W8Yn51cC,2025-05-03 14:00,Hibernian,Dundee Utd,3,1,1.763,1.972,1.8,2.05,6
2024-2025,https://www.oddsportal.com/football/h2h/dundee-utd-8QEB2FFp/hibernian-f5Fnxcx4/#bZU28PQ9,2025-02-26 20:45,Dundee Utd,Hibernian,1,3,1.915,1.808,1.95,1.85,6
2024-2025,https://www.oddsportal.com/football/h2h/dundee-utd-8QEB2FFp/hibernian-f5Fnxcx4/#htA9xblA,2024-10-19 14:00,Dundee Utd,Hibernian,3,2,1.687,2.07,1.7,2.1,6
2024-2025,https://www.oddsportal.com/football/h2h/dundee-utd-8QEB2FFp/kilmarnock-jX8ezy7G/#SW9NkpuQ,2024-12-07 16:00,Dundee Utd,Kilmarnock,1,1,1.862,1.887,1.91,1.95,6
2024-2025,https://www.oddsportal.com/football/h2h/dundee-utd-8QEB2FFp/kilmarnock-jX8ezy7G/#nZ9osSAD,2025-02-01 18:45,Kilmarnock,Dundee Utd,1,0,1.758,1.978,1.8,2.05,6
2024-2025,https://www.oddsportal.com/football/h2h/dundee-utd-8QEB2FFp/kilmarnock-jX8ezy7G/#pz7qF3jn,2024-09-28 14:00,Kilmarnock,Dundee Utd,3,3,1.844,1.898,1.91,1.93,5
2024-2025,https://www.oddsportal.com/football/h2h/dundee-utd-8QEB2FFp/motherwell-YuW7ZfMM/#0GtBAfjt,2025-02-22 16:00,Dundee Utd,Motherwell,1,0,1.813,1.913,1.86,1.95,6
2024-2025,https://www.oddsportal.com/football/h2h/dundee-utd-8QEB2FFp/motherwell-YuW7ZfMM/#f71vrgwH,2024-12-14 16:00,Motherwell,Dundee Utd,4,3,1.767,1.965,1.8,2.02,6
2024-2025,https://www.oddsportal.com/football/h2h/dundee-utd-8QEB2FFp/motherwell-YuW7ZfMM/#l8LMuO0J,2024-10-30 20:45,Dundee Utd,Motherwell,1,2,1.747,1.973,1.8,2.05,6
2024-2025,https://www.oddsportal.com/football/h2h/dundee-utd-8QEB2FFp/rangers-8vAWQXNS/#C2YeAHLG,2024-11-23 16:45,Rangers,Dundee Utd,1,1,1.977,1.755,2.0,1.78,6
2024-2025,https://www.oddsportal.com/football/h2h/dundee-utd-8QEB2FFp/rangers-8vAWQXNS/#l0kAQ8Pk,2025-05-14 18:45,Rangers,Dundee Utd,3,1,1.653,2.125,1.7,2.2,6
2024-2025,https://www.oddsportal.com/football/h2h/dundee-utd-8QEB2FFp/rangers-8vAWQXNS/#pxxje9aD,2024-09-15 11:00,Dundee Utd,Rangers,0,1,1.752,1.98,1.77,2.0,5
2024-2025,https://www.oddsportal.com/football/h2h/dundee-utd-8QEB2FFp/rangers-8vAWQXNS/#vkrdWAde,2025-01-26 13:00,Dundee Utd,Rangers,1,3,1.672,2.098,1.7,2.15,6
2024-2025,https://www.oddsportal.com/football/h2h/dundee-utd-8QEB2FFp/ross-county-vouS5j6r/#A3wBwpYA,2024-08-10 14:00,Ross County,Dundee Utd,1,1,1.712,2.038,1.74,2.05,5
2024-2025,https://www.oddsportal.com/football/h2h/dundee-utd-8QEB2FFp/ross-county-vouS5j6r/#b93Gvl75,2025-03-30 13:30,Ross County,Dundee Utd,0,1,1.798,1.93,1.84,1.95,6
2024-2025,https://www.oddsportal.com/football/h2h/dundee-utd-8QEB2FFp/ross-county-vouS5j6r/#dh3b1Mxn,2024-11-09 16:00,Dundee Utd,Ross County,3,0,1.957,1.777,2.04,1.8,6
2024-2025,https://www.oddsportal.com/football/h2h/dundee-utd-8QEB2FFp/st-johnstone-ULK83EjM/#Kb8Y34zH,2025-04-12 14:00,Dundee Utd,St Johnstone,1,0,1.932,1.803,1.96,1.83,6
2024-2025,https://www.oddsportal.com/football/h2h/dundee-utd-8QEB2FFp/st-johnstone-ULK83EjM/#bNvnuc9F,2024-08-24 14:00,Dundee Utd,St Johnstone,2,0,1.814,1.916,1.84,1.95,5
2024-2025,https://www.oddsportal.com/football/h2h/dundee-utd-8QEB2FFp/st-johnstone-ULK83EjM/#xSCR7wI8,2024-12-26 16:00,St Johnstone,Dundee Utd,1,2,1.88,1.843,1.95,1.9,6
2024-2025,https://www.oddsportal.com/football/h2h/dundee-utd-8QEB2FFp/st-mirren-tAVXZEyT/#00AdLDmA,2025-05-10 14:00,Dundee Utd,St. Mirren,0,2,,,,,0
2024-2025,https://www.oddsportal.com/football/h2h/dundee-utd-8QEB2FFp/st-mirren-tAVXZEyT/#4AO7h1Dc,2025-01-11 16:00,St. Mirren,Dundee Utd,0,1,,,,,0
2024-2025,https://www.oddsportal.com/football/h2h/dundee-utd-8QEB2FFp/st-mirren-tAVXZEyT/#AcYe68Kr,2024-11-30 16:00,Dundee Utd,St. Mirren,2,0,,,,,0
2024-2025,https://www.oddsportal.com/football/h2h/dundee-utd-8QEB2FFp/st-mirren-tAVXZEyT/#tp7MGGRj,2024-10-05 14:00,St. Mirren,Dundee Utd,0,1,1.808,1.932,1.86,1.98,5
2024-2025,https://www.oddsportal.com/football/h2h/hearts-0rGrwwNc/hibernian-f5Fnxcx4/#MoFGDK2k,2025-03-02 13:30,Hibernian,Hearts,2,1,1.662,2.117,1.7,2.2,6
2024-2025,https://www.oddsportal.com/football/h2h/hearts-0rGrwwNc/hibernian-f5Fnxcx4/#OOnhgv3F,2024-12-26 13:30,Hearts,Hibernian,1,2,1.69,2.067,1.72,2.1,6
2024-2025,https://www.oddsportal.com/football/h2h/hearts-0rGrwwNc/hibernian-f5Fnxcx4/#hIXUsgQk,2024-10-27 13:00,Hibernian,Hearts,1,1,1.727,2.023,1.75,2.05,6
2024-2025,https://www.oddsportal.com/football/h2h/hearts-0rGrwwNc/kilmarnock-jX8ezy7G/#04W4UlR7,2025-01-25 16:00,Hearts,Kilmarnock,3,2,1.88,1.852,1.95,1.9,6
2024-2025,https://www.oddsportal.com/football/h2h/hearts-0rGrwwNc/kilmarnock-jX8ezy7G/#QZeJu6GP,2024-10-30 20:45,Hearts,Kilmarnock,1,2,1.797,1.927,1.84,1.95,6
2024-2025,https://www.oddsportal.com/football/h2h/hearts-0rGrwwNc/kilmarnock-jX8ezy7G/#YiDVqF84,2024-12-15 16:00,Kilmarnock,Hearts,1,0,1.842,1.893,1.91,1.91,6
2024-2025,https://www.oddsportal.com/football/h2h/hearts-0rGrwwNc/kilmarnock-jX8ezy7G/#vk4hwn9e,2025-05-18 14:00,Kilmarnock,Hearts,0,1,1.598,2.213,1.64,2.25,6
2024-2025,https://www.oddsportal.com/football/h2h/hearts-0rGrwwNc/motherwell-YuW7ZfMM/#4YGmNZIc,2025-05-10 14:00,Hearts,Motherwell,3,0,1.732,2.018,1.75,2.06,6
2024-2025,https://www.oddsportal.com/football/h2h/hearts-0rGrwwNc/motherwell-YuW7ZfMM/#hxGbd4FO,2025-01-02 16:00,Hearts,Motherwell,1,0,1.847,1.903,1.91,1.93,6
2024-2025,https://www.oddsportal.com/football/h2h/hearts-0rGrwwNc/motherwell-YuW7ZfMM/#jLJQXE1k,2024-08-25 14:00,Motherwell,Hearts,3,1,1.754,2.0,1.8,2.05,5
2024-2025,https://www.oddsportal.com/football/h2h/hearts-0rGrwwNc/motherwell-YuW7ZfMM/#xbcCdMSj,2025-04-12 14:00,Motherwell,Hearts,0,0,1.778,1.952,1.8,2.0,6
2024-2025,https://www.oddsportal.com/football/h2h/hearts-0rGrwwNc/rangers-8vAWQXNS/#80z4Sb8C,2024-08-03 11:30,Hearts,Rangers,0,0,1.574,2.284,1.62,2.32,5
2024-2025,https://www.oddsportal.com/football/h2h/hearts-0rGrwwNc/rangers-8vAWQXNS/#E1w8H8nQ,2025-02-16 13:00,Hearts,Rangers,1,3,1.658,2.112,1.7,2.15,6
2024-2025,https://www.oddsportal.com/football/h2h/hearts-0rGrwwNc/rangers-8vAWQXNS/#WYZgjdUp,2024-11-10 18:00,Rangers,Hearts,1,0,1.73,2.02,1.76,2.15,6
2024-2025,https://www.oddsportal.com/football/h2h/hearts-0rGrwwNc/ross-county-vouS5j6r/#29AJngso,2025-05-03 14:00,Ross County,Hearts,1,3,1.918,1.803,1.95,1.85,6
2024-2025,https://www.oddsportal.com/football/h2h/hearts-0rGrwwNc/ross-county-vouS5j6r/#4UW6OyH7,2025-03-15 16:00,Hearts,Ross County,2,0,2.042,1.703,2.1,1.75,6
2024-2025,https://www.oddsportal.com/football/h2h/hearts-0rGrwwNc/ross-county-vouS5j6r/#KfjY7nqJ,2024-09-28 14:00,Hearts,Ross County,1,1,1.906,1.83,1.95,1.86,5
2024-2025,https://www.oddsportal.com/football/h2h/hearts-0rGrwwNc/ross-county-vouS5j6r/#UcVY18om,2024-12-29 16:00,Ross County,Hearts,2,2,1.798,1.937,1.84,1.95,6
2024-2025,https://www.oddsportal.com/football/h2h/hearts-0rGrwwNc/st-johnstone-ULK83EjM/#2opLfWMM,2024-12-22 16:00,Hearts,St Johnstone,2,1,1.917,1.802,1.95,1.82,6
2024-2025,https://www.oddsportal.com/football/h2h/hearts-0rGrwwNc/st-johnstone-ULK83EjM/#ADl8nr4j,2025-02-23 13:00,St Johnstone,Hearts,1,2,1.75,1.985,1.8,2.0,6
2024-2025,https://www.oddsportal.com/football/h2h/hearts-0rGrwwNc/st-johnstone-ULK83EjM/#CKeWXjXF,2025-05-14 18:45,Hearts,St Johnstone,2,1,1.807,1.917,1.86,1.95,6
2024-2025,https://www.oddsportal.com/football/h2h/hearts-0rGrwwNc/st-johnstone-ULK83EjM/#jFtXp1h5,2024-11-02 16:00,St Johnstone,Hearts,1,2,1.732,2.012,1.75,2.05,6
2024-2025,https://www.oddsportal.com/football/h2h/hearts-0rGrwwNc/st-mirren-tAVXZEyT/#06DHzxJM,2024-10-19 14:00,Hearts,St. Mirren,4,0,1.782,1.955,1.8,2.0,6
2024-2025,https://www.oddsportal.com/football/h2h/hearts-0rGrwwNc/st-mirren-tAVXZEyT/#4WXA63eM,2025-02-26 20:45,Hearts,St. Mirren,3,1,1.842,1.9,1.91,1.92,6
2024-2025,https://www.oddsportal.com/football/h2h/hearts-0rGrwwNc/st-mirren-tAVXZEyT/#YDQKVOmf,2024-09-21 14:00,St. Mirren,Hearts,2,1,1.782,1.968,1.8,2.0,5
2024-2025,https://www.oddsportal.com/football/h2h/hibernian-f5Fnxcx4/kilmarnock-jX8ezy7G/#b5oGrWF7,2024-09-01 14:00,Kilmarnock,Hibernian,1,1,1.76,1.972,1.82,2.0,5
2024-2025,https://www.oddsportal.com/football/h2h/hibernian-f5Fnxcx4/kilmarnock-jX8ezy7G/#pQ9gnu9E,2025-03-15 16:00,Kilmarnock,Hibernian,1,1,1.782,1.953,1.84,2.0,6
2024-2025,https://www.oddsportal.com/football/h2h/hibernian-f5Fnxcx4/kilmarnock-jX8ezy7G/#r3QEdD97,2024-12-29 16:00,Hibernian,Kilmarnock,1,0,1.738,2.017,1.78,2.05,6
2024-2025,https://www.oddsportal.com/football/h2h/hibernian-f5Fnxcx4/motherwell-YuW7ZfMM/#6qIbQTBE,2024-11-30 16:00,Motherwell,Hibernian,0,3,1.69,2.067,1.72,2.1,6
2024-2025,https://www.oddsportal.com/football/h2h/hibernian-f5Fnxcx4/motherwell-YuW7ZfMM/#bX1txtTG,2025-01-11 16:00,Hibernian,Motherwell,3,1,1.872,1.868,1.91,1.91,6
2024-2025,https://www.oddsportal.com/football/h2h/hibernian-f5Fnxcx4/motherwell-YuW7ZfMM/#hKYYPK44,2024-10-05 14:00,Hibernian,Motherwell,1,2,1.786,1.948,1.8,1.96,5
2024-2025,https://www.oddsportal.com/football/h2h/hibernian-f5Fnxcx4/rangers-8vAWQXNS/#bVviiRjB,2025-04-05 14:00,Rangers,Hibernian,0,2,1.64,2.135,1.67,2.16,6
2024-2025,https://www.oddsportal.com/football/h2h/hibernian-f5Fnxcx4/rangers-8vAWQXNS/#joNcROEb,2025-01-05 13:00,Hibernian,Rangers,3,3,1.672,2.09,1.7,2.15,6
2024-2025,https://www.oddsportal.com/football/h2h/hibernian-f5Fnxcx4/rangers-8vAWQXNS/#rNAqu8vq,2025-05-17 11:30,Hibernian,Rangers,2,2,1.383,2.823,1.4,2.92,6
2024-2025,https://www.oddsportal.com/football/h2h/hibernian-f5Fnxcx4/rangers-8vAWQXNS/#vH8aBLkB,2024-09-29 11:00,Rangers,Hibernian,1,0,1.918,1.81,1.95,1.83,5
2024-2025,https://www.oddsportal.com/football/h2h/hibernian-f5Fnxcx4/ross-county-vouS5j6r/#QR9Noyvh,2024-12-14 16:00,Hibernian,Ross County,3,1,2.0,1.743,2.02,1.78,6
2024-2025,https://www.oddsportal.com/football/h2h/hibernian-f5Fnxcx4/ross-county-vouS5j6r/#dInkzpvm,2024-10-30 20:45,Ross County,Hibernian,0,0,1.895,1.83,1.95,1.9,6
2024-2025,https://www.oddsportal.com/football/h2h/hibernian-f5Fnxcx4/ross-county-vouS5j6r/#hCYkhhJE,2025-01-25 16:00,Ross County,Hibernian,1,1,1.887,1.843,1.95,1.9,6
2024-2025,https://www.oddsportal.com/football/h2h/hibernian-f5Fnxcx4/st-johnstone-ULK83EjM/#QXExJCiK,2024-09-14 14:00,Hibernian,St Johnstone,2,0,1.786,1.952,1.83,2.0,5
2024-2025,https://www.oddsportal.com/football/h2h/hibernian-f5Fnxcx4/st-johnstone-ULK83EjM/#jXsPCPa5,2025-01-02 16:00,St Johnstone,Hibernian,1,1,1.693,2.068,1.74,2.1,6
2024-2025,https://www.oddsportal.com/football/h2h/hibernian-f5Fnxcx4/st-johnstone-ULK83EjM/#jq08tAxg,2025-03-29 16:00,Hibernian,St Johnstone,3,0,2.033,1.712,2.08,1.75,6
2024-2025,https://www.oddsportal.com/football/h2h/hibernian-f5Fnxcx4/st-mirren-tAVXZEyT/#4I66a07b,2024-11-09 16:00,Hibernian,St. Mirren,1,2,1.817,1.905,1.88,1.95,6
2024-2025,https://www.oddsportal.com/football/h2h/hibernian-f5Fnxcx4/st-mirren-tAVXZEyT/#M30wsbN5,2024-08-04 14:00,St. Mirren,Hibernian,3,0,1.71,2.046,1.73,2.07,5
2024-2025,https://www.oddsportal.com/football/h2h/hibernian-f5Fnxcx4/st-mirren-tAVXZEyT/#n9Qf849C,2025-02-16 15:00,St. Mirren,Hibernian,0,0,1.85,1.885,1.88,1.93,6
2024-2025,https://www.oddsportal.com/football/h2h/hibernian-f5Fnxcx4/st-mirren-tAVXZEyT/#pSrJOnf2,2025-05-14 18:45,St. Mirren,Hibernian,2,2,1.69,2.063,1.72,2.1,6
2024-2025,https://www.oddsportal.com/football/h2h/kilmarnock-jX8ezy7G/motherwell-YuW7ZfMM/#hU3vWU1S,2025-05-14 18:45,Motherwell,Kilmarnock,3,0,1.753,1.977,1.8,2.0,6
2024-2025,https://www.oddsportal.com/football/h2h/kilmarnock-jX8ezy7G/motherwell-YuW7ZfMM/#nJLikApp,2024-12-20 20:45,Motherwell,Kilmarnock,1,1,1.727,2.023,1.75,2.05,6
2024-2025,https://www.oddsportal.com/football/h2h/kilmarnock-jX8ezy7G/motherwell-YuW7ZfMM/#rkwPnNNh,2025-01-08 20:45,Kilmarnock,Motherwell,0,0,1.922,1.808,1.96,1.85,6
2024-2025,https://www.oddsportal.com/football/h2h/kilmarnock-jX8ezy7G/motherwell-YuW7ZfMM/#xGjrgmMb,2025-04-05 14:00,Kilmarnock,Motherwell,2,0,1.898,1.832,1.95,1.9,6
2024-2025,https://www.oddsportal.com/football/h2h/kilmarnock-jX8ezy7G/rangers-8vAWQXNS/#l49s1sJq,2025-02-26 21:00,Kilmarnock,Rangers,2,4,1.735,2.003,1.76,2.05,6
2024-2025,https://www.oddsportal.com/football/h2h/kilmarnock-jX8ezy7G/rangers-8vAWQXNS/#pvklVFtp,2024-10-20 11:00,Kilmarnock,Rangers,1,0,1.692,2.062,1.7,2.1,6
2024-2025,https://www.oddsportal.com/football/h2h/kilmarnock-jX8ezy7G/rangers-8vAWQXNS/#t2Wtw7eK,2024-12-04 20:45,Rangers,Kilmarnock,6,0,2.103,1.668,2.2,1.7,6
2024-2025,https://www.oddsportal.com/football/h2h/kilmarnock-jX8ezy7G/ross-county-vouS5j6r/#A7eBZ1P8,2025-03-01 16:00,Ross County,Kilmarnock,1,0,1.907,1.817,1.95,1.85,6
2024-2025,https://www.oddsportal.com/football/h2h/kilmarnock-jX8ezy7G/ross-county-vouS5j6r/#C0B6P2qB,2025-01-05 16:00,Kilmarnock,Ross County,0,1,2.015,1.727,2.05,1.76,6
2024-2025,https://www.oddsportal.com/football/h2h/kilmarnock-jX8ezy7G/ross-county-vouS5j6r/#EVQcoSWs,2024-10-26 14:00,Ross County,Kilmarnock,2,1,1.89,1.85,1.91,1.91,6
2024-2025,https://www.oddsportal.com/football/h2h/kilmarnock-jX8ezy7G/ross-county-vouS5j6r/#jkDDj2rJ,2025-04-26 14:00,Kilmarnock,Ross County,2,0,2.027,1.712,2.06,1.75,6
2024-2025,https://www.oddsportal.com/football/h2h/kilmarnock-jX8ezy7G/st-johnstone-ULK83EjM/#IHh6AdZi,2025-05-03 14:00,St Johnstone,Kilmarnock,0,2,1.802,1.937,1.86,1.95,6
2024-2025,https://www.oddsportal.com/football/h2h/kilmarnock-jX8ezy7G/st-johnstone-ULK83EjM/#bZEvCnAm,2025-02-15 16:00,Kilmarnock,St Johnstone,3,1,1.967,1.768,2.0,1.83,6
2024-2025,https://www.oddsportal.com/football/h2h/kilmarnock-jX8ezy7G/st-johnstone-ULK83EjM/#tOofsSYo,2024-08-11 14:00,Kilmarnock,St Johnstone,0,3,1.826,1.908,1.84,1.95,5
2024-2025,https://www.oddsportal.com/football/h2h/kilmarnock-jX8ezy7G/st-johnstone-ULK83EjM/#vHlxjmz2,2024-11-23 16:00,St Johnstone,Kilmarnock,1,0,1.752,1.988,1.8,2.05,6
2024-2025,https://www.oddsportal.com/football/h2h/kilmarnock-jX8ezy7G/st-mirren-tAVXZEyT/#fycPxSyI,2025-03-29 16:00,St. Mirren,Kilmarnock,5,1,1.872,1.875,1.91,1.91,6
2024-2025,https://www.oddsportal.com/football/h2h/kilmarnock-jX8ezy7G/st-mirren-tAVXZEyT/#jFbHBUqf,2024-09-14 14:00,St. Mirren,Kilmarnock,2,2,1.948,1.798,1.98,1.83,5
2024-2025,https://www.oddsportal.com/football/h2h/kilmarnock-jX8ezy7G/st-mirren-tAVXZEyT/#r1e8G70t,2025-01-02 16:00,Kilmarnock,St. Mirren,2,0,1.792,1.933,1.86,1.95,6
2024-2025,https://www.oddsportal.com/football/h2h/livingston-MoYV5dic/partick-d8M05zM9/#4Q8Lcz3F,2025-05-16 18:45,Livingston,Partick Thistle,2,0,1.912,1.795,1.95,1.85,6
2024-2025,https://www.oddsportal.com/football/h2h/livingston-MoYV5dic/partick-d8M05zM9/#d05DadY2,2025-05-13 18:45,Partick Thistle,Livingston,0,2,1.778,1.928,1.82,2.0,6
2024-2025,https://www.oddsportal.com/football/h2h/livingston-MoYV5dic/ross-county-vouS5j6r/#Im1rx7ae,2025-05-22 19:00,Livingston,Ross County,1,1,1.822,1.91,1.91,1.95,6
2024-2025,https://www.oddsportal.com/football/h2h/livingston-MoYV5dic/ross-county-vouS5j6r/#QD4jzoU7,2025-05-26 19:00,Ross County,Livingston,2,4,1.893,1.815,1.95,1.85,6
2024-2025,https://www.oddsportal.com/football/h2h/motherwell-YuW7ZfMM/rangers-8vAWQXNS/#Ob31KG1E,2024-12-29 16:00,Motherwell,Rangers,2,2,1.913,1.815,1.95,1.85,6
2024-2025,https://www.oddsportal.com/football/h2h/motherwell-YuW7ZfMM/rangers-8vAWQXNS/#llk2u63b,2024-08-10 14:00,Rangers,Motherwell,2,1,1.938,1.818,2.04,1.91,5
2024-2025,https://www.oddsportal.com/football/h2h/motherwell-YuW7ZfMM/rangers-8vAWQXNS/#r13PBbX1,2025-03-01 16:00,Rangers,Motherwell,1,2,2.217,1.6,2.3,1.7,6
2024-2025,https://www.oddsportal.com/football/h2h/motherwell-YuW7ZfMM/ross-county-vouS5j6r/#4STCQxwP,2024-08-03 14:00,Motherwell,Ross County,0,0,1.848,1.908,1.91,1.95,5
2024-2025,https://www.oddsportal.com/football/h2h/motherwell-YuW7ZfMM/ross-county-vouS5j6r/#6aInAQv0,2025-02-15 16:00,Motherwell,Ross County,0,3,1.922,1.805,1.98,1.85,6
2024-2025,https://www.oddsportal.com/football/h2h/motherwell-YuW7ZfMM/ross-county-vouS5j6r/#C220yQw8,2025-05-18 14:00,Ross County,Motherwell,1,1,1.715,2.035,1.75,2.06,6
2024-2025,https://www.oddsportal.com/football/h2h/motherwell-YuW7ZfMM/ross-county-vouS5j6r/#WjoUi95k,2024-11-23 16:15,Ross County,Motherwell,2,1,1.947,1.78,2.06,1.83,6
2024-2025,https://www.oddsportal.com/football/h2h/motherwell-YuW7ZfMM/st-johnstone-ULK83EjM/#ClgNeI6N,2024-11-09 16:00,Motherwell,St Johnstone,2,1,1.792,1.942,1.82,1.98,6
2024-2025,https://www.oddsportal.com/football/h2h/motherwell-YuW7ZfMM/st-johnstone-ULK83EjM/#MwXA4DxR,2024-08-31 14:00,St Johnstone,Motherwell,1,2,1.822,1.928,1.91,2.0,5
2024-2025,https://www.oddsportal.com/football/h2h/motherwell-YuW7ZfMM/st-johnstone-ULK83EjM/#lvSbjWmR,2025-01-25 16:00,St Johnstone,Motherwell,2,1,1.917,1.81,1.95,1.83,6
2024-2025,https://www.oddsportal.com/football/h2h/motherwell-YuW7ZfMM/st-johnstone-ULK83EjM/#rq0aE5zQ,2025-04-26 14:00,Motherwell,St Johnstone,3,2,1.782,1.945,1.84,2.0,6
2024-2025,https://www.oddsportal.com/football/h2h/motherwell-YuW7ZfMM/st-mirren-tAVXZEyT/#6kehDsLb,2024-09-28 14:00,Motherwell,St. Mirren,2,1,1.842,1.912,1.91,1.95,5
2024-2025,https://www.oddsportal.com/football/h2h/motherwell-YuW7ZfMM/st-mirren-tAVXZEyT/#GdrBtt2C,2024-12-07 16:00,St. Mirren,Motherwell,0,1,1.928,1.798,1.95,1.82,6
2024-2025,https://www.oddsportal.com/football/h2h/motherwell-YuW7ZfMM/st-mirren-tAVXZEyT/#Wt81pJwR,2025-03-15 16:00,Motherwell,St. Mirren,2,2,1.898,1.83,1.96,1.9,6
2024-2025,https://www.oddsportal.com/football/h2h/rangers-8vAWQXNS/ross-county-vouS5j6r/#KUl2r2Xa,2024-12-08 13:00,Ross County,Rangers,0,3,2.162,1.633,2.22,1.7,6
2024-2025,https://www.oddsportal.com/football/h2h/rangers-8vAWQXNS/ross-county-vouS5j6r/#bDw4a9Qs,2025-02-02 16:00,Rangers,Ross County,4,0,2.433,1.513,2.5,1.57,6
2024-2025,https://www.oddsportal.com/football/h2h/rangers-8vAWQXNS/ross-county-vouS5j6r/#xxIYVhW1,2024-08-24 14:00,Rangers,Ross County,6,0,1.984,1.758,2.02,1.8,5
2024-2025,https://www.oddsportal.com/football/h2h/rangers-8vAWQXNS/st-johnstone-ULK83EjM/#0rB7O7tR,2024-12-01 13:00,St Johnstone,Rangers,0,1,1.865,1.883,1.91,1.91,6
2024-2025,https://www.oddsportal.com/football/h2h/rangers-8vAWQXNS/st-johnstone-ULK83EjM/#EZMsObZG,2024-10-06 19:00,Rangers,St Johnstone,2,0,2.176,1.626,2.2,1.65,5
2024-2025,https://www.oddsportal.com/football/h2h/rangers-8vAWQXNS/st-johnstone-ULK83EjM/#KnjkzKcT,2025-01-12 16:00,Rangers,St Johnstone,3,1,2.078,1.685,2.22,1.75,6
2024-2025,https://www.oddsportal.com/football/h2h/rangers-8vAWQXNS/st-mirren-tAVXZEyT/#2TtW8qbm,2025-04-26 14:00,St. Mirren,Rangers,2,2,1.633,2.145,1.67,2.22,6
2024-2025,https://www.oddsportal.com/football/h2h/rangers-8vAWQXNS/st-mirren-tAVXZEyT/#KU8P3zm9,2024-10-27 16:00,Rangers,St. Mirren,2,1,2.047,1.71,2.18,1.75,6
2024-2025,https://www.oddsportal.com/football/h2h/rangers-8vAWQXNS/st-mirren-tAVXZEyT/#UeYR6Ck5,2025-02-22 16:00,Rangers,St. Mirren,0,2,2.118,1.657,2.15,1.7,6
2024-2025,https://www.oddsportal.com/football/h2h/rangers-8vAWQXNS/st-mirren-tAVXZEyT/#Yg6z6HnL,2024-12-26 18:45,St. Mirren,Rangers,2,1,1.99,1.748,2.06,1.78,6
2024-2025,https://www.oddsportal.com/football/h2h/ross-county-vouS5j6r/st-johnstone-ULK83EjM/#CxexNOu3,2025-02-26 20:45,St Johnstone,Ross County,1,0,1.94,1.792,1.96,1.8,6
2024-2025,https://www.oddsportal.com/football/h2h/ross-county-vouS5j6r/st-johnstone-ULK83EjM/#hfkric33,2024-10-19 14:00,St Johnstone,Ross County,3,0,1.897,1.838,1.95,1.9,6
2024-2025,https://www.oddsportal.com/football/h2h/ross-county-vouS5j6r/st-johnstone-ULK83EjM/#xSO1aWQj,2025-05-10 14:00,St Johnstone,Ross County,2,1,1.782,1.945,1.82,1.98,6
2024-2025,https://www.oddsportal.com/football/h2h/ross-county-vouS5j6r/st-johnstone-ULK83EjM/#xnXBXpJs,2024-09-21 14:00,Ross County,St Johnstone,3,3,1.944,1.788,2.0,1.82,5
2024-2025,https://www.oddsportal.com/football/h2h/ross-county-vouS5j6r/st-mirren-tAVXZEyT/#h6uaKPKc,2025-04-12 14:00,St. Mirren,Ross County,3,2,2.088,1.672,2.16,1.7,6
2024-2025,https://www.oddsportal.com/football/h2h/ross-county-vouS5j6r/st-mirren-tAVXZEyT/#jBlpe0Y2,2024-12-21 16:00,Ross County,St. Mirren,1,2,1.865,1.883,1.91,1.91,6
2024-2025,https://www.oddsportal.com/football/h2h/ross-county-vouS5j6r/st-mirren-tAVXZEyT/#pEZuquNH,2024-11-02 16:00,St. Mirren,Ross County,0,0,2.012,1.732,2.05,1.75,6
2024-2025,https://www.oddsportal.com/football/h2h/st-johnstone-ULK83EjM/st-mirren-tAVXZEyT/#6a0IzBVj,2024-12-14 16:00,St Johnstone,St. Mirren,2,3,1.88,1.84,1.95,1.91,6
2024-2025,https://www.oddsportal.com/football/h2h/st-johnstone-ULK83EjM/st-mirren-tAVXZEyT/#fuXCcmef,2025-02-01 16:00,St. Mirren,St Johnstone,0,1,1.96,1.775,2.0,1.83,6
2024-2025,https://www.oddsportal.com/football/h2h/st-johnstone-ULK83EjM/st-mirren-tAVXZEyT/#hptbYN8a,2024-10-30 20:45,St. Mirren,St Johnstone,3,1,1.872,1.867,1.91,1.91,6
2025-2026,https://www.oddsportal.com/football/h2h/aberdeen-AmdbMiWq/celtic-QFKRRD8M/#fuyIoH1l,2025-12-21 16:00,Celtic,Aberdeen,3,1,1.697,2.041,1.75,2.1,7
2025-2026,https://www.oddsportal.com/football/h2h/aberdeen-AmdbMiWq/celtic-QFKRRD8M/#n5fCyDdU,2026-03-04 21:00,Aberdeen,Celtic,1,2,1.577,2.226,1.62,2.3,7
2025-2026,https://www.oddsportal.com/football/h2h/aberdeen-AmdbMiWq/celtic-QFKRRD8M/#t0Jev5Js,2025-08-10 11:30,Aberdeen,Celtic,0,2,1.668,2.067,1.7,2.1,6
2025-2026,https://www.oddsportal.com/football/h2h/aberdeen-AmdbMiWq/dundee-fc-hjIyrgaj/#QiJ1Du9l,2026-02-21 16:00,Aberdeen,Dundee FC,2,3,1.743,1.983,1.78,2.05,7
2025-2026,https://www.oddsportal.com/football/h2h/aberdeen-AmdbMiWq/dundee-fc-hjIyrgaj/#booKv9l4,2025-12-06 16:00,Dundee FC,Aberdeen,1,3,1.77,1.939,1.8,1.98,7
2025-2026,https://www.oddsportal.com/football/h2h/aberdeen-AmdbMiWq/dundee-fc-hjIyrgaj/#f7QVohYQ,2026-05-17 13:00,Dundee FC,Aberdeen,3,2,1.519,2.354,1.54,2.47,7
2025-2026,https://www.oddsportal.com/football/h2h/aberdeen-AmdbMiWq/dundee-fc-hjIyrgaj/#ngUBCymL,2025-10-05 14:00,Aberdeen,Dundee FC,4,0,1.907,1.812,1.95,1.83,6
2025-2026,https://www.oddsportal.com/football/h2h/aberdeen-AmdbMiWq/dundee-utd-8QEB2FFp/#KCiC6Xe4,2026-02-24 20:45,Dundee Utd,Aberdeen,0,0,1.671,2.077,1.7,2.15,7
2025-2026,https://www.oddsportal.com/football/h2h/aberdeen-AmdbMiWq/dundee-utd-8QEB2FFp/#fZX7fCpJ,2025-12-27 18:45,Aberdeen,Dundee Utd,1,1,1.669,2.07,1.72,2.1,7
2025-2026,https://www.oddsportal.com/football/h2h/aberdeen-AmdbMiWq/dundee-utd-8QEB2FFp/#rPFCzNI6,2025-09-23 18:45,Dundee Utd,Aberdeen,2,0,1.753,1.968,1.8,2.02,6
2025-2026,https://www.oddsportal.com/football/h2h/aberdeen-AmdbMiWq/dundee-utd-8QEB2FFp/#xUvryyK8,2026-05-09 14:00,Aberdeen,Dundee Utd,2,0,1.654,2.081,1.7,2.15,7
2025-2026,https://www.oddsportal.com/football/h2h/aberdeen-AmdbMiWq/falkirk-nHDF1ZUj/#Im3sZDyP,2026-03-14 16:00,Aberdeen,Falkirk,1,1,1.724,1.996,1.75,2.05,7
2025-2026,https://www.oddsportal.com/football/h2h/aberdeen-AmdbMiWq/hearts-0rGrwwNc/#MTuk47ef,2025-11-23 16:00,,,,,1.728,2.0,1.75,2.0,6
2025-2026,https://www.oddsportal.com/football/h2h/aberdeen-AmdbMiWq/hearts-0rGrwwNc/#WIiNMKr9,2025-08-04 19:00,Hearts,Aberdeen,2,0,1.838,1.89,1.91,1.95,6
2025-2026,https://www.oddsportal.com/football/h2h/aberdeen-AmdbMiWq/hearts-0rGrwwNc/#ddHnpvpQ,2026-02-28 16:00,Hearts,Aberdeen,1,0,1.869,1.849,1.95,1.95,7
2025-2026,https://www.oddsportal.com/football/h2h/aberdeen-AmdbMiWq/hibernian-f5Fnxcx4/#GdnGU986,2025-10-26 15:30,Aberdeen,Hibernian,1,2,1.653,2.103,1.7,2.2,6
2025-2026,https://www.oddsportal.com/football/h2h/aberdeen-AmdbMiWq/hibernian-f5Fnxcx4/#GniACp64,2025-12-30 20:45,Hibernian,Aberdeen,2,0,1.689,2.053,1.73,2.1,7
2025-2026,https://www.oddsportal.com/football/h2h/aberdeen-AmdbMiWq/hibernian-f5Fnxcx4/#b3EUfkFr,2026-04-11 14:00,Aberdeen,Hibernian,2,0,1.683,2.043,1.7,2.1,7
2025-2026,https://www.oddsportal.com/football/h2h/aberdeen-AmdbMiWq/kilmarnock-jX8ezy7G/#2olQr0TG,2025-10-29 20:45,Kilmarnock,Aberdeen,0,1,1.72,2.003,1.75,2.05,6
2025-2026,https://www.oddsportal.com/football/h2h/aberdeen-AmdbMiWq/kilmarnock-jX8ezy7G/#8Kz4v0fL,2025-12-14 16:00,Aberdeen,Kilmarnock,2,1,1.857,1.866,1.91,1.91,7
2025-2026,https://www.oddsportal.com/football/h2h/aberdeen-AmdbMiWq/kilmarnock-jX8ezy7G/#CCXfsHSh,2026-01-31 16:00,Kilmarnock,Aberdeen,3,0,1.621,2.16,1.65,2.2,7
2025-2026,https://www.oddsportal.com/football/h2h/aberdeen-AmdbMiWq/kilmarnock-jX8ezy7G/#Yu8JGoHd,2026-04-25 14:00,Aberdeen,Kilmarnock,1,0,1.693,2.023,1.75,2.1,7
2025-2026,https://www.oddsportal.com/football/h2h/aberdeen-AmdbMiWq/livingston-MoYV5dic/#CvOxbHGU,2025-09-13 14:00,Aberdeen,Livingston,0,0,1.768,1.943,1.8,1.97,6
2025-2026,https://www.oddsportal.com/football/h2h/aberdeen-AmdbMiWq/livingston-MoYV5dic/#Sz3IKFZR,2026-05-01 18:45,Livingston,Aberdeen,2,2,1.649,2.099,1.7,2.2,7
2025-2026,https://www.oddsportal.com/football/h2h/aberdeen-AmdbMiWq/livingston-MoYV5dic/#dICxTQ7r,2026-01-24 16:00,Aberdeen,Livingston,6,2,1.724,2.01,1.75,2.05,7
2025-2026,https://www.oddsportal.com/football/h2h/aberdeen-AmdbMiWq/livingston-MoYV5dic/#joR2FhLh,2025-11-30 16:00,Livingston,Aberdeen,0,1,1.727,2.0,1.77,2.05,7
2025-2026,https://www.oddsportal.com/football/h2h/aberdeen-AmdbMiWq/motherwell-YuW7ZfMM/#AJHUKNGE,2026-02-15 15:30,Motherwell,Aberdeen,2,0,1.759,1.961,1.8,2.0,7
2025-2026,https://www.oddsportal.com/football/h2h/aberdeen-AmdbMiWq/motherwell-YuW7ZfMM/#IywsAxSF,2025-11-09 16:00,Aberdeen,Motherwell,1,1,1.625,2.147,1.67,2.2,6
2025-2026,https://www.oddsportal.com/football/h2h/aberdeen-AmdbMiWq/motherwell-YuW7ZfMM/#lnCPjfQ1,2025-09-27 16:45,Motherwell,Aberdeen,2,0,1.597,2.207,1.62,2.24,6
2025-2026,https://www.oddsportal.com/football/h2h/aberdeen-AmdbMiWq/rangers-8vAWQXNS/#2w6Ry1ZF,2026-01-11 17:30,Aberdeen,Rangers,0,2,1.646,2.103,1.68,2.15,7
2025-2026,https://www.oddsportal.com/football/h2h/aberdeen-AmdbMiWq/rangers-8vAWQXNS/#GGK7kfw3,2026-03-21 18:45,Rangers,Aberdeen,4,1,2.164,1.62,2.3,1.67,7
2025-2026,https://www.oddsportal.com/football/h2h/aberdeen-AmdbMiWq/rangers-8vAWQXNS/#M9qYBbc3,2026-01-06 21:00,Rangers,Aberdeen,2,0,1.859,1.844,1.95,1.94,7
2025-2026,https://www.oddsportal.com/football/h2h/aberdeen-AmdbMiWq/st-mirren-tAVXZEyT/#GhCS9lkU,2025-12-03 20:45,Aberdeen,St. Mirren,3,3,1.8,1.911,1.85,1.95,7
2025-2026,https://www.oddsportal.com/football/h2h/aberdeen-AmdbMiWq/st-mirren-tAVXZEyT/#KUh7WVwf,2025-10-18 14:00,St. Mirren,Aberdeen,0,1,1.797,1.91,1.83,1.95,6
2025-2026,https://www.oddsportal.com/football/h2h/aberdeen-AmdbMiWq/st-mirren-tAVXZEyT/#ljXTRWte,2026-05-12 18:45,Aberdeen,St. Mirren,0,2,1.697,2.026,1.75,2.1,7
2025-2026,https://www.oddsportal.com/football/h2h/aberdeen-AmdbMiWq/st-mirren-tAVXZEyT/#vJXc0BiL,2026-04-04 14:00,St. Mirren,Aberdeen,2,0,1.767,1.954,1.8,2.0,7
2025-2026,https://www.oddsportal.com/football/h2h/arbroath-prrz4Uze/dunfermline-Eg3xY5eg/#0loMKuil,2026-05-05 18:45,Dunfermline,Arbroath,1,0,1.789,1.921,1.91,2.04,7
2025-2026,https://www.oddsportal.com/football/h2h/arbroath-prrz4Uze/dunfermline-Eg3xY5eg/#Y1qUIJL0,2026-05-08 18:30,Arbroath,Dunfermline,0,0,1.636,2.101,1.7,2.27,7
2025-2026,https://www.oddsportal.com/football/h2h/celtic-QFKRRD8M/dundee-fc-hjIyrgaj/#4lixUizn,2025-12-03 20:45,Celtic,Dundee FC,1,0,2.101,1.661,2.2,1.75,7
2025-2026,https://www.oddsportal.com/football/h2h/celtic-QFKRRD8M/dundee-fc-hjIyrgaj/#CrEGmY7F,2026-04-05 15:30,Dundee FC,Celtic,1,2,1.656,2.099,1.7,2.15,7
2025-2026,https://www.oddsportal.com/football/h2h/celtic-QFKRRD8M/dundee-fc-hjIyrgaj/#hfZPJhfl,2025-10-19 11:00,Dundee FC,Celtic,2,0,1.975,1.745,2.0,1.85,6
2025-2026,https://www.oddsportal.com/football/h2h/celtic-QFKRRD8M/dundee-utd-8QEB2FFp/#8OAiaLDc,2025-12-17 21:00,Dundee Utd,Celtic,2,1,1.633,2.133,1.67,2.2,7
2025-2026,https://www.oddsportal.com/football/h2h/celtic-QFKRRD8M/dundee-utd-8QEB2FFp/#A39ZZv4S,2026-01-10 16:00,Celtic,Dundee Utd,4,0,1.814,1.893,1.9,1.95,7
2025-2026,https://www.oddsportal.com/football/h2h/celtic-QFKRRD8M/dundee-utd-8QEB2FFp/#rksRxHgc,2026-03-22 13:30,Dundee Utd,Celtic,2,0,1.589,2.206,1.63,2.25,7
2025-2026,https://www.oddsportal.com/football/h2h/celtic-QFKRRD8M/falkirk-nHDF1ZUj/#0IFrXHne,2026-01-14 20:45,Falkirk,Celtic,0,1,1.759,1.953,1.8,2.0,7
2025-2026,https://www.oddsportal.com/football/h2h/celtic-QFKRRD8M/falkirk-nHDF1ZUj/#6a4NOvxo,2025-10-29 20:45,Celtic,Falkirk,4,0,1.793,1.912,1.83,1.95,6
2025-2026,https://www.oddsportal.com/football/h2h/celtic-QFKRRD8M/falkirk-nHDF1ZUj/#OSPgevkJ,2026-04-25 16:30,Celtic,Falkirk,3,1,1.729,1.976,1.75,2.05,7
2025-2026,https://www.oddsportal.com/football/h2h/celtic-QFKRRD8M/falkirk-nHDF1ZUj/#fy1UQerC,2026-02-01 16:00,Celtic,Falkirk,2,0,1.799,1.903,1.83,1.95,7
2025-2026,https://www.oddsportal.com/football/h2h/celtic-QFKRRD8M/hearts-0rGrwwNc/#MJFXPkfA,2026-05-16 11:30,Celtic,Hearts,3,1,1.557,2.26,1.6,2.35,7
2025-2026,https://www.oddsportal.com/football/h2h/celtic-QFKRRD8M/hearts-0rGrwwNc/#WfiumnaE,2026-01-25 16:00,Hearts,Celtic,2,2,1.653,2.109,1.7,2.25,7
2025-2026,https://www.oddsportal.com/football/h2h/celtic-QFKRRD8M/hearts-0rGrwwNc/#fa9sYrFb,2025-10-26 13:00,Hearts,Celtic,3,1,1.558,2.267,1.58,2.3,6
2025-2026,https://www.oddsportal.com/football/h2h/celtic-QFKRRD8M/hearts-0rGrwwNc/#jLsCtVJi,2025-12-07 16:00,Celtic,Hearts,1,2,1.684,2.046,1.73,2.1,7
2025-2026,https://www.oddsportal.com/football/h2h/celtic-QFKRRD8M/hibernian-f5Fnxcx4/#SdKQ9w4C,2026-05-03 11:00,Hibernian,Celtic,1,2,1.58,2.213,1.62,2.25,7
2025-2026,https://www.oddsportal.com/football/h2h/celtic-QFKRRD8M/hibernian-f5Fnxcx4/#YHM9BJw1,2026-02-22 16:00,Celtic,Hibernian,1,2,1.739,1.981,1.78,2.02,7
2025-2026,https://www.oddsportal.com/football/h2h/celtic-QFKRRD8M/hibernian-f5Fnxcx4/#bmGnD2vP,2025-11-30 13:00,Hibernian,Celtic,1,2,1.611,2.176,1.63,2.2,7
2025-2026,https://www.oddsportal.com/football/h2h/celtic-QFKRRD8M/hibernian-f5Fnxcx4/#fPzU1KY2,2025-09-27 14:00,Celtic,Hibernian,0,0,1.665,2.083,1.7,2.1,6
2025-2026,https://www.oddsportal.com/football/h2h/celtic-QFKRRD8M/kilmarnock-jX8ezy7G/#4z8ydUpp,2025-09-14 14:00,Kilmarnock,Celtic,1,2,1.92,1.793,1.95,1.83,6
2025-2026,https://www.oddsportal.com/football/h2h/celtic-QFKRRD8M/kilmarnock-jX8ezy7G/#OYuk8GdS,2025-11-09 17:00,Celtic,Kilmarnock,4,0,2.138,1.632,2.25,1.67,6
2025-2026,https://www.oddsportal.com/football/h2h/celtic-QFKRRD8M/kilmarnock-jX8ezy7G/#fBZscKO7,2026-02-15 15:00,Kilmarnock,Celtic,2,3,1.719,2.006,1.75,2.05,7
2025-2026,https://www.oddsportal.com/football/h2h/celtic-QFKRRD8M/livingston-MoYV5dic/#6D1QCg0m,2025-12-27 16:00,Livingston,Celtic,2,4,1.759,1.95,1.8,1.98,7
2025-2026,https://www.oddsportal.com/football/h2h/celtic-QFKRRD8M/livingston-MoYV5dic/#Cnl48gRi,2026-02-11 20:45,Celtic,Livingston,2,1,2.099,1.656,2.15,1.7,7
2025-2026,https://www.oddsportal.com/football/h2h/celtic-QFKRRD8M/livingston-MoYV5dic/#xSC4xqlf,2025-08-23 14:00,Celtic,Livingston,3,0,1.93,1.775,1.95,1.82,6
2025-2026,https://www.oddsportal.com/football/h2h/celtic-QFKRRD8M/motherwell-YuW7ZfMM/#6qrigHMt,2026-03-14 16:00,Celtic,Motherwell,3,1,1.543,2.301,1.6,2.38,7
2025-2026,https://www.oddsportal.com/football/h2h/celtic-QFKRRD8M/motherwell-YuW7ZfMM/#IyLs7FAr,2025-10-05 14:00,Celtic,Motherwell,3,2,1.887,1.843,1.95,1.91,6
2025-2026,https://www.oddsportal.com/football/h2h/celtic-QFKRRD8M/motherwell-YuW7ZfMM/#ptbQ825T,2025-12-30 21:00,Motherwell,Celtic,2,0,1.674,2.079,1.75,2.15,7
2025-2026,https://www.oddsportal.com/football/h2h/celtic-QFKRRD8M/motherwell-YuW7ZfMM/#r9Uw48Xj,2026-05-13 19:00,Motherwell,Celtic,2,3,1.526,2.337,1.57,2.4,7
2025-2026,https://www.oddsportal.com/football/h2h/celtic-QFKRRD8M/rangers-8vAWQXNS/#GCUTawnI,2025-08-31 11:00,Rangers,Celtic,0,0,1.525,2.335,1.57,2.4,6
2025-2026,https://www.oddsportal.com/football/h2h/celtic-QFKRRD8M/rangers-8vAWQXNS/#ML9Yzz7C,2026-03-01 13:00,Rangers,Celtic,2,2,1.55,2.301,1.62,2.4,7
2025-2026,https://www.oddsportal.com/football/h2h/celtic-QFKRRD8M/rangers-8vAWQXNS/#UqabOxJ5,2026-05-10 11:00,Celtic,Rangers,3,1,1.48,2.464,1.5,2.5,7
2025-2026,https://www.oddsportal.com/football/h2h/celtic-QFKRRD8M/rangers-8vAWQXNS/#dKRrRqLc,2026-01-03 13:30,Celtic,Rangers,1,3,1.631,2.139,1.68,2.22,7
2025-2026,https://www.oddsportal.com/football/h2h/celtic-QFKRRD8M/st-mirren-tAVXZEyT/#40HxgTqe,2026-04-11 14:00,Celtic,St. Mirren,1,0,1.816,1.881,1.88,1.95,7
2025-2026,https://www.oddsportal.com/football/h2h/celtic-QFKRRD8M/st-mirren-tAVXZEyT/#6PXraHj2,2025-08-03 15:30,Celtic,St. Mirren,1,0,2.007,1.725,2.07,1.9,6
2025-2026,https://www.oddsportal.com/football/h2h/celtic-QFKRRD8M/st-mirren-tAVXZEyT/#feJVGpu0,2025-11-22 21:00,St. Mirren,Celtic,0,1,1.708,2.02,1.75,2.05,6
2025-2026,https://www.oddsportal.com/football/h2h/dundee-fc-hjIyrgaj/dundee-utd-8QEB2FFp/#2HUjPNkA,2026-01-03 16:00,Dundee Utd,Dundee FC,0,1,1.864,1.866,1.91,1.91,7
2025-2026,https://www.oddsportal.com/football/h2h/dundee-fc-hjIyrgaj/dundee-utd-8QEB2FFp/#KAaAMy5F,2026-04-26 13:00,Dundee Utd,Dundee FC,3,0,1.664,2.071,1.7,2.2,7
2025-2026,https://www.oddsportal.com/football/h2h/dundee-fc-hjIyrgaj/dundee-utd-8QEB2FFp/#SbWaieig,2026-03-15 15:00,Dundee FC,Dundee Utd,2,2,1.773,1.937,1.8,1.97,7
2025-2026,https://www.oddsportal.com/football/h2h/dundee-fc-hjIyrgaj/dundee-utd-8QEB2FFp/#jBfeovXO,2025-08-31 13:00,Dundee FC,Dundee Utd,0,2,1.747,1.97,1.77,2.05,6
2025-2026,https://www.oddsportal.com/football/h2h/dundee-fc-hjIyrgaj/falkirk-nHDF1ZUj/#nZ5ZZ4pn,2025-10-25 14:00,Falkirk,Dundee FC,2,1,1.658,2.093,1.67,2.12,6
2025-2026,https://www.oddsportal.com/football/h2h/dundee-fc-hjIyrgaj/falkirk-nHDF1ZUj/#tSuL4BQG,2026-02-11 20:45,Falkirk,Dundee FC,1,0,1.85,1.874,1.91,1.91,7
2025-2026,https://www.oddsportal.com/football/h2h/dundee-fc-hjIyrgaj/falkirk-nHDF1ZUj/#zVAfIFxQ,2025-12-27 16:00,Dundee FC,Falkirk,1,0,1.887,1.827,1.95,1.9,7
2025-2026,https://www.oddsportal.com/football/h2h/dundee-fc-hjIyrgaj/hearts-0rGrwwNc/#CUYsZYhM,2026-03-21 16:00,Hearts,Dundee FC,1,0,1.953,1.763,1.98,1.8,7
2025-2026,https://www.oddsportal.com/football/h2h/dundee-fc-hjIyrgaj/hearts-0rGrwwNc/#fyo6UIRk,2026-01-11 15:00,Dundee FC,Hearts,0,1,1.826,1.883,1.9,1.95,7
2025-2026,https://www.oddsportal.com/football/h2h/dundee-fc-hjIyrgaj/hearts-0rGrwwNc/#x428ewDM,2025-11-01 16:00,Hearts,Dundee FC,4,0,2.163,1.613,2.2,1.65,6
2025-2026,https://www.oddsportal.com/football/h2h/dundee-fc-hjIyrgaj/hibernian-f5Fnxcx4/#8zyhOdN6,2026-02-28 16:00,Dundee FC,Hibernian,3,3,1.701,2.036,1.75,2.1,7
2025-2026,https://www.oddsportal.com/football/h2h/dundee-fc-hjIyrgaj/hibernian-f5Fnxcx4/#YBZz1wMk,2025-08-03 14:00,Dundee FC,Hibernian,1,2,1.713,2.01,1.78,2.05,6
2025-2026,https://www.oddsportal.com/football/h2h/dundee-fc-hjIyrgaj/hibernian-f5Fnxcx4/#j9X50PfJ,2025-11-22 16:00,Hibernian,Dundee FC,2,0,1.952,1.762,2.0,1.8,6
2025-2026,https://www.oddsportal.com/football/h2h/dundee-fc-hjIyrgaj/kilmarnock-jX8ezy7G/#SQAFj3qo,2025-12-30 20:45,Dundee FC,Kilmarnock,2,1,1.916,1.787,1.95,1.82,7
2025-2026,https://www.oddsportal.com/football/h2h/dundee-fc-hjIyrgaj/kilmarnock-jX8ezy7G/#jVxvir3m,2025-08-23 14:00,Kilmarnock,Dundee FC,0,0,1.792,1.928,1.82,1.95,6
2025-2026,https://www.oddsportal.com/football/h2h/dundee-fc-hjIyrgaj/kilmarnock-jX8ezy7G/#nsNNmE3E,2026-05-12 18:45,Kilmarnock,Dundee FC,3,1,1.663,2.077,1.7,2.2,7
2025-2026,https://www.oddsportal.com/football/h2h/dundee-fc-hjIyrgaj/kilmarnock-jX8ezy7G/#pKxC7Sbl,2026-04-11 14:00,Kilmarnock,Dundee FC,2,2,1.664,2.067,1.7,2.12,7
2025-2026,https://www.oddsportal.com/football/h2h/dundee-fc-hjIyrgaj/livingston-MoYV5dic/#2sdwga9E,2025-12-13 16:00,Livingston,Dundee FC,2,2,1.773,1.931,1.8,1.95,7
2025-2026,https://www.oddsportal.com/football/h2h/dundee-fc-hjIyrgaj/livingston-MoYV5dic/#Y5d9nrUi,2025-09-20 14:00,Dundee FC,Livingston,3,2,1.863,1.877,1.91,1.91,6
2025-2026,https://www.oddsportal.com/football/h2h/dundee-fc-hjIyrgaj/livingston-MoYV5dic/#pfrjZElL,2026-05-09 14:00,Dundee FC,Livingston,3,0,1.673,2.059,1.7,2.2,7
2025-2026,https://www.oddsportal.com/football/h2h/dundee-fc-hjIyrgaj/livingston-MoYV5dic/#zk1fJAuA,2026-02-14 16:00,Dundee FC,Livingston,2,2,1.79,1.929,1.83,2.0,7
2025-2026,https://www.oddsportal.com/football/h2h/dundee-fc-hjIyrgaj/motherwell-YuW7ZfMM/#233nIK1n,2025-09-13 14:00,Dundee FC,Motherwell,1,1,1.727,1.992,1.78,2.02,6
2025-2026,https://www.oddsportal.com/football/h2h/dundee-fc-hjIyrgaj/motherwell-YuW7ZfMM/#fgGj0GGs,2025-12-20 16:00,Motherwell,Dundee FC,1,0,2.087,1.66,2.15,1.7,7
2025-2026,https://www.oddsportal.com/football/h2h/dundee-fc-hjIyrgaj/motherwell-YuW7ZfMM/#xUZLeGsn,2026-03-07 16:00,Dundee FC,Motherwell,2,1,1.783,1.927,1.82,1.95,7
2025-2026,https://www.oddsportal.com/football/h2h/dundee-fc-hjIyrgaj/rangers-8vAWQXNS/#86HL2fKk,2025-11-09 16:00,Dundee FC,Rangers,0,3,1.795,1.917,1.85,1.95,6
2025-2026,https://www.oddsportal.com/football/h2h/dundee-fc-hjIyrgaj/rangers-8vAWQXNS/#b97LSHDa,2026-01-25 16:00,Rangers,Dundee FC,3,0,1.966,1.754,2.05,1.83,7
2025-2026,https://www.oddsportal.com/football/h2h/dundee-fc-hjIyrgaj/rangers-8vAWQXNS/#pUXPqReK,2025-08-09 16:45,Rangers,Dundee FC,1,1,2.145,1.638,2.2,1.67,6
2025-2026,https://www.oddsportal.com/football/h2h/dundee-fc-hjIyrgaj/st-mirren-tAVXZEyT/#bJglFgck,2026-05-02 14:00,Dundee FC,St. Mirren,1,0,1.686,2.047,1.7,2.1,7
2025-2026,https://www.oddsportal.com/football/h2h/dundee-fc-hjIyrgaj/st-mirren-tAVXZEyT/#jNCvFO9C,2025-11-29 16:00,Dundee FC,St. Mirren,3,1,1.769,1.939,1.8,2.0,7
2025-2026,https://www.oddsportal.com/football/h2h/dundee-fc-hjIyrgaj/st-mirren-tAVXZEyT/#thPBwZRH,2026-01-31 16:00,St. Mirren,Dundee FC,0,0,1.906,1.823,1.95,1.91,7
2025-2026,https://www.oddsportal.com/football/h2h/dundee-fc-hjIyrgaj/st-mirren-tAVXZEyT/#ttaBEcI8,2025-09-27 14:00,St. Mirren,Dundee FC,1,0,1.818,1.91,1.91,1.95,6
2025-2026,https://www.oddsportal.com/football/h2h/dundee-utd-8QEB2FFp/falkirk-nHDF1ZUj/#ERh46abS,2025-08-03 13:00,Falkirk,Dundee Utd,2,2,1.773,1.937,1.8,1.98,6
2025-2026,https://www.oddsportal.com/football/h2h/dundee-utd-8QEB2FFp/falkirk-nHDF1ZUj/#QVsR02Pr,2026-02-14 16:00,Falkirk,Dundee Utd,2,3,1.79,1.924,1.83,1.96,7
2025-2026,https://www.oddsportal.com/football/h2h/dundee-utd-8QEB2FFp/falkirk-nHDF1ZUj/#Ugqc2oQ6,2025-11-22 16:00,Dundee Utd,Falkirk,0,3,1.608,2.188,1.63,2.2,6
2025-2026,https://www.oddsportal.com/football/h2h/dundee-utd-8QEB2FFp/hearts-0rGrwwNc/#0Y3xPZCO,2026-01-31 21:00,Dundee Utd,Hearts,0,3,1.779,1.929,1.8,1.95,7
2025-2026,https://www.oddsportal.com/football/h2h/dundee-utd-8QEB2FFp/hearts-0rGrwwNc/#2RPm6TQs,2025-11-09 16:00,Hearts,Dundee Utd,1,1,1.74,1.97,1.78,2.0,6
2025-2026,https://www.oddsportal.com/football/h2h/dundee-utd-8QEB2FFp/hearts-0rGrwwNc/#UuMkrEKF,2025-08-10 14:00,Dundee Utd,Hearts,2,3,1.792,1.918,1.83,1.95,6
2025-2026,https://www.oddsportal.com/football/h2h/dundee-utd-8QEB2FFp/hibernian-f5Fnxcx4/#AZk3Ex1B,2025-09-13 16:45,Hibernian,Dundee Utd,3,3,1.728,2.0,1.75,2.05,6
2025-2026,https://www.oddsportal.com/football/h2h/dundee-utd-8QEB2FFp/hibernian-f5Fnxcx4/#bqOUgfCb,2026-02-04 20:45,Hibernian,Dundee Utd,3,2,1.8,1.904,1.83,1.95,7
2025-2026,https://www.oddsportal.com/football/h2h/dundee-utd-8QEB2FFp/hibernian-f5Fnxcx4/#nmgPqeW0,2025-12-20 16:00,Dundee Utd,Hibernian,1,1,1.597,2.213,1.65,2.27,7
2025-2026,https://www.oddsportal.com/football/h2h/dundee-utd-8QEB2FFp/kilmarnock-jX8ezy7G/#0Mwx0b3F,2025-09-27 14:00,Dundee Utd,Kilmarnock,0,2,1.737,1.987,1.8,2.05,6
2025-2026,https://www.oddsportal.com/football/h2h/dundee-utd-8QEB2FFp/kilmarnock-jX8ezy7G/#4USfHEjt,2025-11-29 18:45,Kilmarnock,Dundee Utd,1,1,1.773,1.937,1.8,1.96,7
2025-2026,https://www.oddsportal.com/football/h2h/dundee-utd-8QEB2FFp/kilmarnock-jX8ezy7G/#WWidDXR1,2026-05-02 14:00,Kilmarnock,Dundee Utd,3,0,1.547,2.276,1.57,2.35,7
2025-2026,https://www.oddsportal.com/football/h2h/dundee-utd-8QEB2FFp/kilmarnock-jX8ezy7G/#fXAI9c8D,2026-02-21 16:00,Dundee Utd,Kilmarnock,1,1,1.607,2.176,1.63,2.22,7
2025-2026,https://www.oddsportal.com/football/h2h/dundee-utd-8QEB2FFp/livingston-MoYV5dic/#QF5oi7E7,2026-04-11 14:00,Dundee Utd,Livingston,3,2,1.68,2.043,1.7,2.1,7
2025-2026,https://www.oddsportal.com/football/h2h/dundee-utd-8QEB2FFp/livingston-MoYV5dic/#fmzxQAB7,2026-05-12 18:45,Dundee Utd,Livingston,0,0,1.576,2.239,1.62,2.35,7
2025-2026,https://www.oddsportal.com/football/h2h/dundee-utd-8QEB2FFp/livingston-MoYV5dic/#lE4HAOzH,2025-12-30 20:45,Livingston,Dundee Utd,1,3,1.721,2.014,1.75,2.05,7
2025-2026,https://www.oddsportal.com/football/h2h/dundee-utd-8QEB2FFp/livingston-MoYV5dic/#vi9j5gue,2025-10-04 14:00,Dundee Utd,Livingston,1,1,1.733,1.977,1.75,2.0,6
2025-2026,https://www.oddsportal.com/football/h2h/dundee-utd-8QEB2FFp/motherwell-YuW7ZfMM/#dpsZtvbT,2025-10-29 20:45,Motherwell,Dundee Utd,2,0,1.562,2.278,1.6,2.32,6
2025-2026,https://www.oddsportal.com/football/h2h/dundee-utd-8QEB2FFp/motherwell-YuW7ZfMM/#l8BQxdx0,2026-02-28 16:00,Motherwell,Dundee Utd,2,0,1.947,1.767,2.05,1.82,7
2025-2026,https://www.oddsportal.com/football/h2h/dundee-utd-8QEB2FFp/motherwell-YuW7ZfMM/#v3RZYwIr,2025-12-13 16:00,Dundee Utd,Motherwell,0,0,1.65,2.103,1.68,2.15,7
2025-2026,https://www.oddsportal.com/football/h2h/dundee-utd-8QEB2FFp/rangers-8vAWQXNS/#65Zk2XM8,2026-04-04 14:00,Rangers,Dundee Utd,4,2,1.821,1.891,1.87,1.95,7
2025-2026,https://www.oddsportal.com/football/h2h/dundee-utd-8QEB2FFp/rangers-8vAWQXNS/#Q3uoSV4b,2025-12-03 20:45,Dundee Utd,Rangers,2,2,1.727,1.989,1.75,2.02,7
2025-2026,https://www.oddsportal.com/football/h2h/dundee-utd-8QEB2FFp/rangers-8vAWQXNS/#nHfaYi9s,2025-10-18 14:00,Rangers,Dundee Utd,2,2,1.733,1.985,1.78,2.0,6
2025-2026,https://www.oddsportal.com/football/h2h/dundee-utd-8QEB2FFp/st-mirren-tAVXZEyT/#4rGpR4xe,2026-03-03 20:45,Dundee Utd,St. Mirren,2,1,1.86,1.847,1.95,1.95,7
2025-2026,https://www.oddsportal.com/football/h2h/dundee-utd-8QEB2FFp/st-mirren-tAVXZEyT/#844NSmwJ,2025-10-25 14:00,Dundee Utd,St. Mirren,3,1,1.707,2.035,1.75,2.07,6
2025-2026,https://www.oddsportal.com/football/h2h/dundee-utd-8QEB2FFp/st-mirren-tAVXZEyT/#ChsetMP8,2025-12-06 16:00,St. Mirren,Dundee Utd,2,0,1.743,1.969,1.78,2.0,7
2025-2026,https://www.oddsportal.com/football/h2h/dundee-utd-8QEB2FFp/st-mirren-tAVXZEyT/#b3F9vAQ0,2026-05-17 13:00,St. Mirren,Dundee Utd,1,1,1.553,2.263,1.57,2.32,7
2025-2026,https://www.oddsportal.com/football/h2h/dunfermline-Eg3xY5eg/partick-d8M05zM9/#fF2DgsPa,2026-05-15 18:45,Partick Thistle,Dunfermline,2,1,1.892,1.795,1.95,1.85,6
2025-2026,https://www.oddsportal.com/football/h2h/dunfermline-Eg3xY5eg/partick-d8M05zM9/#nka5e3fm,2026-05-12 18:45,Dunfermline,Partick Thistle,1,1,1.819,1.89,1.91,1.95,7
2025-2026,https://www.oddsportal.com/football/h2h/falkirk-nHDF1ZUj/hearts-0rGrwwNc/#Mw34X00K,2026-02-21 16:00,Hearts,Falkirk,1,0,1.863,1.866,1.91,1.91,7
2025-2026,https://www.oddsportal.com/football/h2h/falkirk-nHDF1ZUj/hearts-0rGrwwNc/#MySpbxYR,2025-09-27 14:00,Hearts,Falkirk,3,0,1.762,1.958,1.8,1.98,6
2025-2026,https://www.oddsportal.com/football/h2h/falkirk-nHDF1ZUj/hearts-0rGrwwNc/#fX21E6yh,2025-12-13 21:00,Falkirk,Hearts,0,2,1.721,2.007,1.75,2.05,7
2025-2026,https://www.oddsportal.com/football/h2h/falkirk-nHDF1ZUj/hearts-0rGrwwNc/#xA26MGmI,2026-05-13 19:00,Hearts,Falkirk,3,0,1.857,1.86,1.91,1.93,7
2025-2026,https://www.oddsportal.com/football/h2h/falkirk-nHDF1ZUj/hibernian-f5Fnxcx4/#4v4LY0mJ,2025-09-23 18:45,Falkirk,Hibernian,2,2,1.585,2.223,1.62,2.3,6
2025-2026,https://www.oddsportal.com/football/h2h/falkirk-nHDF1ZUj/hibernian-f5Fnxcx4/#K0ZSxmJG,2025-12-06 16:00,Hibernian,Falkirk,3,0,1.729,1.99,1.78,2.05,7
2025-2026,https://www.oddsportal.com/football/h2h/falkirk-nHDF1ZUj/hibernian-f5Fnxcx4/#Qc4gPr77,2026-01-24 16:00,Falkirk,Hibernian,4,1,1.771,1.939,1.8,2.0,7
2025-2026,https://www.oddsportal.com/football/h2h/falkirk-nHDF1ZUj/hibernian-f5Fnxcx4/#jZcrSKJt,2026-05-09 14:00,Falkirk,Hibernian,1,3,1.63,2.123,1.67,2.2,7
2025-2026,https://www.oddsportal.com/football/h2h/falkirk-nHDF1ZUj/kilmarnock-jX8ezy7G/#G0v0MzhJ,2026-02-28 16:00,Falkirk,Kilmarnock,5,1,1.77,1.936,1.82,1.97,7
2025-2026,https://www.oddsportal.com/football/h2h/falkirk-nHDF1ZUj/kilmarnock-jX8ezy7G/#GlEacarA,2025-11-01 16:00,Falkirk,Kilmarnock,3,1,1.655,2.103,1.7,2.2,6
2025-2026,https://www.oddsportal.com/football/h2h/falkirk-nHDF1ZUj/kilmarnock-jX8ezy7G/#z9ZJ5xgK,2025-12-20 16:00,Kilmarnock,Falkirk,0,1,1.757,1.956,1.8,2.02,7
2025-2026,https://www.oddsportal.com/football/h2h/falkirk-nHDF1ZUj/livingston-MoYV5dic/#69RxhYtB,2026-02-04 20:45,Livingston,Falkirk,1,2,1.773,1.939,1.8,1.98,7
2025-2026,https://www.oddsportal.com/football/h2h/falkirk-nHDF1ZUj/livingston-MoYV5dic/#GWKT0Yl2,2025-11-08 16:00,Falkirk,Livingston,1,1,1.64,2.117,1.67,2.15,6
2025-2026,https://www.oddsportal.com/football/h2h/falkirk-nHDF1ZUj/livingston-MoYV5dic/#dfxWNqZ0,2025-08-09 14:00,Livingston,Falkirk,3,1,1.677,2.062,1.7,2.1,6
2025-2026,https://www.oddsportal.com/football/h2h/falkirk-nHDF1ZUj/motherwell-YuW7ZfMM/#KWGIBaZa,2026-05-02 14:00,Falkirk,Motherwell,1,0,1.567,2.24,1.62,2.35,7
2025-2026,https://www.oddsportal.com/football/h2h/falkirk-nHDF1ZUj/motherwell-YuW7ZfMM/#SWDSwEoK,2025-10-18 14:00,Motherwell,Falkirk,1,2,1.583,2.225,1.62,2.3,6
2025-2026,https://www.oddsportal.com/football/h2h/falkirk-nHDF1ZUj/motherwell-YuW7ZfMM/#jci3vUU1,2026-04-04 14:00,Motherwell,Falkirk,2,3,1.719,2.013,1.75,2.07,7
2025-2026,https://www.oddsportal.com/football/h2h/falkirk-nHDF1ZUj/rangers-8vAWQXNS/#KQIJBAKH,2025-11-30 15:00,Rangers,Falkirk,0,0,1.753,1.96,1.8,2.0,7
2025-2026,https://www.oddsportal.com/football/h2h/falkirk-nHDF1ZUj/rangers-8vAWQXNS/#UqJuOTOM,2026-05-16 11:30,Falkirk,Rangers,2,5,1.511,2.373,1.53,2.45,7
2025-2026,https://www.oddsportal.com/football/h2h/falkirk-nHDF1ZUj/rangers-8vAWQXNS/#hMcXEA6E,2026-04-12 11:00,Falkirk,Rangers,3,6,1.636,2.12,1.67,2.2,7
2025-2026,https://www.oddsportal.com/football/h2h/falkirk-nHDF1ZUj/rangers-8vAWQXNS/#nHCb3X97,2025-10-05 14:00,Falkirk,Rangers,1,1,1.635,2.13,1.67,2.18,6
2025-2026,https://www.oddsportal.com/football/h2h/falkirk-nHDF1ZUj/st-mirren-tAVXZEyT/#OIieGbWb,2025-09-13 14:00,Falkirk,St. Mirren,1,2,1.677,2.063,1.72,2.1,6
2025-2026,https://www.oddsportal.com/football/h2h/falkirk-nHDF1ZUj/st-mirren-tAVXZEyT/#jFpZzeO9,2026-03-21 16:00,Falkirk,St. Mirren,1,2,1.797,1.919,1.85,1.95,7
2025-2026,https://www.oddsportal.com/football/h2h/falkirk-nHDF1ZUj/st-mirren-tAVXZEyT/#xYV5YnpL,2026-01-10 16:00,St. Mirren,Falkirk,0,2,1.863,1.864,1.91,1.91,7
2025-2026,https://www.oddsportal.com/football/h2h/hearts-0rGrwwNc/hibernian-f5Fnxcx4/#0dfoRz2E,2025-10-04 16:45,Hearts,Hibernian,1,0,1.697,2.043,1.75,2.1,6
2025-2026,https://www.oddsportal.com/football/h2h/hearts-0rGrwwNc/hibernian-f5Fnxcx4/#SrvT2keT,2026-02-10 21:00,Hearts,Hibernian,1,0,1.804,1.91,1.85,1.95,7
2025-2026,https://www.oddsportal.com/football/h2h/hearts-0rGrwwNc/hibernian-f5Fnxcx4/#n53BDL4m,2026-04-26 15:30,Hibernian,Hearts,1,2,1.707,2.006,1.75,2.07,7
2025-2026,https://www.oddsportal.com/football/h2h/hearts-0rGrwwNc/hibernian-f5Fnxcx4/#n9UadYF6,2025-12-27 13:30,Hibernian,Hearts,3,2,1.756,1.957,1.8,2.0,7
2025-2026,https://www.oddsportal.com/football/h2h/hearts-0rGrwwNc/kilmarnock-jX8ezy7G/#MZQtGAgD,2025-10-18 16:45,Kilmarnock,Hearts,0,3,1.827,1.895,1.91,1.93,6
2025-2026,https://www.oddsportal.com/football/h2h/hearts-0rGrwwNc/kilmarnock-jX8ezy7G/#Uex2Om4N,2025-12-03 20:45,Hearts,Kilmarnock,1,1,2.253,1.571,2.3,1.6,7
2025-2026,https://www.oddsportal.com/football/h2h/hearts-0rGrwwNc/kilmarnock-jX8ezy7G/#WjTGmDjI,2026-03-14 21:00,Kilmarnock,Hearts,1,0,1.667,2.076,1.7,2.1,7
2025-2026,https://www.oddsportal.com/football/h2h/hearts-0rGrwwNc/livingston-MoYV5dic/#2kOD3Lng,2025-08-30 14:00,Livingston,Hearts,1,2,1.765,1.963,1.8,2.0,6
2025-2026,https://www.oddsportal.com/football/h2h/hearts-0rGrwwNc/livingston-MoYV5dic/#4tgetj0k,2026-04-05 13:00,Livingston,Hearts,2,2,1.819,1.881,1.85,1.95,7
2025-2026,https://www.oddsportal.com/football/h2h/hearts-0rGrwwNc/livingston-MoYV5dic/#fF9VHurp,2026-01-03 16:00,Hearts,Livingston,1,0,2.271,1.551,2.3,1.6,7
2025-2026,https://www.oddsportal.com/football/h2h/hearts-0rGrwwNc/motherwell-YuW7ZfMM/#Wpd7d4uQ,2025-08-23 14:00,Hearts,Motherwell,3,3,1.875,1.862,1.91,1.91,6
2025-2026,https://www.oddsportal.com/football/h2h/hearts-0rGrwwNc/motherwell-YuW7ZfMM/#dW0jQblg,2026-05-09 19:00,Motherwell,Hearts,1,1,1.691,2.033,1.75,2.15,7
2025-2026,https://www.oddsportal.com/football/h2h/hearts-0rGrwwNc/motherwell-YuW7ZfMM/#llitDlyR,2026-04-11 14:00,Hearts,Motherwell,3,1,1.726,1.987,1.75,2.05,7
2025-2026,https://www.oddsportal.com/football/h2h/hearts-0rGrwwNc/motherwell-YuW7ZfMM/#nDKBDWk5,2025-11-29 16:00,Motherwell,Hearts,0,0,1.773,1.936,1.8,1.98,7
2025-2026,https://www.oddsportal.com/football/h2h/hearts-0rGrwwNc/rangers-8vAWQXNS/#0AIY7HYO,2026-05-04 16:30,Hearts,Rangers,2,1,1.573,2.236,1.62,2.35,7
2025-2026,https://www.oddsportal.com/football/h2h/hearts-0rGrwwNc/rangers-8vAWQXNS/#82sYsZ0D,2025-12-21 14:30,Hearts,Rangers,2,1,1.77,1.944,1.8,2.02,7
2025-2026,https://www.oddsportal.com/football/h2h/hearts-0rGrwwNc/rangers-8vAWQXNS/#rXFxJ1oR,2026-02-15 17:30,Rangers,Hearts,4,2,1.767,1.954,1.8,2.0,7
2025-2026,https://www.oddsportal.com/football/h2h/hearts-0rGrwwNc/rangers-8vAWQXNS/#xl6qf8Fd,2025-09-13 14:00,Rangers,Hearts,0,2,1.55,2.275,1.57,2.3,6
2025-2026,https://www.oddsportal.com/football/h2h/hearts-0rGrwwNc/st-mirren-tAVXZEyT/#dv6HpjZp,2026-02-03 21:00,St. Mirren,Hearts,1,0,2.057,1.68,2.1,1.73,7
2025-2026,https://www.oddsportal.com/football/h2h/hearts-0rGrwwNc/st-mirren-tAVXZEyT/#hGS4yILj,2025-10-29 20:45,St. Mirren,Hearts,2,2,1.735,1.99,1.8,2.05,6
2025-2026,https://www.oddsportal.com/football/h2h/hearts-0rGrwwNc/st-mirren-tAVXZEyT/#nZDjVeH7,2026-01-14 20:45,Hearts,St. Mirren,2,0,1.977,1.739,2.05,1.8,7
2025-2026,https://www.oddsportal.com/football/h2h/hibernian-f5Fnxcx4/kilmarnock-jX8ezy7G/#K8HOoCxS,2026-04-04 14:00,Hibernian,Kilmarnock,3,0,1.777,1.934,1.83,2.0,7
2025-2026,https://www.oddsportal.com/football/h2h/hibernian-f5Fnxcx4/kilmarnock-jX8ezy7G/#js3vGJCd,2026-01-03 16:00,Kilmarnock,Hibernian,1,3,1.78,1.936,1.8,1.98,7
2025-2026,https://www.oddsportal.com/football/h2h/hibernian-f5Fnxcx4/kilmarnock-jX8ezy7G/#zulNP54l,2025-08-10 14:00,Hibernian,Kilmarnock,2,2,1.962,1.762,2.0,1.8,6
2025-2026,https://www.oddsportal.com/football/h2h/hibernian-f5Fnxcx4/livingston-MoYV5dic/#0KxYHWO0,2025-10-18 14:00,Hibernian,Livingston,4,0,1.843,1.888,1.91,1.91,6
2025-2026,https://www.oddsportal.com/football/h2h/hibernian-f5Fnxcx4/livingston-MoYV5dic/#QRNXIRRp,2025-11-01 16:00,Livingston,Hibernian,2,2,1.657,2.1,1.7,2.15,6
2025-2026,https://www.oddsportal.com/football/h2h/hibernian-f5Fnxcx4/livingston-MoYV5dic/#zPZ7kZL5,2026-03-14 16:00,Hibernian,Livingston,0,0,1.937,1.779,2.0,1.8,7
2025-2026,https://www.oddsportal.com/football/h2h/hibernian-f5Fnxcx4/motherwell-YuW7ZfMM/#21lESdd2,2026-01-10 16:00,Hibernian,Motherwell,1,1,1.761,1.951,1.8,2.0,7
2025-2026,https://www.oddsportal.com/football/h2h/hibernian-f5Fnxcx4/motherwell-YuW7ZfMM/#OMXLRjod,2026-03-21 16:00,Motherwell,Hibernian,0,0,1.709,2.023,1.75,2.07,7
2025-2026,https://www.oddsportal.com/football/h2h/hibernian-f5Fnxcx4/motherwell-YuW7ZfMM/#QF4BI7np,2026-05-16 11:30,Hibernian,Motherwell,0,1,1.569,2.244,1.62,2.35,7
2025-2026,https://www.oddsportal.com/football/h2h/hibernian-f5Fnxcx4/motherwell-YuW7ZfMM/#UFdnle5d,2025-11-25 20:45,Motherwell,Hibernian,2,0,1.644,2.107,1.68,2.15,7
2025-2026,https://www.oddsportal.com/football/h2h/hibernian-f5Fnxcx4/rangers-8vAWQXNS/#4nUnqwbt,2026-02-01 15:00,Hibernian,Rangers,0,0,1.694,2.036,1.75,2.1,7
2025-2026,https://www.oddsportal.com/football/h2h/hibernian-f5Fnxcx4/rangers-8vAWQXNS/#fLpIpMb4,2025-10-29 20:45,Hibernian,Rangers,0,1,1.562,2.27,1.6,2.32,6
2025-2026,https://www.oddsportal.com/football/h2h/hibernian-f5Fnxcx4/rangers-8vAWQXNS/#z3HPRBPc,2026-05-13 19:00,Rangers,Hibernian,1,2,1.706,2.024,1.75,2.1,7
2025-2026,https://www.oddsportal.com/football/h2h/hibernian-f5Fnxcx4/rangers-8vAWQXNS/#zefoiwvR,2025-12-15 20:45,Rangers,Hibernian,1,0,1.687,2.049,1.75,2.15,7
2025-2026,https://www.oddsportal.com/football/h2h/hibernian-f5Fnxcx4/st-mirren-tAVXZEyT/#Wv3GOys9,2025-11-08 18:45,St. Mirren,Hibernian,0,3,1.667,2.08,1.7,2.1,6
2025-2026,https://www.oddsportal.com/football/h2h/hibernian-f5Fnxcx4/st-mirren-tAVXZEyT/#fPK55sIt,2025-08-31 14:00,Hibernian,St. Mirren,1,1,1.765,1.948,1.8,1.98,6
2025-2026,https://www.oddsportal.com/football/h2h/hibernian-f5Fnxcx4/st-mirren-tAVXZEyT/#noWZbtfe,2026-02-14 16:00,Hibernian,St. Mirren,2,0,1.776,1.934,1.8,1.97,7
2025-2026,https://www.oddsportal.com/football/h2h/kilmarnock-jX8ezy7G/livingston-MoYV5dic/#4KXcz9F8,2026-01-10 16:00,Livingston,Kilmarnock,1,1,1.869,1.86,1.91,1.91,7
2025-2026,https://www.oddsportal.com/football/h2h/kilmarnock-jX8ezy7G/livingston-MoYV5dic/#QkH1tWel,2026-05-17 13:00,Livingston,Kilmarnock,1,4,1.507,2.39,1.53,2.45,7
2025-2026,https://www.oddsportal.com/football/h2h/kilmarnock-jX8ezy7G/livingston-MoYV5dic/#pn1mAsa3,2025-08-02 14:00,Kilmarnock,Livingston,2,2,1.728,1.997,1.75,2.05,6
2025-2026,https://www.oddsportal.com/football/h2h/kilmarnock-jX8ezy7G/livingston-MoYV5dic/#rDPDTCGq,2026-03-21 16:00,Kilmarnock,Livingston,2,0,1.653,2.106,1.7,2.25,7
2025-2026,https://www.oddsportal.com/football/h2h/kilmarnock-jX8ezy7G/motherwell-YuW7ZfMM/#IFPiOSnQ,2025-11-22 16:00,Kilmarnock,Motherwell,1,3,1.708,2.033,1.8,2.12,6
2025-2026,https://www.oddsportal.com/football/h2h/kilmarnock-jX8ezy7G/motherwell-YuW7ZfMM/#Qe9DUwqm,2026-01-24 16:00,Motherwell,Kilmarnock,4,0,2.02,1.706,2.05,1.75,7
2025-2026,https://www.oddsportal.com/football/h2h/kilmarnock-jX8ezy7G/motherwell-YuW7ZfMM/#raWL1aH5,2025-08-30 14:00,Motherwell,Kilmarnock,2,2,1.795,1.917,1.85,1.95,6
2025-2026,https://www.oddsportal.com/football/h2h/kilmarnock-jX8ezy7G/rangers-8vAWQXNS/#08KojCBN,2026-02-04 20:45,Rangers,Kilmarnock,5,1,2.087,1.659,2.15,1.7,7
2025-2026,https://www.oddsportal.com/football/h2h/kilmarnock-jX8ezy7G/rangers-8vAWQXNS/#Ov1bU0EN,2025-10-26 16:00,Rangers,Kilmarnock,3,1,1.805,1.91,1.83,1.95,6
2025-2026,https://www.oddsportal.com/football/h2h/kilmarnock-jX8ezy7G/rangers-8vAWQXNS/#Qa10Kv3k,2025-12-06 21:00,Kilmarnock,Rangers,0,3,1.699,2.029,1.72,2.05,7
2025-2026,https://www.oddsportal.com/football/h2h/kilmarnock-jX8ezy7G/st-mirren-tAVXZEyT/#Y9hgPEWQ,2025-10-04 14:00,Kilmarnock,St. Mirren,2,0,1.732,1.992,1.75,2.0,6
2025-2026,https://www.oddsportal.com/football/h2h/kilmarnock-jX8ezy7G/st-mirren-tAVXZEyT/#YPhs9BaC,2025-12-27 16:00,St. Mirren,Kilmarnock,0,0,1.949,1.764,2.0,1.82,7
2025-2026,https://www.oddsportal.com/football/h2h/kilmarnock-jX8ezy7G/st-mirren-tAVXZEyT/#nTKacTIj,2026-02-11 20:45,Kilmarnock,St. Mirren,4,3,1.779,1.929,1.8,1.95,7
2025-2026,https://www.oddsportal.com/football/h2h/kilmarnock-jX8ezy7G/st-mirren-tAVXZEyT/#tQTLThCr,2026-05-09 14:00,St. Mirren,Kilmarnock,0,3,1.764,1.939,1.8,2.0,7
2025-2026,https://www.oddsportal.com/football/h2h/livingston-MoYV5dic/motherwell-YuW7ZfMM/#8vR3uec5,2026-01-31 16:00,Livingston,Motherwell,0,2,1.73,1.991,1.75,2.02,7
2025-2026,https://www.oddsportal.com/football/h2h/livingston-MoYV5dic/motherwell-YuW7ZfMM/#Kbf9IIX1,2025-12-06 16:00,Motherwell,Livingston,3,0,1.736,1.983,1.78,2.05,7
2025-2026,https://www.oddsportal.com/football/h2h/livingston-MoYV5dic/motherwell-YuW7ZfMM/#jR2jWMqB,2025-10-25 14:00,Livingston,Motherwell,1,2,1.633,2.135,1.67,2.16,6
2025-2026,https://www.oddsportal.com/football/h2h/livingston-MoYV5dic/rangers-8vAWQXNS/#MsLNI6Am,2025-11-22 16:00,Rangers,Livingston,2,1,1.832,1.873,1.9,1.95,6
2025-2026,https://www.oddsportal.com/football/h2h/livingston-MoYV5dic/rangers-8vAWQXNS/#hKIGhGek,2025-09-28 14:00,Livingston,Rangers,1,2,1.745,1.978,1.8,2.05,6
2025-2026,https://www.oddsportal.com/football/h2h/livingston-MoYV5dic/rangers-8vAWQXNS/#veqySvOs,2026-02-22 16:00,Livingston,Rangers,2,2,1.884,1.844,1.93,1.91,7
2025-2026,https://www.oddsportal.com/football/h2h/livingston-MoYV5dic/st-mirren-tAVXZEyT/#S6Ebbfof,2025-12-20 16:00,St. Mirren,Livingston,1,0,1.834,1.897,1.91,1.98,7
2025-2026,https://www.oddsportal.com/football/h2h/livingston-MoYV5dic/st-mirren-tAVXZEyT/#Ym3wjHzp,2026-01-20 20:45,Livingston,St. Mirren,1,1,1.756,1.964,1.8,2.05,7
2025-2026,https://www.oddsportal.com/football/h2h/livingston-MoYV5dic/st-mirren-tAVXZEyT/#htIHvI7m,2026-02-28 16:00,Livingston,St. Mirren,1,1,1.674,2.067,1.7,2.12,7
2025-2026,https://www.oddsportal.com/football/h2h/livingston-MoYV5dic/st-mirren-tAVXZEyT/#nc12Ocz3,2026-04-25 14:00,St. Mirren,Livingston,0,2,1.774,1.933,1.8,1.98,7
2025-2026,https://www.oddsportal.com/football/h2h/motherwell-YuW7ZfMM/rangers-8vAWQXNS/#0CfZAXUa,2025-12-27 16:00,Rangers,Motherwell,1,0,1.786,1.92,1.82,1.95,7
2025-2026,https://www.oddsportal.com/football/h2h/motherwell-YuW7ZfMM/rangers-8vAWQXNS/#61kd8LTF,2025-08-02 16:30,Motherwell,Rangers,1,1,1.697,2.042,1.75,2.1,6
2025-2026,https://www.oddsportal.com/football/h2h/motherwell-YuW7ZfMM/rangers-8vAWQXNS/#jZHuJssQ,2026-04-26 14:00,Rangers,Motherwell,2,3,1.604,2.186,1.65,2.25,7
2025-2026,https://www.oddsportal.com/football/h2h/motherwell-YuW7ZfMM/rangers-8vAWQXNS/#vN7oLWAc,2026-02-11 21:00,Motherwell,Rangers,1,1,1.646,2.12,1.67,2.15,7
2025-2026,https://www.oddsportal.com/football/h2h/motherwell-YuW7ZfMM/st-mirren-tAVXZEyT/#C8sqQIhf,2026-02-21 20:30,St. Mirren,Motherwell,0,5,1.791,1.92,1.83,1.95,7
2025-2026,https://www.oddsportal.com/football/h2h/motherwell-YuW7ZfMM/st-mirren-tAVXZEyT/#ULkwMN3D,2025-08-09 14:00,St. Mirren,Motherwell,0,0,1.733,1.988,1.75,2.0,6
2025-2026,https://www.oddsportal.com/football/h2h/motherwell-YuW7ZfMM/st-mirren-tAVXZEyT/#ryjQwN43,2026-01-03 16:00,Motherwell,St. Mirren,2,0,1.801,1.911,1.82,1.95,7
2025-2026,https://www.oddsportal.com/football/h2h/partick-d8M05zM9/st-mirren-tAVXZEyT/#CIRRBJ8e,2026-05-25 19:00,St. Mirren,Partick Thistle,1,0,1.903,1.793,1.95,1.85,7
2025-2026,https://www.oddsportal.com/football/h2h/partick-d8M05zM9/st-mirren-tAVXZEyT/#v5TJDuvq,2026-05-21 19:00,Partick Thistle,St. Mirren,1,1,1.896,1.804,1.95,1.85,7
2025-2026,https://www.oddsportal.com/football/h2h/rangers-8vAWQXNS/st-mirren-tAVXZEyT/#2wjlV4zi,2026-03-15 13:00,St. Mirren,Rangers,0,1,1.804,1.904,1.83,1.95,7
2025-2026,https://www.oddsportal.com/football/h2h/rangers-8vAWQXNS/st-mirren-tAVXZEyT/#OrynkMXa,2025-08-24 11:00,St. Mirren,Rangers,1,1,1.612,2.175,1.67,2.3,6
2025-2026,https://www.oddsportal.com/football/h2h/rangers-8vAWQXNS/st-mirren-tAVXZEyT/#tCqd3tTj,2025-12-30 20:45,Rangers,St. Mirren,2,1,1.824,1.889,1.87,1.95,7
current,https://www.oddsportal.com/football/h2h/aberdeen-AmdbMiWq/celtic-QFKRRD8M/#YDPxfchS,2026-09-02 18:45,Celtic,Aberdeen,3,0,1.743,1.951,1.78,2.05,7
current,https://www.oddsportal.com/football/h2h/aberdeen-AmdbMiWq/dundee-fc-hjIyrgaj/#WYYBEUYI,2026-08-08 14:00,Dundee FC,Aberdeen,2,0,1.651,2.066,1.7,2.12,7
current,https://www.oddsportal.com/football/h2h/aberdeen-AmdbMiWq/hearts-0rGrwwNc/#lSrIPfsK,2026-08-01 16:30,Aberdeen,Hearts,2,1,1.594,2.179,1.63,2.25,7
current,https://www.oddsportal.com/football/h2h/aberdeen-AmdbMiWq/hibernian-f5Fnxcx4/#2m6nJnLt,2026-09-19 14:00,Hibernian,Aberdeen,1,1,1.764,1.924,1.8,2.0,7
current,https://www.oddsportal.com/football/h2h/aberdeen-AmdbMiWq/kilmarnock-jX8ezy7G/#UqVklSL6,2026-09-05 14:00,Aberdeen,Kilmarnock,0,0,1.623,2.119,1.67,2.25,7
current,https://www.oddsportal.com/football/h2h/aberdeen-AmdbMiWq/motherwell-YuW7ZfMM/#KWnQSKgT,2026-09-15 18:45,Motherwell,Aberdeen,0,4,1.62,2.127,1.67,2.25,7
current,https://www.oddsportal.com/football/h2h/aberdeen-AmdbMiWq/rangers-8vAWQXNS/#jZTkqtvA,2026-08-30 11:00,Aberdeen,Rangers,0,1,1.584,2.21,1.62,2.3,7
current,https://www.oddsportal.com/football/h2h/celtic-QFKRRD8M/dundee-fc-hjIyrgaj/#bLz4Gj46,2026-08-03 18:30,Celtic,Dundee FC,1,0,1.904,1.786,1.95,1.9,7
current,https://www.oddsportal.com/football/h2h/celtic-QFKRRD8M/falkirk-nHDF1ZUj/#xjScsK8M,2026-08-29 14:00,Celtic,Falkirk,2,1,1.794,1.893,1.85,1.95,7
current,https://www.oddsportal.com/football/h2h/celtic-QFKRRD8M/kilmarnock-jX8ezy7G/#AJ4pGsAN,2026-08-09 12:30,Kilmarnock,Celtic,1,5,1.624,2.127,1.67,2.2,7
current,https://www.oddsportal.com/football/h2h/celtic-QFKRRD8M/rangers-8vAWQXNS/#dlEIBMJU,2026-09-20 11:00,Celtic,Rangers,0,1,1.487,2.409,1.53,2.5,7
current,https://www.oddsportal.com/football/h2h/celtic-QFKRRD8M/st-johnstone-ULK83EjM/#ILVso29c,2026-09-09 19:00,St Johnstone,Celtic,0,1,1.6,2.164,1.65,2.25,7
current,https://www.oddsportal.com/football/h2h/celtic-QFKRRD8M/st-mirren-tAVXZEyT/#E9IV055C,2026-09-05 19:00,St. Mirren,Celtic,1,2,1.591,2.179,1.65,2.25,7
current,https://www.oddsportal.com/football/h2h/dundee-fc-hjIyrgaj/dundee-utd-8QEB2FFp/#Yer2YOPi,2026-08-22 16:45,Dundee Utd,Dundee FC,0,2,1.583,2.191,1.62,2.3,7
current,https://www.oddsportal.com/football/h2h/dundee-fc-hjIyrgaj/hearts-0rGrwwNc/#2mQqA9rQ,2026-09-06 14:00,Hearts,Dundee FC,2,1,1.676,2.044,1.7,2.1,7
current,https://www.oddsportal.com/football/h2h/dundee-fc-hjIyrgaj/hibernian-f5Fnxcx4/#8YITybWq,2026-08-30 14:00,Dundee FC,Hibernian,1,2,1.634,2.103,1.67,2.15,7
current,https://www.oddsportal.com/football/h2h/dundee-fc-hjIyrgaj/motherwell-YuW7ZfMM/#nNGwaqzP,2026-09-19 14:00,Dundee FC,Motherwell,2,1,1.533,2.293,1.57,2.4,7
current,https://www.oddsportal.com/football/h2h/dundee-fc-hjIyrgaj/st-johnstone-ULK83EjM/#4dG8lyGk,2026-09-02 18:45,Dundee FC,St Johnstone,1,1,1.614,2.14,1.67,2.25,7
current,https://www.oddsportal.com/football/h2h/dundee-utd-8QEB2FFp/falkirk-nHDF1ZUj/#xAYcn6jJ,2026-09-05 14:00,Dundee Utd,Falkirk,1,1,1.579,2.203,1.62,2.25,7
current,https://www.oddsportal.com/football/h2h/dundee-utd-8QEB2FFp/hearts-0rGrwwNc/#dEkNLotn,2026-08-09 14:00,Hearts,Dundee Utd,4,0,1.601,2.159,1.65,2.2,7
current,https://www.oddsportal.com/football/h2h/dundee-utd-8QEB2FFp/kilmarnock-jX8ezy7G/#8h9Ncug3,2026-08-29 14:00,Kilmarnock,Dundee Utd,0,4,1.523,2.326,1.55,2.38,7
current,https://www.oddsportal.com/football/h2h/dundee-utd-8QEB2FFp/motherwell-YuW7ZfMM/#dWWsjlif,2026-09-02 18:45,Motherwell,Dundee Utd,3,0,1.524,2.319,1.57,2.4,7
current,https://www.oddsportal.com/football/h2h/dundee-utd-8QEB2FFp/rangers-8vAWQXNS/#z5hO3DK0,2026-07-31 19:00,Dundee Utd,Rangers,1,1,1.581,2.2,1.62,2.3,7
current,https://www.oddsportal.com/football/h2h/dundee-utd-8QEB2FFp/st-mirren-tAVXZEyT/#jiBADrkI,2026-09-19 14:00,St. Mirren,Dundee Utd,0,3,1.463,2.496,1.5,2.6,7
current,https://www.oddsportal.com/football/h2h/falkirk-nHDF1ZUj/hearts-0rGrwwNc/#tMoAW2f4,2026-09-15 18:45,Falkirk,Hearts,2,1,1.597,2.176,1.65,2.25,7
current,https://www.oddsportal.com/football/h2h/falkirk-nHDF1ZUj/motherwell-YuW7ZfMM/#4vgVJPAb,2026-08-09 14:00,Motherwell,Falkirk,0,0,1.647,2.079,1.7,2.1,7
current,https://www.oddsportal.com/football/h2h/falkirk-nHDF1ZUj/rangers-8vAWQXNS/#CMJGnFp2,2026-09-02 19:00,Falkirk,Rangers,1,2,1.684,2.033,1.75,2.15,7
current,https://www.oddsportal.com/football/h2h/falkirk-nHDF1ZUj/st-johnstone-ULK83EjM/#rR72F4K5,2026-09-19 14:00,St Johnstone,Falkirk,1,1,1.696,2.003,1.75,2.1,7
current,https://www.oddsportal.com/football/h2h/falkirk-nHDF1ZUj/st-mirren-tAVXZEyT/#MLjW1ikD,2026-08-01 14:00,Falkirk,St. Mirren,0,2,1.63,2.117,1.68,2.2,7
current,https://www.oddsportal.com/football/h2h/hearts-0rGrwwNc/hibernian-f5Fnxcx4/#4G62AIx9,2026-09-03 18:45,Hibernian,Hearts,1,3,1.534,2.284,1.57,2.35,7
current,https://www.oddsportal.com/football/h2h/hearts-0rGrwwNc/kilmarnock-jX8ezy7G/#AD9fHQkg,2026-09-19 16:45,Kilmarnock,Hearts,1,1,1.574,2.229,1.62,2.35,7
current,https://www.oddsportal.com/football/h2h/hearts-0rGrwwNc/st-johnstone-ULK83EjM/#tnHyzx1d,2026-08-29 14:00,Hearts,St Johnstone,2,1,1.667,2.047,1.7,2.1,7
current,https://www.oddsportal.com/football/h2h/hibernian-f5Fnxcx4/kilmarnock-jX8ezy7G/#nJlIUtPG,2026-09-15 18:45,Hibernian,Kilmarnock,0,1,1.646,2.079,1.68,2.15,7
current,https://www.oddsportal.com/football/h2h/hibernian-f5Fnxcx4/motherwell-YuW7ZfMM/#hOXeICZg,2026-08-02 15:30,Hibernian,Motherwell,1,2,1.724,1.98,1.75,2.1,7
current,https://www.oddsportal.com/football/h2h/hibernian-f5Fnxcx4/rangers-8vAWQXNS/#t2eGALXp,2026-08-09 15:00,Rangers,Hibernian,1,2,1.704,2.009,1.75,2.07,7
current,https://www.oddsportal.com/football/h2h/hibernian-f5Fnxcx4/st-johnstone-ULK83EjM/#6qFN2Rz0,2026-09-06 14:00,St Johnstone,Hibernian,2,1,1.646,2.081,1.7,2.15,7
current,https://www.oddsportal.com/football/h2h/kilmarnock-jX8ezy7G/st-johnstone-ULK83EjM/#pbUmKY4s,2026-08-02 13:00,St Johnstone,Kilmarnock,4,3,1.67,2.044,1.7,2.15,7
current,https://www.oddsportal.com/football/h2h/kilmarnock-jX8ezy7G/st-mirren-tAVXZEyT/#l6TZiAMs,2026-09-02 18:45,Kilmarnock,St. Mirren,0,1,1.474,2.456,1.5,2.5,7
current,https://www.oddsportal.com/football/h2h/motherwell-YuW7ZfMM/rangers-8vAWQXNS/#bJBF4m6m,2026-09-05 14:00,Rangers,Motherwell,1,0,1.637,2.1,1.67,2.2,7
current,https://www.oddsportal.com/football/h2h/motherwell-YuW7ZfMM/st-mirren-tAVXZEyT/#00RUeJNF,2026-08-30 14:00,St. Mirren,Motherwell,3,3,1.671,2.047,1.7,2.1,7
current,https://www.oddsportal.com/football/h2h/rangers-8vAWQXNS/st-mirren-tAVXZEyT/#jFwdNbHj,2026-09-09 18:45,Rangers,St. Mirren,1,0,1.911,1.776,1.98,1.85,7
current,https://www.oddsportal.com/football/h2h/st-johnstone-ULK83EjM/st-mirren-tAVXZEyT/#xhiwI3uB,2026-08-08 14:00,St. Mirren,St Johnstone,1,0,1.636,2.1,1.68,2.18,7
