Tournament,Location,Date,Series,Court,Surface,Round,Best of,Winner,Loser,WRank,LRank,Source,W1,L1,W2,L2,Wsets,Lsets,Comment,W3,L3
Chengdu Open,Chengdu,2026-09-23,ATP250,Outdoor,Hard,Round 1,3,Brooksby J.,Baez S.,77.0,51.0,ESPN,7,5,7,5,2,0,Completed,,
Chengdu Open,Chengdu,2026-09-23,ATP250,Outdoor,Hard,Round 1,3,Kopriva V.,Hu J.,71.0,2082.0,ESPN,6,4,7,5,2,0,Completed,,
Hangzhou Open,Hangzhou,2026-09-23,ATP250,Outdoor,Hard,Round 1,3,Jacquet K.,Vukic A.,107.0,91.0,ESPN,7,6,3,6,2,1,Completed,6.0,3.0
Hangzhou Open,Hangzhou,2026-09-23,ATP250,Outdoor,Hard,Round 1,3,Royer V.,Walton A.,104.0,99.0,ESPN,6,3,6,4,2,0,Completed,,
Chengdu Open,Chengdu,2026-09-24,ATP250,Outdoor,Hard,Round 1,3,Shapovalov D.,Griekspoor T.,50.0,55.0,ESPN,6,4,7,6,2,0,Completed,,
Chengdu Open,Chengdu,2026-09-24,ATP250,Outdoor,Hard,Round 1,3,Sonego L.,Duckworth J.,86.0,65.0,ESPN,6,4,6,4,2,0,Completed,,
Chengdu Open,Chengdu,2026-09-24,ATP250,Outdoor,Hard,Round 1,3,Cina F.,Ugo Carabelli C.,170.0,75.0,ESPN,6,3,6,2,2,0,Completed,,
Chengdu Open,Chengdu,2026-09-24,ATP250,Outdoor,Hard,Round 1,3,Basilashvili N.,Kecmanovic M.,145.0,60.0,ESPN,7,6,6,4,2,0,Completed,,
Chengdu Open,Chengdu,2026-09-24,ATP250,Outdoor,Hard,Round 1,3,Mannarino A.,Shang J.,78.0,253.0,ESPN,7,6,6,2,2,0,Completed,,
Chengdu Open,Chengdu,2026-09-24,ATP250,Outdoor,Hard,Round 1,3,Muller A.,Kouame M.,135.0,191.0,ESPN,6,4,6,0,2,0,Completed,,
Chengdu Open,Chengdu,2026-09-24,ATP250,Outdoor,Hard,Round 1,3,Harris L.,Kovacevic A.,136.0,80.0,ESPN,6,3,6,4,2,0,Completed,,
Chengdu Open,Chengdu,2026-09-24,ATP250,Outdoor,Hard,Round 1,3,Damm M.,Mochizuki S.,106.0,125.0,ESPN,6,1,6,4,2,0,Completed,,
Chengdu Open,Chengdu,2026-09-24,ATP250,Outdoor,Hard,Round 1,3,Hurkacz H.,Shevchenko A.,46.0,109.0,ESPN,6,3,7,6,2,0,Completed,,
Chengdu Open,Chengdu,2026-09-24,ATP250,Outdoor,Hard,Round 1,3,Cerundolo J.M.,Zhou Y.,53.0,273.0,ESPN,6,4,6,3,2,0,Completed,,
Hangzhou Open,Hangzhou,2026-09-24,ATP250,Outdoor,Hard,Round 1,3,Gaston H.,Shimabukuro S.,97.0,93.0,ESPN,6,4,6,4,2,0,Completed,,
Hangzhou Open,Hangzhou,2026-09-24,ATP250,Outdoor,Hard,Round 1,3,Daniel T.,Sweeny D.,193.0,110.0,ESPN,7,6,6,2,2,0,Completed,,
Hangzhou Open,Hangzhou,2026-09-24,ATP250,Outdoor,Hard,Round 1,3,Faria J.,Atmane T.,68.0,83.0,ESPN,3,6,7,6,2,1,Completed,6.0,4.0
Hangzhou Open,Hangzhou,2026-09-24,ATP250,Outdoor,Hard,Round 1,3,Marozsan F.,Bolt A.,59.0,165.0,ESPN,6,4,6,2,2,0,Completed,,
Hangzhou Open,Hangzhou,2026-09-24,ATP250,Outdoor,Hard,Round 1,3,Hijikata R.,Svrcina D.,82.0,128.0,ESPN,7,6,6,4,2,0,Completed,,
Hangzhou Open,Hangzhou,2026-09-24,ATP250,Outdoor,Hard,Round 1,3,Bu Y.,Zheng M.,111.0,92.0,ESPN,6,4,6,3,2,0,Completed,,
Hangzhou Open,Hangzhou,2026-09-24,ATP250,Outdoor,Hard,Round 1,3,Majchrzak K.,Bellucci M.,73.0,88.0,ESPN,6,3,6,4,2,0,Completed,,
Hangzhou Open,Hangzhou,2026-09-24,ATP250,Outdoor,Hard,Round 1,3,Vallejo A.,Cui J.,,456.0,ESPN,6,1,6,7,2,1,Completed,6.0,4.0
Hangzhou Open,Hangzhou,2026-09-24,ATP250,Outdoor,Hard,Round 1,3,Safiullin R.,Sun F.,102.0,314.0,ESPN,6,2,6,0,2,0,Completed,,
Hangzhou Open,Hangzhou,2026-09-24,ATP250,Outdoor,Hard,Round 1,3,Wong C.,Zhang Zh.,108.0,168.0,ESPN,6,3,6,3,2,0,Completed,,
Chengdu Open,Chengdu,2026-09-25,ATP250,Outdoor,Hard,Round 2,3,Shapovalov D.,Kopriva V.,50.0,71.0,ESPN,6,2,6,3,2,0,Completed,,
Chengdu Open,Chengdu,2026-09-25,ATP250,Outdoor,Hard,Round 2,3,Brooksby J.,Sonego L.,77.0,86.0,ESPN,5,7,7,5,2,1,Completed,6.0,2.0
Chengdu Open,Chengdu,2026-09-25,ATP250,Outdoor,Hard,Round 2,3,Mannarino A.,Tabilo A.,78.0,32.0,ESPN,6,4,6,4,2,0,Completed,,
Chengdu Open,Chengdu,2026-09-25,ATP250,Outdoor,Hard,Round 2,3,Basilashvili N.,Van De Zandschulp B.,145.0,40.0,ESPN,6,4,7,5,2,0,Completed,,
Hangzhou Open,Hangzhou,2026-09-25,ATP250,Outdoor,Hard,Round 2,3,Jacquet K.,Etcheverry T.,107.0,30.0,ESPN,6,2,6,3,2,0,Completed,,
Hangzhou Open,Hangzhou,2026-09-25,ATP250,Outdoor,Hard,Round 2,3,Marozsan F.,Daniel T.,59.0,193.0,ESPN,6,7,7,5,2,1,Completed,7.0,6.0
Hangzhou Open,Hangzhou,2026-09-25,ATP250,Outdoor,Hard,Round 2,3,Rublev A.,Hijikata R.,25.0,82.0,ESPN,6,3,6,3,2,0,Completed,,
Hangzhou Open,Hangzhou,2026-09-25,ATP250,Outdoor,Hard,Round 2,3,Gaston H.,Faria J.,97.0,68.0,ESPN,4,6,7,6,2,1,Completed,6.0,4.0
Chengdu Open,Chengdu,2026-09-26,ATP250,Outdoor,Hard,Round 2,3,Davidovich Fokina A.,Cerundolo J.M.,29.0,53.0,ESPN,6,4,6,4,2,0,Completed,,
Chengdu Open,Chengdu,2026-09-26,ATP250,Outdoor,Hard,Round 2,3,Muller A.,Cina F.,135.0,170.0,ESPN,7,6,6,1,2,0,Completed,,
Chengdu Open,Chengdu,2026-09-26,ATP250,Outdoor,Hard,Round 2,3,Hurkacz H.,Damm M.,46.0,106.0,ESPN,4,6,6,3,2,1,Completed,6.0,4.0
Chengdu Open,Chengdu,2026-09-26,ATP250,Outdoor,Hard,Round 2,3,Harris L.,Vacherot V.,136.0,19.0,ESPN,6,4,7,6,2,0,Completed,,
Hangzhou Open,Hangzhou,2026-09-26,ATP250,Outdoor,Hard,Round 2,3,Safiullin R.,Halys Q.,102.0,49.0,ESPN,5,7,6,3,2,1,Completed,6.0,4.0
Hangzhou Open,Hangzhou,2026-09-26,ATP250,Outdoor,Hard,Round 2,3,Bu Y.,Majchrzak K.,111.0,73.0,ESPN,7,6,6,7,2,1,Completed,6.0,2.0
Hangzhou Open,Hangzhou,2026-09-26,ATP250,Outdoor,Hard,Round 2,3,Medvedev D.,Royer V.,6.0,104.0,ESPN,7,6,6,3,2,0,Completed,,
Hangzhou Open,Hangzhou,2026-09-26,ATP250,Outdoor,Hard,Round 2,3,Wong C.,Vallejo A.,108.0,,ESPN,7,6,4,6,2,1,Completed,6.0,3.0
Chengdu Open,Chengdu,2026-09-27,ATP250,Outdoor,Hard,Quarterfinal,3,Basilashvili N.,Brooksby J.,145.0,77.0,ESPN,6,4,7,6,2,0,Completed,,
Chengdu Open,Chengdu,2026-09-27,ATP250,Outdoor,Hard,Quarterfinal,3,Davidovich Fokina A.,Muller A.,29.0,135.0,ESPN,6,1,7,5,2,0,Completed,,
Chengdu Open,Chengdu,2026-09-27,ATP250,Outdoor,Hard,Quarterfinal,3,Shapovalov D.,Mannarino A.,50.0,78.0,ESPN,6,7,6,3,2,1,Completed,6.0,2.0
Chengdu Open,Chengdu,2026-09-27,ATP250,Outdoor,Hard,Quarterfinal,3,Hurkacz H.,Harris L.,46.0,136.0,ESPN,7,6,6,4,2,0,Completed,,
Hangzhou Open,Hangzhou,2026-09-27,ATP250,Outdoor,Hard,Quarterfinal,3,Jacquet K.,Marozsan F.,107.0,59.0,ESPN,7,6,6,4,2,0,Completed,,
Hangzhou Open,Hangzhou,2026-09-27,ATP250,Outdoor,Hard,Quarterfinal,3,Rublev A.,Gaston H.,25.0,97.0,ESPN,6,7,7,6,2,1,Completed,6.0,1.0
Hangzhou Open,Hangzhou,2026-09-27,ATP250,Outdoor,Hard,Quarterfinal,3,Safiullin R.,Bu Y.,102.0,111.0,ESPN,6,3,6,3,2,0,Completed,,
Hangzhou Open,Hangzhou,2026-09-27,ATP250,Outdoor,Hard,Quarterfinal,3,Medvedev D.,Wong C.,6.0,108.0,ESPN,6,3,6,7,2,1,Completed,6.0,3.0
Chengdu Open,Chengdu,2026-09-28,ATP250,Outdoor,Hard,Semifinal,3,Davidovich Fokina A.,Basilashvili N.,29.0,145.0,ESPN,4,6,6,4,2,1,Completed,6.0,3.0
Chengdu Open,Chengdu,2026-09-28,ATP250,Outdoor,Hard,Semifinal,3,Hurkacz H.,Shapovalov D.,46.0,50.0,ESPN,6,7,6,3,2,1,Completed,6.0,3.0
Hangzhou Open,Hangzhou,2026-09-28,ATP250,Outdoor,Hard,Semifinal,3,Rublev A.,Jacquet K.,25.0,107.0,ESPN,7,6,6,1,2,0,Completed,,
Hangzhou Open,Hangzhou,2026-09-28,ATP250,Outdoor,Hard,Semifinal,3,Medvedev D.,Safiullin R.,6.0,102.0,ESPN,7,5,6,4,2,0,Completed,,
Chengdu Open,Chengdu,2026-09-29,ATP250,Outdoor,Hard,Final,3,Davidovich Fokina A.,Hurkacz H.,29.0,46.0,ESPN,6,4,7,6,2,0,Completed,,
Hangzhou Open,Hangzhou,2026-09-29,ATP250,Outdoor,Hard,Final,3,Medvedev D.,Rublev A.,6.0,25.0,ESPN,7,5,6,4,2,0,Completed,,
Japan Open Tennis Championships,Tokyo,2026-09-30,ATP500,Outdoor,Hard,Round 1,3,Vacherot V.,Blockx A.,19.0,34.0,ESPN,7,6,7,6,2,0,Completed,,
Japan Open Tennis Championships,Tokyo,2026-09-30,ATP500,Outdoor,Hard,Round 1,3,Tabilo A.,Paul T.,32.0,21.0,ESPN,6,1,6,2,2,0,Completed,,
Japan Open Tennis Championships,Tokyo,2026-09-30,ATP500,Outdoor,Hard,Round 1,3,Fils A.,Van Assche L.,11.0,40.0,ESPN,6,3,6,2,2,0,Completed,,
Japan Open Tennis Championships,Tokyo,2026-09-30,ATP500,Outdoor,Hard,Round 1,3,Arnaldi M.,Sakamoto R.,36.0,157.0,ESPN,2,6,6,4,2,1,Completed,6.0,4.0
China Open,Beijing,2026-09-30,ATP500,Outdoor,Hard,Round 1,3,Khachanov K.,Auger-Aliassime F.,50.0,4.0,ESPN,6,3,6,3,2,0,Completed,,
China Open,Beijing,2026-09-30,ATP500,Outdoor,Hard,Round 1,3,Struff J.L.,Tirante T.A.,218.0,42.0,ESPN,6,1,6,4,2,0,Completed,,
China Open,Beijing,2026-09-30,ATP500,Outdoor,Hard,Round 1,3,Bu Y.,Cerundolo J.M.,111.0,53.0,ESPN,6,2,5,7,2,1,Completed,6.0,4.0
China Open,Beijing,2026-09-30,ATP500,Outdoor,Hard,Round 1,3,Gea A.,Zhang Zh.,87.0,168.0,ESPN,6,4,6,3,2,0,Completed,,
China Open,Beijing,2026-09-30,ATP500,Outdoor,Hard,Round 1,3,Djokovic N.,Borges N.,5.0,41.0,ESPN,6,3,7,6,2,0,Completed,,
Japan Open Tennis Championships,Tokyo,2026-10-01,ATP500,Outdoor,Hard,Round 1,3,Faria J.,Fery A.,68.0,33.0,ESPN,6,4,3,6,2,1,Completed,6.0,4.0
Japan Open Tennis Championships,Tokyo,2026-10-01,ATP500,Outdoor,Hard,Round 1,3,Darderi L.,Ruud C.,22.0,17.0,ESPN,7,6,6,3,2,0,Completed,,
Japan Open Tennis Championships,Tokyo,2026-10-01,ATP500,Outdoor,Hard,Round 1,3,Munar J.,Fritz T.,55.0,10.0,ESPN,6,7,6,4,2,1,Completed,6.0,3.0
Japan Open Tennis Championships,Tokyo,2026-10-01,ATP500,Outdoor,Hard,Round 1,3,Humbert U.,Nakashima B.,30.0,17.0,ESPN,6,3,6,2,2,0,Completed,,
Japan Open Tennis Championships,Tokyo,2026-10-01,ATP500,Outdoor,Hard,Round 1,3,Tsitsipas S.,Etcheverry T.,53.0,30.0,ESPN,4,6,6,3,2,1,Completed,6.0,4.0
Japan Open Tennis Championships,Tokyo,2026-10-01,ATP500,Outdoor,Hard,Round 1,3,Jacquet K.,Rune H.,107.0,11.0,ESPN,6,3,6,1,2,0,Completed,,
Japan Open Tennis Championships,Tokyo,2026-10-01,ATP500,Outdoor,Hard,Round 1,3,Tiafoe F.,Nishikori K.,12.0,721.0,ESPN,6,4,6,4,2,0,Completed,,
Japan Open Tennis Championships,Tokyo,2026-10-01,ATP500,Outdoor,Hard,Round 1,3,Lehecka J.,Bergs Z.,19.0,37.0,ESPN,6,3,6,7,2,1,Completed,6.0,3.0
Japan Open Tennis Championships,Tokyo,2026-10-01,ATP500,Outdoor,Hard,Round 1,3,Alcaraz C.,Michelsen A.,3.0,46.0,ESPN,7,6,4,6,2,1,Completed,6.0,1.0
Japan Open Tennis Championships,Tokyo,2026-10-01,ATP500,Outdoor,Hard,Round 1,3,Shapovalov D.,Shimabukuro S.,50.0,93.0,ESPN,7,5,6,1,2,0,Completed,,
Japan Open Tennis Championships,Tokyo,2026-10-01,ATP500,Outdoor,Hard,Round 1,3,Berrettini M.,Davidovich Fokina A.,43.0,29.0,ESPN,1,6,7,6,2,1,Completed,6.0,4.0
Japan Open Tennis Championships,Tokyo,2026-10-01,ATP500,Outdoor,Hard,Round 1,3,Vallejo A.,Jodar R.,,13.0,ESPN,6,1,6,3,2,0,Completed,,
China Open,Beijing,2026-10-01,ATP500,Outdoor,Hard,Round 1,3,De Minaur A.,Navone M.,7.0,49.0,ESPN,7,6,6,2,2,0,Completed,,
China Open,Beijing,2026-10-01,ATP500,Outdoor,Hard,Round 1,3,Molcan A.,Machac T.,86.0,58.0,ESPN,6,3,6,2,2,0,Completed,,
China Open,Beijing,2026-10-01,ATP500,Outdoor,Hard,Round 1,3,Cerundolo F.,Van De Zandschulp B.,25.0,40.0,ESPN,5,7,6,4,2,1,Completed,6.0,3.0
China Open,Beijing,2026-10-01,ATP500,Outdoor,Hard,Round 1,3,Halys Q.,Buse I.,49.0,30.0,ESPN,6,1,7,6,2,0,Completed,,
China Open,Beijing,2026-10-01,ATP500,Outdoor,Hard,Round 1,3,Safiullin R.,Cobolli F.,102.0,6.0,ESPN,6,3,6,2,2,0,Completed,,
China Open,Beijing,2026-10-01,ATP500,Outdoor,Hard,Round 1,3,Shang J.,Baez S.,253.0,51.0,ESPN,5,7,6,3,2,1,Completed,7.0,5.0
China Open,Beijing,2026-10-01,ATP500,Outdoor,Hard,Round 1,3,Zverev A.,Norrie C.,2.0,35.0,ESPN,7,6,6,4,2,0,Completed,,
China Open,Beijing,2026-10-01,ATP500,Outdoor,Hard,Round 1,3,Rublev A.,Griekspoor T.,25.0,55.0,ESPN,6,4,5,7,2,1,Completed,7.0,6.0
China Open,Beijing,2026-10-01,ATP500,Outdoor,Hard,Round 1,3,Hurkacz H.,Tien L.,46.0,15.0,ESPN,5,7,6,3,2,1,Completed,6.0,4.0
China Open,Beijing,2026-10-01,ATP500,Outdoor,Hard,Round 1,3,Mensik J.,Bublik A.,18.0,16.0,ESPN,6,4,7,6,2,0,Completed,,
Japan Open Tennis Championships,Tokyo,2026-10-02,ATP500,Outdoor,Hard,Round 2,3,Munar J.,Faria J.,55.0,68.0,ESPN,6,1,6,1,2,0,Completed,,
Japan Open Tennis Championships,Tokyo,2026-10-02,ATP500,Outdoor,Hard,Round 2,3,Vacherot V.,Tsitsipas S.,19.0,53.0,ESPN,4,6,7,6,2,1,Completed,6.0,4.0
Japan Open Tennis Championships,Tokyo,2026-10-02,ATP500,Outdoor,Hard,Round 2,3,Jacquet K.,Darderi L.,107.0,22.0,ESPN,6,3,7,6,2,0,Completed,,
Japan Open Tennis Championships,Tokyo,2026-10-02,ATP500,Outdoor,Hard,Round 2,3,Fils A.,Tiafoe F.,11.0,12.0,ESPN,6,3,7,5,2,0,Completed,,
China Open,Beijing,2026-10-02,ATP500,Outdoor,Hard,Round 2,3,Khachanov K.,Molcan A.,50.0,86.0,ESPN,7,5,6,3,2,0,Completed,,
China Open,Beijing,2026-10-02,ATP500,Outdoor,Hard,Round 1,3,Medvedev D.,Carreno Busta P.,6.0,66.0,ESPN,6,4,6,2,2,0,Completed,,
China Open,Beijing,2026-10-02,ATP500,Outdoor,Hard,Round 2,3,Hurkacz H.,Gea A.,46.0,87.0,ESPN,7,6,6,7,2,1,Completed,6.0,2.0
China Open,Beijing,2026-10-02,ATP500,Outdoor,Hard,Round 2,3,Djokovic N.,Bu Y.,5.0,111.0,ESPN,4,6,7,6,2,1,Completed,6.0,2.0
Japan Open Tennis Championships,Tokyo,2026-10-03,ATP500,Outdoor,Hard,Round 2,3,Shapovalov D.,Tabilo A.,50.0,32.0,ESPN,7,5,3,6,2,1,Completed,6.0,4.0
Japan Open Tennis Championships,Tokyo,2026-10-03,ATP500,Outdoor,Hard,Round 2,3,Alcaraz C.,Arnaldi M.,3.0,36.0,ESPN,7,6,6,1,2,0,Completed,,
Japan Open Tennis Championships,Tokyo,2026-10-03,ATP500,Outdoor,Hard,Round 2,3,Vallejo A.,Berrettini M.,,43.0,ESPN,7,6,6,1,2,0,Completed,,
Japan Open Tennis Championships,Tokyo,2026-10-03,ATP500,Outdoor,Hard,Round 2,3,Lehecka J.,Humbert U.,19.0,30.0,ESPN,5,7,6,4,2,1,Completed,6.0,4.0
China Open,Beijing,2026-10-03,ATP500,Outdoor,Hard,Round 2,3,De Minaur A.,Halys Q.,7.0,49.0,ESPN,3,6,7,6,2,1,Completed,7.0,5.0
China Open,Beijing,2026-10-03,ATP500,Outdoor,Hard,Round 2,3,Rublev A.,Safiullin R.,25.0,102.0,ESPN,6,2,3,6,2,1,Completed,6.0,4.0
China Open,Beijing,2026-10-03,ATP500,Outdoor,Hard,Round 2,3,Medvedev D.,Struff J.L.,6.0,218.0,ESPN,6,4,6,3,2,0,Completed,,
China Open,Beijing,2026-10-03,ATP500,Outdoor,Hard,Round 2,3,Zverev A.,Shang J.,2.0,253.0,ESPN,6,0,6,3,2,0,Completed,,
China Open,Beijing,2026-10-03,ATP500,Outdoor,Hard,Round 2,3,Cerundolo F.,Mensik J.,25.0,18.0,ESPN,6,3,6,3,2,0,Completed,,
Japan Open Tennis Championships,Tokyo,2026-10-04,ATP500,Outdoor,Hard,Quarterfinal,3,Munar J.,Jacquet K.,55.0,107.0,ESPN,6,4,6,2,2,0,Completed,,
Japan Open Tennis Championships,Tokyo,2026-10-04,ATP500,Outdoor,Hard,Quarterfinal,3,Alcaraz C.,Shapovalov D.,3.0,50.0,ESPN,7,6,2,1,1,0,Retired,,
China Open,Beijing,2026-10-04,ATP500,Outdoor,Hard,Quarterfinal,3,Hurkacz H.,Khachanov K.,46.0,50.0,ESPN,7,6,6,2,2,0,Completed,,
