name,tour,birthdate,wikidata
Added D.,atp,1999-04-13,Q67767005
Agamenone F.,atp,1993-04-15,Q43301688
Ahouda A.,atp,1997-09-11,Q23772543
Ajdukovic D.,atp,2001-02-05,Q106147194
Alawadhi O.,atp,1982-01-16,Q27927833
Albot R.,atp,1989-11-11,Q7281705
Alcaraz C.,atp,2003-05-05,Q85518537
Ali Mutawa J.M.,atp,1994-05-27,Q19661893
Almagro N.,atp,1985-08-21,Q244983
Altamirano C.,atp,1995-12-07,Q14653878
Altmaier D.,atp,1998-09-12,Q30005211
Alund M.,atp,1985-12-26,Q4552516
Alvarez Valdes L.C.,atp,2004-09-03,Q114006762
Alvarez Varona N.,atp,2001-05-18,Q60238563
Alves M.,atp,2001-01-23,Q61782321
Anderson K.,atp,1986-05-18,Q299956
Anderson O.,atp,1998-04-30,Q22003141
Andreev A.,atp,2001-05-12,Q47536566
Andreozzi G.,atp,1991-08-05,Q2316401
Androic T.,atp,1991-12-28,Q7821239
Andujar P.,atp,1986-01-23,Q373571
Aragone J.,atp,1995-06-28,Q37996686
Aragone J.C.,atp,1995-06-28,Q37996686
Aragone JC,atp,1995-06-28,Q37996686
Arevalo M.,atp,1990-10-17,Q6756491
Arguello F.,atp,1992-08-04,Q5429102
Arnaboldi A.,atp,1987-12-27,Q1112775
Arnaldi M.,atp,2001-02-22,Q111903012
Arseneault N.,atp,2007-01-18,Q135484954
Arvidsson I.,atp,1992-08-06,Q16224582
Atmane T.,atp,2002-01-09,Q118809414
Auger-Aliassime F.,atp,2000-08-08,Q20752045
Avidzba A.,atp,2000-02-24,Q71077532
Baadi T.,atp,2001-07-15,Q133890138
Bachinger M.,atp,1987-04-02,Q77164
Baez S.,atp,2000-12-28,Q47396310
Baghdatis M.,atp,1985-06-17,Q207084
Bagnis F.,atp,1990-02-27,Q1391764
Bai Y.,atp,1989-05-21,Q4843150
Bailly G.,atp,2005-09-19,Q113952317
Bailly G.A.,atp,2005-09-19,Q113952317
Baker B.,atp,1985-04-30,Q53329
Balazs A.,atp,1988-12-27,Q758074
Baldi F.,atp,1996-01-10,Q5448696
Balleret B.,atp,1983-01-15,Q2080514
Balshaw F.,atp,2006-06-15,Q141162747
Baluda V.,atp,1992-09-30,Q4076983
Bangoura S.,atp,1991-11-18,Q16941597
Barranco Cosano J.,atp,1998-11-17,Q106153467
Barrena A.,atp,2002-10-10,Q134179728
Barrere G.,atp,1994-02-16,Q24228674
Barrientos N.,atp,1987-04-24,Q6042102
Barton M.,atp,1991-12-18,Q4471497
Basavareddy N.,atp,2005-05-02,Q113889275
Basic M.,atp,1991-07-12,Q6874826
Basilashvili N.,atp,1992-02-23,Q16297666
Basing M.,atp,2002-10-02,Q140357106
Basso A.,atp,1993-10-08,Q63651835
Bautista Agut R.,atp,1988-04-14,Q966542
Bautista R.,atp,1988-04-14,Q966542
Beck A.,atp,1986-02-05,Q60704
Becker B.,atp,1967-11-22,Q76334
Becroft I.,atp,2000-10-29,Q131681120
Bedene A.,atp,1989-07-18,Q28842064
Bega A.,atp,1991-01-11,Q34055325
Bellier A.,atp,1996-10-18,Q25999878
Bellotti R.,atp,1991-08-05,Q16596256
Bellucci M.,atp,2001-06-01,Q114703459
Bellucci T.,atp,1987-12-30,Q312345
Bemelmans R.,atp,1988-01-14,Q718187
Benchetrit E.,atp,1998-10-02,Q53633809
Bennani K.,atp,2007-09-03,Q130403669
Bennani R.,atp,2007-02-16,Q138776162
Benneteau J.,atp,1981-12-20,Q313402
Berankis R.,atp,1990-06-21,Q557827
Berdych T.,atp,1985-09-17,Q193665
Bergs Z.,atp,1999-06-03,Q100700157
Berlocq C.,atp,1983-02-03,Q440468
Bernet H.,atp,2007-01-25,Q130607009
Berrer M.,atp,1980-07-01,Q60324
Berrettini J.,atp,1998-11-27,Q106398314
Berrettini M.,atp,1996-04-12,Q29918446
Berrettini M. ,atp,1996-04-12,Q29918446
Bertola R.,atp,1998-08-31,Q124883666
Bester P.,atp,1988-10-06,Q7183225
Bhambri Y.,atp,1992-07-04,Q1391241
Blancaneaux G.,atp,1998-08-08,Q24328517
Blanch D.,atp,2007-09-17,Q124971522
Blanch Dar.,atp,2007-09-17,Q124971522
Blanch U.,atp,1998-03-25,Q24450987
Blanchet U.,atp,1999-01-05,Q110915594
Blockx A.,atp,2005-04-08,Q114728346
Blumberg W.,atp,1998-01-26,Q38050995
Bogomolov A.,atp,1983-04-23,Q440482
Boitan G.A.,atp,1999-07-11,Q109917442
Bolelli S.,atp,1985-10-08,Q315970
Bolt A.,atp,1993-01-05,Q3462853
Bonadio R.,atp,1993-07-13,Q31293913
Bonzi B.,atp,1996-06-09,Q18125349
Boogaard T.,atp,2008-07-05,Q138142644
Borg L.,atp,2003-05-15,Q97499980
Borges N.,atp,1997-02-19,Q106238976
Bossel A.,atp,1986-12-28,Q376890
Bourchier H.,atp,1996-01-24,Q105195500
Bourgue M.,atp,1994-01-18,Q17071396
Boyer T.,atp,2001-04-21,Q60237583
Brancaccio R.,atp,1997-05-04,Q59260557
Brands D.,atp,1987-07-17,Q60717
Broady L.,atp,1994-01-04,Q2965183
Brooksby J.,atp,2000-10-26,Q56073233
Broom C.,atp,1998-04-24,Q126095366
Brouwer G.,atp,1996-03-14,Q109774868
Brown D.,atp,1984-12-08,Q77159
Bryde T.,atp,1999-08-24,Q107639000
Bublik A.,atp,1997-06-17,Q23678983
Buchanan C.,atp,1991-06-04,Q2804337
Budkov Kjaer N.,atp,2006-09-01,Q123763691
Bueno G.,atp,2004-04-03,Q116658479
Burquier G.,atp,1984-07-08,Q5612768
Burruchaga R.,atp,2002-01-23,Q113870466
Buse I.,atp,2004-03-25,Q116679965
Butvilas E.,atp,2004-07-23,Q107484127
Cabal J.S.,atp,1986-04-25,Q921488
Cachin P.,atp,1995-04-12,Q19560184
Cacic N.,atp,1990-12-07,Q7035708
Cadenasso G.,atp,2004-09-29,Q136232054
Carballes Baena R.,atp,1993-03-23,Q16146051
Carreno Busta P.,atp,1991-07-12,Q7121592
Carreno-Busta P.,atp,1991-07-12,Q7121592
Caruana L.,atp,1998-01-22,Q47135079
Caruso S.,atp,1992-12-15,Q16941640
Casanova H.,atp,1994-02-06,Q105622540
Cassone M.,atp,2002-08-16,Q130599287
Catarina L.,atp,1996-08-26,Q28648820
Cazaux A.,atp,2002-08-23,Q85626140
Cecchinato M.,atp,1992-09-30,Q13360044
Celikbilek A.,atp,1996-09-07,Q25477819
Cerundolo F.,atp,1998-08-13,Q61709770
Cerundolo J.M.,atp,2001-01-15,Q105636111
Cervantes I.,atp,1989-11-30,Q291871
Chakravarthi C.,atp,1999-01-02,Q110863316
Chan D.,atp,2005-07-29,Q140800630
Chappell N.,atp,1992-09-19,Q66687183
Chardy J.,atp,1987-02-12,Q176577
Chidekh C.,atp,2001-06-13,Q116694201
Chiudinelli M.,atp,1981-09-10,Q523802
Choinski J.,atp,1996-06-10,Q24328305
Chrysochos P.,atp,1996-04-08,Q7179071
Chung H.,atp,1996-05-19,Q13616024
Chung Y.,atp,1998-03-27,Q23771665
Cilic M.,atp,1988-09-28,Q245241
Cina F.,atp,2007-03-30,Q133294626
Ciorcila P.,atp,1996-09-20,Q16728060
Clarke J.,atp,1998-07-27,Q30612606
Clezar G.,atp,1992-12-31,Q627023
Cobolli F.,atp,2002-05-06,Q64347071
Collarini A.,atp,1992-01-31,Q4755022
Collignon R.,atp,2002-01-13,Q124250909
Comesana F.,atp,2000-10-06,Q112156883
Copil M.,atp,1990-10-17,Q523725
Coppejans K.,atp,1994-02-07,Q1856953
Coria F.,atp,1992-03-09,Q27306789
Coric B.,atp,1996-11-14,Q14905846
Couacaud E.,atp,1995-03-01,Q15618609
Cox D.,atp,1990-09-28,Q5216873
Crawford O.,atp,1999-04-30,Q125471912
Cressy M.,atp,1997-05-08,Q60582900
Cuevas P.,atp,1986-01-01,Q358651
Cui J.,atp,1998-01-24,Q123396392
Dahlin M.,atp,2005-12-27,Q122375852
Damas M.,atp,1999-12-21,Q140241428
Damm M.,atp,2003-09-30,Q66731884
Dancevic F.,atp,1984-09-26,Q462457
Daniel T.,atp,1993-01-27,Q15714673
Darcis S.,atp,1984-03-13,Q164531
Darderi L.,atp,2002-02-14,Q109144854
Davidovich Fokina A.,atp,1999-06-05,Q33084529
Davydenko N.,atp,1981-06-02,Q191736
Davydenko P.,atp,1992-09-02,Q17364263
De Bakker T.,atp,1988-09-19,Q512712
De Greef A.,atp,1992-03-27,Q17994043
De Jong J.,atp,2000-05-31,Q60239470
De Loore J.,atp,1993-04-21,Q26932813
De Minaur A.,atp,1999-02-17,Q22958938
De Paula F.,atp,1988-11-28,Q5427728
De Schepper K.,atp,1987-05-29,Q180146
Dedura D.,atp,2008-03-12,Q133878268
Dedura-Palomero D.,atp,2008-03-12,Q133878268
Del Potro J.M.,atp,1988-09-23,Q180535
Delbonis F.,atp,1990-10-05,Q367654
Delic M.,atp,1993-04-29,Q15867270
Dellien H.,atp,1993-06-16,Q5904441
Demoliner M.,atp,1989-01-18,Q2158099
Den Ouden G.,atp,2002-04-08,Q130298078
Denolly C.,atp,1997-06-06,Q20630921
Desein N.,atp,1987-06-09,Q586192
Devvarman S.,atp,1985-02-13,Q337656
Dhamne M.,atp,2007-12-29,Q116186767
Diallo G.,atp,2001-09-24,Q113639172
Diaz Acosta F.,atp,2000-12-15,Q57268922
Dietrich D.,atp,2004-09-22,Q119265585
Diez S.,atp,1991-03-17,Q13512839
Dimitrov G.,atp,1991-05-16,Q337681
Djere L.,atp,1995-06-02,Q18098061
Djokovic N.,atp,1987-05-22,Q5812
Djokovic N. ,atp,1987-05-22,Q5812
Djuric B.,atp,2005-02-10,Q120721887
Dodig I.,atp,1985-01-02,Q324515
Dodig M.,atp,2005-07-19,Q127699862
Dolgopolov A.,atp,1988-11-07,Q311906
Domingues J.,atp,1993-10-05,Q19560368
Donaldson J.,atp,1996-10-09,Q17580039
Donati M.,atp,1995-02-28,Q16577123
Donski A.,atp,1998-08-01,Q47886067
Donskoy E.,atp,1990-05-09,Q619669
Dostanic S.,atp,2001-11-04,Q121301551
Draper J.,atp,2001-12-22,Q65030599
Draxl L.,atp,2001-12-05,Q107739601
Droguet T.,atp,2001-06-15,Q111905058
Dubrivnyy A.,atp,1999-01-31,Q70731809
Duckworth J.,atp,1992-01-21,Q1336011
Durasovic V.,atp,1997-03-19,Q21005698
Dustov F.,atp,1986-05-22,Q5436351
Dutra Da Silva D.,atp,1988-07-05,Q5217022
Dutra Silva R.,atp,1984-02-03,Q600087
Dzumhur D.,atp,1992-05-20,Q1158544
Ebden M.,atp,1987-11-26,Q515677
Echargui M.,atp,1993-01-10,Q29110073
Edmund K.,atp,1995-01-08,Q6451141
Ehrat S.,atp,1991-04-18,Q1689243
El Amrani R.,atp,1988-05-19,Q1770757
Elias G.,atp,1990-11-24,Q1619484
Engel J.,atp,2007-10-01,Q130525116
Eriksson M.,atp,1989-11-29,Q18043804
Erler A.,atp,1997-10-27,Q25003614
Escobar G.,atp,1989-01-20,Q18637325
Escobedo E.,atp,1996-07-04,Q17626628
Escoffier A.,atp,1992-02-29,Q106300131
Etcheverry T.,atp,1999-07-18,Q104728520
Eubanks C.,atp,1996-05-05,Q24817523
Evans D.,atp,1990-05-23,Q4847264
Eysseric J.,atp,1990-05-27,Q2023912
Fabbiano T.,atp,1989-05-26,Q3990614
Falla A.,atp,1983-11-14,Q357215
Fancutt T.,atp,1995-02-25,Q105219401
Fanselow S.,atp,1991-12-30,Q106363154
Faria J.,atp,2003-08-06,Q125249050
Faurel T.,atp,2006-01-21,Q139885677
Fearnley J.,atp,2001-07-15,Q119628465
Federer R.,atp,1981-08-08,Q1426
Federer R. ,atp,1981-08-08,Q1426
Feldbausch K.,atp,2005-09-07,Q110736084
Ferreira Silva F.,atp,1995-03-18,Q5499229
Ferrer D.,atp,1982-04-02,Q191476
Fery A.,atp,2002-07-12,Q107406917
Ficovich J.P.,atp,1997-01-24,Q84251799
Fils A.,atp,2004-06-12,Q107207693
Fischer M.,atp,1986-07-21,Q384215
Fish M.,atp,1981-12-09,Q53422
Fognini F.,atp,1987-05-24,Q251980
Fonseca J.,atp,2006-08-21,Q116855500
Forbes M.,atp,2006-04-06,Q128877184
Forejtek J.,atp,2001-03-10,Q60980388
Fratangelo B.,atp,1993-07-19,Q3657277
Friberg K.,atp,1999-03-25,Q109501927
Fritz T.,atp,1997-10-28,Q17660516
Fucsovics M.,atp,1992-02-08,Q649333
Furness E.,atp,1998-08-13,Q53916372
Gabashvili T.,atp,1985-05-23,Q337763
Gaio F.,atp,1992-03-05,Q16735393
Gakhov I.,atp,1996-11-04,Q55183492
Galan D.,atp,1996-06-18,Q20740881
Galan D.E.,atp,1996-06-18,Q20740881
Galarneau A.,atp,1999-03-02,Q108023685
Galovic V.,atp,1990-09-19,Q17632661
Gao X.,atp,1994-05-12,Q18129396
Garanganga T.,atp,1990-09-06,Q7677209
Garcia-Lopez G.,atp,1983-06-04,Q304724
Garin C.,atp,1996-05-30,Q4252035
Garza D.,atp,1985-04-08,Q5217251
Gasquet R.,atp,1986-06-18,Q209436
Gaston H.,atp,2000-09-26,Q47483451
Gaubas V.,atp,2004-12-29,Q108600827
Gea A.,atp,2005-01-02,Q120721961
Geerts M.,atp,1995-01-17,Q100596799
Gentzsch T.,atp,2003-09-05,Q114273827
Gerasimov E.,atp,1992-11-11,Q18549907
Ghem A.,atp,1982-05-29,Q4759919
Ghibaudo A.,atp,2005-01-25,Q118809383
Giannessi A.,atp,1990-05-30,Q304117
Gicquel M.,atp,1977-03-30,Q369248
Gigante M.,atp,2002-01-04,Q115781030
Gigounon G.,atp,1989-04-20,Q16300597
Gill F.,atp,2002-06-01,Q112845342
Gimeno Valero C.,atp,2001-06-25,Q105810166
Gimeno-Traver D.,atp,1985-08-07,Q457051
Ginepri R.,atp,1982-10-07,Q53551
Giraldo S.,atp,1987-11-27,Q357335
Giron M.,atp,1993-07-24,Q17478053
Giustino L.,atp,1991-09-10,Q14755492
Goffin D.,atp,1990-12-07,Q19406
Gojo B.,atp,1998-02-27,Q56223431
Gojowczyk P.,atp,1989-07-15,Q91615
Golubev A.,atp,1987-07-22,Q455454
Gombos N.,atp,1990-08-13,Q15836985
Gomez A.,atp,1991-08-14,Q20740904
Gomez E.,atp,1991-11-28,Q14565694
Gomez F.,atp,1996-11-26,Q117828634
Gomez F.A.,atp,1996-11-26,Q117828634
Gomez L.,atp,1995-08-11,Q16941820
Gonzalez A.,atp,1989-02-07,Q4714552
Gonzalez M.,atp,1983-07-20,Q512199
Gorzny S.,atp,2004-01-24,Q112995804
Granollers M.,atp,1986-04-12,Q314348
Gray A.,atp,1998-06-22,Q65587040
Grenier H.,atp,1996-03-23,Q104682253
Griekspoor T.,atp,1996-07-02,Q28777443
Gromley C.,atp,1999-12-26,Q65923081
Groth S.,atp,1987-10-19,Q1284978
Guccione C.,atp,1985-07-30,Q356041
Guerrieri A.,atp,1998-12-03,Q139568040
Guez D.,atp,1982-12-08,Q1993828
Guillen Meza A.,atp,2003-01-02,Q116679725
Guinard M.,atp,1995-01-15,Q64167707
Gulbis E.,atp,1988-08-30,Q295866
Gunneswaran P.,atp,1989-11-12,Q29210278
Haas T.,atp,1978-04-03,Q53560
Haase R.,atp,1987-04-06,Q441037
Habib H.,atp,1998-08-21,Q47749959
Haider-Maurer A.,atp,1987-03-22,Q497813
Hajek J.,atp,1983-08-07,Q942494
Halebian A.,atp,1994-06-08,Q34121385
Halys Q.,atp,1996-10-26,Q18001228
Hamou M.,atp,1995-06-08,Q19958007
Hanescu V.,atp,1981-07-21,Q316378
Hanfmann Y.,atp,1991-11-13,Q29628209
Hank T.,atp,1991-09-30,Q18044013
Hardt N.,atp,2000-09-20,Q28674172
Harris A.,atp,1994-03-07,Q16209408
Harris B.,atp,1995-01-25,Q113391417
Harris L.,atp,1997-02-24,Q23039257
Harrison C.,atp,1994-05-29,Q2167386
Harrison R.,atp,1992-05-07,Q53563
Hassan B.,atp,1995-02-04,Q47543757
Heide G.,atp,2002-02-28,Q109973401
Hemery C.,atp,1995-01-28,Q20740948
Herbert P.,atp,1991-03-18,Q2093033
Herbert P.H.,atp,1991-03-18,Q2093033
Hernandez A.,atp,1999-06-23,Q111386856
Hernych J.,atp,1979-07-07,Q358656
Hewitt C.,atp,2008-12-11,Q131524026
Hewitt L.,atp,1981-02-24,Q180104
Hijikata R.,atp,2001-02-23,Q60227425
Hoang A.,atp,1995-11-04,Q49562573
Holmgren A.,atp,1998-04-22,Q55587289
Holt B.,atp,1998-04-06,Q109941538
Hong S.,atp,1997-06-30,Q18921918
Horansky F.,atp,1993-01-07,Q5448480
Hossam K.,atp,1994-04-08,Q18044118
Hsu Y.,atp,1999-04-02,Q28534179
Huesler M.,atp,1996-06-24,Q42310179
Huesler M.A.,atp,1996-06-24,Q42310179
Humbert U.,atp,1998-06-26,Q54007306
Hurkacz H.,atp,1997-02-11,Q18927958
Hussey G.,atp,1997-05-26,Q126943969
Huta Galung J.,atp,1985-10-06,Q923841
Idmbarek Y.,atp,1986-12-07,Q18594900
Ilhan M.,atp,1987-06-11,Q369878
Ilkel C.,atp,1995-08-21,Q19560809
Isner J.,atp,1985-04-26,Q53566
Istomin D.,atp,1986-09-07,Q317961
Ito T.,atp,1988-05-18,Q708345
Ivanov I.,atp,2008-10-30,Q135390328
Ivashka I.,atp,1994-02-24,Q23039320
Jacquet K.,atp,2001-05-11,Q99670362
Janowicz J.,atp,1990-11-13,Q29063
Janvier M.,atp,1996-10-18,Q27329995
Jarry N.,atp,1995-10-11,Q16466282
Jasika O.,atp,1997-05-18,Q18001365
Jaziri M.,atp,1984-01-20,Q440477
Jianu F.C.,atp,2001-09-18,Q60237968
Jodar R.,atp,2006-09-17,Q130255645
Johnson S.,atp,1989-12-24,Q53569
Jorda Sanchis D.,atp,1994-06-14,Q125257802
Jubb P.,atp,1999-10-31,Q64746573
Jung J.,atp,1989-06-15,Q16300924
Kachmazov A.,atp,2002-08-17,Q71077516
Kadhe A.,atp,1994-01-07,Q47011392
Kamke T.,atp,1986-05-21,Q77145
Karatsev A.,atp,1993-09-04,Q18546813
Karlovic I.,atp,1979-02-28,Q295483
Karlovskiy E.,atp,1994-08-07,Q55585044
Kasnikowski M.,atp,2003-07-06,Q112226711
Kavcic B.,atp,1987-03-05,Q373612
Kecmanovic M.,atp,1999-08-31,Q22005752
Kennedy J.,atp,2008-06-04,Q136125842
Khachanov K.,atp,1996-05-21,Q16568576
Khaddari H.,atp,1991-08-19,Q18573474
Kicker N.,atp,1992-08-16,Q19868533
King D.,atp,1992-04-26,Q16941915
King E.,atp,1992-03-25,Q16300779
King K.,atp,1991-02-28,Q15707484
Kirchheimer S.,atp,1995-04-26,Q121748360
Kirkin E.,atp,1999-01-27,Q55238102
Klahn B.,atp,1990-08-20,Q772382
Klein B.,atp,1989-12-31,Q3646157
Klein L.,atp,1998-03-22,Q105477017
Klizan M.,atp,1989-07-11,Q19399
Koepfer D.,atp,1994-04-29,Q37535155
Kohlschreiber P.,atp,1983-10-16,Q77149
Kohlschreiber P..,atp,1983-10-16,Q77149
Kokkinakis T.,atp,1996-04-10,Q3784554
Kolar Z.,atp,1996-10-09,Q23678982
Kopriva V.,atp,1997-06-15,Q102423530
Korda S.,atp,2000-07-05,Q47500285
Kosakowski D.,atp,1992-02-21,Q5217825
Kotov P.,atp,1998-11-18,Q85322897
Kouame M.,atp,2009-03-06,Q133191418
Kovacevic A.,atp,1998-08-29,Q108523625
Kovalik J.,atp,1992-11-04,Q12768184
Kozlov S.,atp,1998-02-01,Q17364378
Krajicek A.,atp,1990-06-16,Q4823160
Krajinovic F.,atp,1992-02-27,Q178244
Krall L.,atp,2002-05-20,Q116698010
Kravchuk K.,atp,1985-02-23,Q6429974
Krawietz K.,atp,1992-01-24,Q6396729
Krstin P.,atp,1994-09-03,Q16587689
Krueger M.,atp,1994-01-12,Q16941929
Krumich M.,atp,2002-12-26,Q102228009
Krutykh O.,atp,2000-03-10,Q110055686
Kubler J.,atp,1993-05-19,Q6162896
Kubot L.,atp,1982-05-16,Q345626
Kudla D.,atp,1992-08-17,Q1187478
Kudryavtsev A.,atp,1985-10-26,Q1890409
Kuhn N.,atp,2000-03-20,Q30221465
Kukushkin M.,atp,1987-12-26,Q459166
Kumar O.,atp,2001-10-10,Q121066254
Kuzmanov D.,atp,1993-07-28,Q12061061
Kuznetsov Al.,atp,1987-02-05,Q383985
Kuznetsov An.,atp,1991-02-22,Q501662
Kwiatkowski T.S.,atp,1995-02-13,Q30088058
Kwon S.,atp,1997-12-02,Q28673930
Kwon S.W.,atp,1997-12-02,Q28673930
Kym J.,atp,2003-02-12,Q61415282
Kypson P.,atp,1999-10-28,Q36511268
Kyrgios N.,atp,1995-04-27,Q3720084
Laaksonen H.,atp,1992-03-31,Q13185
Lacko L.,atp,1987-11-03,Q440514
Lajal M.,atp,2003-05-12,Q112113095
Lajovic D.,atp,1990-06-30,Q551295
Lalami Laaroussi Y.,atp,2001-04-18,Q117429807
Lama G.,atp,1993-04-27,Q6422706
Lamasine T.,atp,1993-03-05,Q16300796
Landaluce M.,atp,2006-01-08,Q113891092
Lapentti G.,atp,1983-01-25,Q2632825
Lazarov A.,atp,1997-11-06,Q23008009
Lazov A.,atp,1990-07-09,Q3854322
Ledovskikh M.,atp,1986-08-08,Q6849598
Lee D.H.,atp,1998-05-29,Q18637624
Lehecka J.,atp,2001-11-08,Q61415365
Lenz J.,atp,1993-02-17,Q18126462
Leshem E.,atp,1997-03-19,Q19668502
Lestienne C.,atp,1992-05-23,Q16300830
Li Z.,atp,1986-09-20,Q8994318
Li Zh.,atp,1986-09-20,Q8994318
Lin J.M.,atp,1999-04-15,Q61746893
Lindell C.,atp,1989-11-11,Q5109859
Linzer M.,atp,1989-11-02,Q6832260
Llamas Ruiz P.,atp,2002-10-13,Q118545586
Llodra M.,atp,1980-05-18,Q295488
Lock B.,atp,1993-03-04,Q19664030
Loffhagen G.,atp,2001-04-19,Q119889420
Lokoli L.,atp,1994-10-18,Q16935087
Londero J.I.,atp,1993-08-15,Q15665498
Lopez F.,atp,1981-09-20,Q223695
Lopez M.,atp,1982-07-31,Q369866
Lopez San Martin A.,atp,1997-06-02,Q20651281
Lopez Villasenor G.,atp,1995-05-12,Q25915746
Lopez-Perez E.,atp,1991-06-03,Q17517167
Lorenzi P.,atp,1981-12-15,Q708313
Lu Y.,atp,1983-08-14,Q313144
Lu Y.H.,atp,1983-08-14,Q313144
Luz O.,atp,1998-02-08,Q16940408
Machac T.,atp,2000-10-13,Q61594997
Machado R.,atp,1984-04-10,Q440127
Madaras D.,atp,1997-09-12,Q111095524
Maden Y.,atp,1989-10-28,Q27663343
Maestrelli F.,atp,2002-12-21,Q113132831
Magadan A.,atp,2001-05-26,Q135344431
Mager G.,atp,1994-12-01,Q29918444
Mahut N.,atp,1982-01-21,Q317974
Majchrzak K.,atp,1996-01-13,Q14840592
Mannarino A.,atp,1988-06-29,Q373522
Mansouri S.,atp,1995-07-23,Q25016210
Marchenko I.,atp,1987-09-08,Q715773
Marcondes I.,atp,1997-06-16,Q61885722
Marcora R.,atp,1989-08-30,Q17274692
Marozsan F.,atp,1999-10-08,Q109771291
Marterer M.,atp,1995-06-15,Q17364412
Marti Y.,atp,1988-06-07,Q15427287
Martin D.,atp,1981-02-22,Q715443
Martin F.,atp,1986-09-11,Q5428153
Martineau M.,atp,1999-01-16,Q95246542
Martinez P.,atp,1997-04-26,Q52063672
Masur D.,atp,1994-11-06,Q25915757
Mathieu P.H.,atp,1982-01-12,Q310349
Matosevic M.,atp,1985-08-08,Q122745
Mayer F.,atp,1983-10-05,Q77170
Mayer L.,atp,1987-05-15,Q33249
Mayo A.,atp,2003-05-14,Q131278872
Mayot H.,atp,2002-02-04,Q81219097
McCabe J.,atp,2003-07-05,Q110799996
McDonald M.,atp,1995-04-16,Q14657983
McDonald N.,atp,2008-01-26,Q134727478
Mccabe J.,atp,2003-07-05,Q110799996
Mcdonald M.,atp,1995-04-16,Q14657983
Mcgee J.,atp,1987-06-10,Q6139326
Mecir M.,atp,1988-01-20,Q6860514
Medjedovic H.,atp,2003-07-18,Q106962940
Medvedev D.,atp,1996-02-11,Q21622022
Medvedev D. ,atp,1996-02-11,Q21622022
Mejia N.,atp,2000-02-11,Q56728052
Mektic N.,atp,1988-12-24,Q7035585
Meligeni Alves F.,atp,1998-02-19,Q26924390
Melzer G.,atp,1990-07-13,Q1509951
Melzer J.,atp,1981-05-22,Q223549
Mena F.,atp,1992-09-22,Q21001023
Menezes J.,atp,1996-12-17,Q23662473
Mensik J.,atp,2005-09-01,Q102228055
Mertl J.,atp,1982-01-03,Q3806913
Michelsen A.,atp,2004-08-25,Q112995784
Michon A.,atp,1990-12-16,Q16301090
Midon L.,atp,2004-03-29,Q132316673
Miedler L.,atp,1996-06-21,Q17386379
Miguel L.,atp,2004-03-10,Q139741037
Mikrut L.,atp,2004-04-16,Q106102090
Millman J.,atp,1989-06-14,Q2152388
Millot V.,atp,1986-01-30,Q507351
Milojevic N.,atp,1995-06-19,Q3597180
Mina G.,atp,1992-02-09,Q2405968
Misolic F.,atp,2001-08-08,Q111995880
Mitchell B.,atp,1992-11-30,Q2153154
Mmoh M.,atp,1998-01-10,Q17612636
Mo Y.,atp,2000-06-26,Q123421534
Mochizuki S.,atp,2003-06-02,Q65557249
Moeller M.,atp,1999-01-18,Q25841120
Molcan A.,atp,1997-12-01,Q73247665
Molleker R.,atp,2000-10-26,Q33191522
Moller E.,atp,2003-07-09,Q60416655
Molteni A.,atp,1988-03-15,Q4760241
Monaco J.,atp,1984-03-29,Q294888
Monday J.,atp,2002-01-22,Q119628467
Monfils G.,atp,1986-09-01,Q186429
Montanes A.,atp,1980-11-26,Q299374
Monteiro T.,atp,1994-05-31,Q16301147
Moraing M.,atp,1992-06-20,Q47472512
Moreno De Alboran N.,atp,1997-07-14,Q112766918
Moriya H.,atp,1990-10-16,Q2418165
Moro Canas A.,atp,2000-12-07,Q123734747
Moroni G.,atp,1998-02-13,Q59330301
Moroni G.M.,atp,1998-02-13,Q59330301
Mott B.,atp,1996-04-21,Q22677588
Moundir A.,atp,1995-04-26,Q62808065
Moutet C.,atp,1999-04-19,Q30078104
Mpetshi G.,atp,2003-07-08,Q107207704
Mpetshi Perricard G.,atp,2003-07-08,Q107207704
Mu T.,atp,2000-04-28,Q60237911
Mukund S.,atp,1997-01-14,Q84358193
Muller A.,atp,1997-02-01,Q29960092
Muller G.,atp,1983-05-09,Q314304
Munar J.,atp,1997-05-05,Q17274717
Munoz De La Nava D.,atp,1982-01-29,Q974176
Munoz-De La Nava D.,atp,1982-01-29,Q974176
Murray A.,atp,1987-05-15,Q10125
Musetti L.,atp,2002-03-03,Q54813043
Myneni S.,atp,1987-10-19,Q15727687
Nadal R.,atp,1986-06-03,Q10132
Nadal R. ,atp,1986-06-03,Q10132
Nagal S.,atp,1997-08-16,Q20665358
Nakashima B.,atp,2001-08-03,Q60676610
Nam J.S.,atp,1993-08-15,Q16581593
Nanda G.,atp,2001-02-17,Q113633450
Napolitano S.,atp,1995-04-11,Q16676852
Nardi L.,atp,2003-08-06,Q100774937
Nava E.,atp,2001-12-02,Q60990844
Navone M.,atp,2001-02-27,Q119892451
Nedovyesov A.,atp,1987-02-15,Q7086270
Nedunchezhiyan J.,atp,1988-10-20,Q15491970
Neff A.,atp,2001-05-30,Q110862325
Neumayer L.,atp,2001-02-05,Q107641373
Nieminen J.,atp,1981-07-23,Q10270
Niki T.,atp,1987-10-12,Q17478174
Nikles J.,atp,1997-03-23,Q25999876
Nishikori K.,atp,1989-12-29,Q311222
Nishioka Y.,atp,1995-09-27,Q16735453
Noguchi R.,atp,1998-12-28,Q106362909
Norrie C.,atp,1995-08-23,Q23668736
Novak D.,atp,1993-08-28,Q16942082
Novikov D.,atp,1993-11-06,Q2045570
O Connell C.,atp,1994-06-03,Q28151675
O'Connell C.,atp,1994-06-03,Q28151675
Odesnik W.,atp,1985-11-21,Q45658
Ofner S.,atp,1996-05-12,Q31171456
Ojeda Lara R.,atp,1993-01-26,Q23668535
Oliel Y.,atp,2000-01-05,Q18670552
Olivetti A.,atp,1991-11-24,Q549297
Olivieri G.,atp,1998-08-04,Q106307177
Olivo R.,atp,1992-03-15,Q2758092
Onclin G.,atp,2001-02-26,Q123071120
Opelka R.,atp,1997-08-28,Q20655502
Ortega-Olmedo R.,atp,1991-04-14,Q16301398
Oswald P.,atp,1986-01-23,Q875723
Otte O.,atp,1993-07-16,Q29559367
Ouahab L.,atp,1984-12-22,Q1801569
Ouyang B.,atp,1992-05-19,Q18124399
Pacheco Mendez R.,atp,2005-04-25,Q113369488
Paire B.,atp,1989-05-08,Q246542
Pannu K.,atp,1997-01-07,Q113997699
Papamalamis T.,atp,2006-01-09,Q130887126
Pasha N.,atp,1992-07-15,Q18573496
Passaro F.,atp,2001-01-07,Q106981813
Patino L.,atp,1993-10-06,Q23039399
Paul T.,atp,1997-05-17,Q20050871
Pavic A.,atp,1989-03-07,Q15856663
Pavic M.,atp,1993-07-04,Q1588571
Pavlasek A.,atp,1994-10-08,Q5181660
Pavlovic L.,atp,2000-03-30,Q135285471
Pecotic M.,atp,1989-07-03,Q106206782
Peliwo F.,atp,1994-01-30,Q1619331
Pella G.,atp,1990-05-17,Q336862
Pellegrino A.,atp,1997-03-23,Q55363920
Peniston R.,atp,1995-11-10,Q100906747
Pereira T.,atp,2004-06-20,Q137186623
Pervolarakis M.,atp,1996-06-06,Q67276374
Petrovic D.,atp,1992-01-24,Q23907381
Petzschner P.,atp,1984-03-24,Q77180
Phau B.,atp,1979-10-04,Q77150
Pinnington Jones J.,atp,2003-03-30,Q106122397
Piros Z.,atp,1999-10-13,Q28539570
Polansky P.,atp,1988-06-15,Q1943147
Poljicak M.,atp,2004-07-13,Q107608377
Polmans M.,atp,1997-05-02,Q19059583
Popko D.,atp,1996-10-24,Q23678986
Popyrin A.,atp,1999-08-05,Q30143529
Pospisil V.,atp,1990-06-23,Q440531
Pouille L.,atp,1994-02-23,Q13403768
Prado Angelo J.C.,atp,2005-03-06,Q119265413
Prashanth V.,atp,1986-10-27,Q18758442
Prizmic D.,atp,2005-08-05,Q106102103
Przysiezny M.,atp,1984-02-16,Q1425199
Pucinelli de Almeida M.,atp,2001-04-01,Q64746203
Puetz T.,atp,1987-11-19,Q15133598
Purcell M.,atp,1998-04-03,Q26130049
Querrey S.,atp,1987-10-07,Q54538
Quigley E.,atp,1989-01-30,Q17478221
Quinn E.,atp,2004-03-12,Q113595229
Quinzi G.,atp,1996-02-01,Q920053
Quiroz R.,atp,1992-02-23,Q5405365
Ram R.,atp,1984-03-18,Q555660
Ramanathan R.,atp,1994-11-08,Q15759429
Ramirez-Hidalgo R.,atp,1978-01-06,Q440545
Ramos A.,atp,1988-01-17,Q459158
Ramos-Vinolas A.,atp,1988-01-17,Q459158
Raonic M.,atp,1990-12-27,Q312343
Rehberg M.,atp,2003-09-13,Q111718224
Reinberg E.,atp,1997-04-20,Q33355510
Reis Da Silva J.,atp,2000-03-26,Q117072118
Reister J.,atp,1986-04-02,Q63080
Rejchtman Vinciguerra W.,atp,2007-02-10,Q127421070
Reyes-Varela M.A.,atp,1987-06-21,Q13513039
Riba P.,atp,1988-04-07,Q457055
Riedi L.,atp,2002-01-27,Q84079908
Riffice S.,atp,1999-03-01,Q108285013
Rincon D.,atp,2003-01-07,Q108517831
Rinderknech A.,atp,1995-07-23,Q54007388
Ritschard A.,atp,1994-03-24,Q15782265
Robert S.,atp,1980-05-17,Q552542
Robredo T.,atp,1982-05-01,Q213199
Roca Batalla O.,atp,1993-04-30,Q20670785
Rocha H.,atp,2004-04-06,Q117480231
Rodesch C.,atp,2001-07-18,Q109658950
Rodionov J.,atp,1999-05-16,Q30148749
Rodriguez Taverna S.,atp,1999-07-16,Q110491493
Roger-Vasselin E.,atp,1983-11-28,Q274441
Rola B.,atp,1990-10-05,Q883242
Rosenholm P.,atp,1988-03-05,Q18127609
Rosol L.,atp,1985-07-24,Q29059
Rottgering M.,atp,2007-07-07,Q127429388
Roumane R.,atp,2000-09-11,Q67509189
Royer V.,atp,2001-05-29,Q126011326
Rubin N.,atp,1996-02-21,Q17581428
Rublev A.,atp,1997-10-20,Q17373391
Rune H.,atp,2003-04-29,Q48200561
Russell M.,atp,1978-05-01,Q447849
Ruud C.,atp,1998-12-22,Q18810082
Ruusuvuori E.,atp,1999-04-02,Q28493468
Rybakov A.,atp,1997-01-27,Q23678985
Sachko V.,atp,1997-07-14,Q100906819
Safiullin R.,atp,1997-08-07,Q18637944
Safranek V.,atp,1994-05-20,Q33061810
Safwat M.,atp,1990-09-19,Q16608398
Sakamoto P.,atp,1993-06-29,Q61867075
Sakamoto R.,atp,2006-06-24,Q124363312
Sakellaridis S.,atp,2004-09-13,Q115987451
Sakharov G.,atp,1988-06-10,Q33133363
Samper-Montana J.,atp,1990-04-05,Q14931523
Samrej K.,atp,2001-01-20,Q82292829
Samuel T.,atp,2002-09-06,Q119975389
Sanchez Izquierdo N.,atp,1999-03-15,Q106211478
Sandgren T.,atp,1991-07-22,Q7700510
Santillan A.,atp,1997-05-22,Q25999882
Sarkissian A.,atp,1990-04-03,Q20643204
Sarmiento R.,atp,1992-07-24,Q17364515
Satral J.,atp,1990-07-24,Q20643206
Saville L.,atp,1994-02-01,Q1475869
Schnur B.,atp,1995-07-04,Q17478269
Schoenhaus M.,atp,2007-08-01,Q126414616
Schoolkate T.,atp,2001-02-26,Q105138828
Schwaerzler J.,atp,2006-01-27,Q123146295
Schwaerzler J.J.,atp,2006-01-27,Q123146295
Schwartzman D.,atp,1992-08-16,Q5274812
Searle H.,atp,2006-03-29,Q120668370
Sekulic P.,atp,2003-09-05,Q122740011
Sela D.,atp,1985-04-04,Q311014
Sell K.,atp,1993-11-13,Q134498553
Seppi A.,atp,1984-02-21,Q319572
Serdarusic N.,atp,1996-12-13,Q18127899
Serra F.,atp,1981-02-28,Q315961
Sesko Z.,atp,2008-07-27,Q137582986
Setkic A.,atp,1987-12-21,Q4713815
Seyboth Wild T.,atp,2000-03-10,Q50198692
Shane R.,atp,1994-04-15,Q20745305
Shang J.,atp,2005-02-02,Q106466705
Shapovalov D.,atp,1999-04-15,Q20979382
Shelbayh A.,atp,2003-11-16,Q102246554
Shelton B.,atp,2002-10-09,Q108532383
Shevchenko A.,atp,2000-11-29,Q110287122
Shi B.,atp,2000-02-24,Q85010972
Shimabukuro S.,atp,1997-07-30,Q105776866
Shimizu Y.,atp,1999-06-09,Q105776850
Shyla Y.,atp,1993-03-05,Q19798422
Sidorenko A.,atp,1988-02-18,Q2834043
Sijsling I.,atp,1987-08-18,Q323883
Silva F.,atp,1995-03-18,Q5499229
Silva F.F.,atp,1995-03-18,Q5499229
Simon G.,atp,1984-12-27,Q212833
Simonsson F.,atp,1994-11-27,Q20745329
Sinner J.,atp,2001-08-16,Q54812588
Sitak A.,atp,1986-02-08,Q3610489
Skatov T.,atp,2001-01-21,Q47013799
Skugor F.,atp,1987-09-20,Q3502012
Smethurst D.,atp,1990-10-13,Q15311140
Smith A.,atp,1993-11-25,Q27922293
Smith C.,atp,2003-03-05,Q132126657
Smith J.P.,atp,1989-01-24,Q559777
Smyczek T.,atp,1987-12-30,Q25623
Sock J.,atp,1992-09-24,Q54663
Soderlund C.,atp,1997-06-03,Q25841125
Soeda G.,atp,1984-09-05,Q373544
Sonego L.,atp,1995-05-11,Q24061220
Sorensen L.,atp,1985-01-07,Q3495542
Soto M.,atp,1999-04-27,Q115628007
Sousa J.,atp,1989-03-30,Q1338865
Sousa P.,atp,1988-05-27,Q2498113
Souza J.,atp,1988-05-27,Q970533
Spizzirri E.,atp,2001-12-23,Q67186609
Squire H.,atp,2000-09-27,Q109369763
Stakhovsky S.,atp,1986-01-06,Q211636
Starace P.,atp,1981-07-14,Q317964
Stebe C.M.,atp,1990-10-09,Q77169
Stepanek R.,atp,1978-11-27,Q309395
Stewart H.,atp,1999-12-13,Q136439779
Stricker D.,atp,2002-08-16,Q100257508
Struff J.L.,atp,1990-04-25,Q1681537
Struvay E.,atp,1990-12-17,Q5340772
Sugita Y.,atp,1988-09-18,Q1358841
Sun F.,atp,1996-10-03,Q26251497
Suresh D.,atp,2000-03-29,Q129425770
Svajda T.,atp,2006-03-03,Q132014856
Svajda Z.,atp,2002-11-29,Q66391780
Svrcina D.,atp,2002-10-02,Q60238030
Sweeny D.,atp,2001-02-12,Q105140724
Taberner C.,atp,1997-08-08,Q23678987
Tabilo A.,atp,1997-06-02,Q65159701
Tabur C.,atp,2000-01-24,Q47496123
Takahashi Y.,atp,1997-10-17,Q41485593
Takeuchi K.,atp,1987-12-19,Q18558723
Tarvet O.,atp,2003-10-29,Q135093611
Te R.,atp,1997-10-09,Q18552831
Tearney F.,atp,1990-09-27,Q22096450
Teixeira M.,atp,1989-01-18,Q1913896
Tepavac M.,atp,1994-05-04,Q24061129
Thiem D.,atp,1993-09-03,Q88762
Thiem D. ,atp,1993-09-03,Q88762
Thompson C.,atp,1992-05-04,Q18128700
Thompson J.,atp,1994-04-20,Q16219277
Tiafoe F.,atp,1998-01-20,Q17305299
Tien L.,atp,2005-12-02,Q113548256
Tipsarevic J.,atp,1984-06-22,Q210012
Tirante T.A.,atp,2001-04-10,Q64747475
Tomic B.,atp,1992-10-21,Q288326
Topo M.,atp,2003-09-13,Q106949539
Torebko P.,atp,1988-02-10,Q7177354
Torpegaard M.,atp,1994-05-08,Q21067280
Torres T.,atp,2002-07-08,Q140632267
Travaglia S.,atp,1991-12-18,Q3972751
Trevisan M.,atp,1989-08-13,Q3852236
Trinker B.,atp,1990-05-11,Q20643224
Troicki V.,atp,1986-02-10,Q148225
Trotter J.K.,atp,1999-07-29,Q122973432
Trungelliti M.,atp,1990-01-31,Q3183203
Tseng C.H.,atp,2001-08-08,Q47516746
Tsitsipas P.,atp,2000-07-27,Q47508196
Tsitsipas S.,atp,1998-08-12,Q24450982
Tsitsipas S. ,atp,1998-08-12,Q24450982
Tsonga J.W.,atp,1985-04-17,Q192661
Tu L.,atp,1996-05-27,Q105620742
Turcanu R.D.,atp,2006-03-16,Q140811514
Tursunov D.,atp,1982-12-12,Q310376
Tyurnev E.,atp,1997-04-08,Q40214925
Uchida K.,atp,1994-08-23,Q16769804
Uchiyama Y.,atp,1992-08-05,Q15660946
Ugo Carabelli C.,atp,1999-06-17,Q106207380
Ungur A.,atp,1985-01-25,Q374499
Vacherot V.,atp,1998-11-16,Q107314093
Vaisse M.,atp,1987-08-11,Q18128969
Valkusz M.,atp,1998-08-13,Q22338780
Vallejo D.,atp,2004-04-28,Q107493222
Van Assche L.,atp,2004-05-11,Q107205896
Van De Zandschulp B.,atp,1995-10-04,Q28038578
Van Rijthoven T.,atp,1997-04-24,Q21067406
Vandecasteele Q.,atp,2002-09-01,Q121301547
Vanni L.,atp,1985-06-04,Q6695985
Varillas J.P.,atp,1995-10-06,Q23039577
Vatutin A.,atp,1992-10-27,Q21623230
Vavassori A.,atp,1995-05-05,Q43677815
Vega Hernandez D.,atp,1994-06-23,Q24706377
Veic A.,atp,1988-02-18,Q605602
Velotti A.,atp,1992-05-24,Q2827366
Venus M.,atp,1987-10-16,Q6835083
Verdasco F.,atp,1983-11-15,Q191740
Vesely J.,atp,1993-07-10,Q2481933
Vilella Martinez M.,atp,1995-07-03,Q23668766
Villanueva G.,atp,1995-01-13,Q106307111
Viola M.,atp,1987-07-07,Q2460787
Virtanen O.,atp,2001-06-21,Q55641350
Volandri F.,atp,1981-09-05,Q344765
Vrbensky M.,atp,1999-12-26,Q61455025
Vukic A.,atp,1996-04-06,Q47090843
Walton A.,atp,1999-04-17,Q117480246
Ward A.,atp,1990-04-30,Q18129132
Ward J.,atp,1987-02-09,Q959602
Watanuki Y.,atp,1998-04-12,Q23771664
Watt J.,atp,2000-06-09,Q131765886
Wawrinka S.,atp,1985-03-28,Q193661
Weintraub A.,atp,1986-09-16,Q3525392
Wendelken H.,atp,2001-12-18,Q135934273
Wessels L.,atp,1998-08-27,Q25841115
Whittington A.,atp,1993-08-11,Q4758903
Williams R.,atp,1991-03-22,Q1094017
Willis M.,atp,1990-10-09,Q16302555
Winter E.,atp,2004-09-15,Q110442800
Wolf J.J.,atp,1998-12-21,Q26799554
Wong C.,atp,2004-06-06,Q108498952
Wu D.,atp,1991-09-14,Q3423639
Wu T.L.,atp,1998-05-12,Q39842892
Wu Y.,atp,1999-10-14,Q28137186
Yevseyev D.,atp,1993-05-22,Q56250314
Ymer E.,atp,1996-04-10,Q17405398
Ymer M.,atp,1998-09-09,Q20788534
Young D.,atp,1989-07-23,Q54694
Youzhny M.,atp,1982-06-25,Q219970
Yuksel A.,atp,1990-05-19,Q27049234
Zahraj P.,atp,1999-07-17,Q123764175
Zapata Miralles B.,atp,1997-01-12,Q53871081
Zayed M.S.,atp,1994-03-09,Q17198943
Zayid M.,atp,1995-04-14,Q24505177
Zayid M.S.,atp,1995-04-14,Q24505177
Zeballos H.,atp,1985-04-27,Q512651
Zekic M.,atp,1988-07-12,Q6857944
Zemlja G.,atp,1986-09-29,Q515727
Zeppieri G.,atp,2001-12-07,Q56526313
Zhang Ze,atp,1990-07-04,Q8070429
Zhang Ze.,atp,1990-07-04,Q8070429
Zhang Zh.,atp,1996-10-16,Q21623382
Zheng M.,atp,2004-01-27,Q119268135
Zhou Y.,atp,2005-03-14,Q123392404
Zhukayev B.,atp,2000-10-12,Q114372793
Zopp J.,atp,1988-03-29,Q519950
Zuk K.,atp,1999-01-21,Q81106204
Zverev A.,atp,1997-04-20,Q13990552
Zverev A. ,atp,1997-04-20,Q13990552
Zverev M.,atp,1987-08-22,Q60289
Abanda F.,wta,1997-02-05,Q14863648
Abduraimova N.,wta,1994-07-07,Q4054628
Adkar V.,wta,2004-12-14,Q131863197
Ahn A.,wta,2006-12-27,Q126903619
Ahn K.,wta,1992-06-15,Q3104444
Ahn K.H.,wta,1992-06-15,Q3104444
Aiava D.,wta,2000-05-10,Q23059524
Aksu A.,wta,1996-07-15,Q20715280
Al Nabhani F.,wta,1991-05-20,Q5437905
Albanese L.,wta,1989-10-01,Q53322
Albie A.,wta,1994-10-24,Q26703354
Alexandrova E.,wta,1994-11-15,Q23719121
Altick F.,wta,1994-02-22,Q23715852
Alves C.,wta,1996-04-23,Q19281575
Alves C.M.,wta,1996-04-23,Q19281575
Alves M.F.,wta,1983-04-17,Q3622605
Amanmuradova A.,wta,1984-06-23,Q236858
Amariei I.D.,wta,2002-07-30,Q108072037
Anderson R.,wta,1993-04-12,Q23059598
Andreescu B.,wta,2000-06-16,Q22957410
Andreeva E.,wta,2004-06-24,Q103905654
Andreeva M.,wta,2007-04-29,Q114402278
Andrianjafitrimo T.,wta,1998-10-11,Q21162243
Anisimova A.,wta,2001-08-31,Q24456716
Anshba A.,wta,1999-09-09,Q43021496
Antonitsch M.,wta,1998-12-16,Q21970598
Aoyama S.,wta,1987-12-19,Q2443685
Appleton E.,wta,1999-09-01,Q65369872
Arango E.,wta,2000-11-28,Q24258872
Arcangioli M.,wta,1994-08-28,Q19938320
Arconada U.M.,wta,1998-10-28,Q25820408
Argyrokastriti M.,wta,2001-10-01,Q136115717
Arn G.,wta,1979-04-13,Q77284
Arruabarrena L.,wta,1992-03-20,Q237146
Arseneault A.,wta,2002-06-15,Q66141726
Arvidsson S.,wta,1984-02-16,Q232586
Astakhova D.,wta,2002-01-26,Q60320578
Atik R.,wta,1997-10-22,Q26131426
Avanesyan E.,wta,2002-09-17,Q106312033
Avdeeva J.,wta,2002-07-06,Q118173602
Azarenka V.,wta,1989-07-31,Q10118
Babel O.,wta,2004-02-26,Q106923149
Babos T.,wta,1993-05-10,Q239765
Back D.,wta,2002-01-24,Q114041030
Bacsinszky T.,wta,1989-06-08,Q232439
Badosa P.,wta,1997-11-15,Q19560013
Bai A.,wta,1990-01-18,Q4727012
Bai Z.,wta,2002-11-16,Q117385076
Baindl K.,wta,1994-02-20,Q4226809
Bains N.,wta,1997-12-17,Q15621304
Bandecchi S.,wta,1998-07-01,Q65588846
Baptiste H.,wta,2001-11-03,Q58628835
Bara I.,wta,1995-03-18,Q20140204
Barbieri G.,wta,1991-07-09,Q3765057
Barros V.L.,wta,2009-12-21,Q135229133
Barry M.,wta,2002-06-21,Q124048945
Barthel M.,wta,1990-07-11,Q77153
Bartunkova N.,wta,2006-02-25,Q106522281
Barty A.,wta,1996-04-24,Q84056
Basiletti N.,wta,2006-03-11,Q126371292
Bassols M.,wta,1999-12-13,Q61854961
Baszak W.,wta,2002-09-21,Q83965768
Bechri C.,wta,1998-06-23,Q23888024
Beck A.,wta,1994-02-16,Q77157
Begu I.,wta,1990-08-26,Q239751
Bejlek S.,wta,2006-01-31,Q107640117
Bektas E.,wta,1993-03-30,Q26728090
Bellis C.,wta,1999-04-08,Q16965153
Bencic B.,wta,1997-03-10,Q509903
Benhadi G.,wta,1998-02-15,Q112054290
Benoit M.,wta,1995-03-16,Q19295794
Berberovic N.,wta,1999-07-03,Q28777208
Bertea E.R.,wta,2006-05-06,Q134876673
Bertens K.,wta,1991-12-10,Q239733
Betova M.,wta,1994-09-01,Q4134097
Beygelzimer Y.,wta,1983-10-20,Q264535
Bhamidipaty S.R.,wta,2001-12-12,Q125366127
Bhatia R.,wta,1997-09-24,Q28736658
Birrell K.,wta,1998-04-29,Q15635268
Bjorklund M.,wta,1998-07-29,Q33298545
Black T.A.,wta,1998-05-12,Q15402507
Blinkova A.,wta,1998-09-10,Q20676027
Bogdan A.,wta,1992-11-25,Q3614850
Bogdan E.,wta,1992-03-28,Q2626148
Boisson L.,wta,2003-05-16,Q105725822
Bolkvadze M.,wta,1998-01-01,Q19281713
Bolsova A.,wta,1997-11-06,Q19819866
Bolsova Zadoinov A.,wta,1997-11-06,Q19819866
Bonaventure Y.,wta,1994-08-29,Q2511279
Bondar A.,wta,1997-05-27,Q19281715
Boserup J.,wta,1991-09-09,Q4992442
Boskovic L.,wta,1999-09-22,Q48009425
Bouchard E.,wta,1994-02-25,Q439032
Boulter K.,wta,1996-08-01,Q16979848
Bouzas Maneiro J.,wta,2002-09-24,Q96069911
Bouzkova M.,wta,1998-07-21,Q18003204
Brace C.,wta,2005-02-25,Q113247841
Brady J.,wta,1995-04-12,Q17612134
Brancaccio N.,wta,2000-06-24,Q96108571
Branstine C.,wta,2000-09-09,Q28532571
Brantmeier R.,wta,2004-10-05,Q108287347
Brengle M.,wta,1990-04-03,Q53336
Brianti A.,wta,1980-04-05,Q232559
Broady N.,wta,1990-02-28,Q461706
Brockmann T.J.,wta,2005-11-21,Q131583548
Bronzetti L.,wta,1998-12-10,Q90569642
Bucsa C.,wta,1998-01-01,Q56702741
Bulgaru M.,wta,1998-10-08,Q55584978
Burel C.,wta,2001-03-24,Q54086890
Burger C.,wta,1992-11-25,Q15873925
Burillo I.,wta,1997-07-23,Q97293772
Burnett N.,wta,1992-02-20,Q1616815
Burrage J.,wta,1999-05-28,Q64374288
Buyukakcay C.,wta,1989-09-28,Q1616864
Buzarnescu M.,wta,1988-05-04,Q2439034
Cabeza-Candela E.,wta,1987-02-20,Q34387
Cabrera L.,wta,1997-12-19,Q27505559
Cadantu A.,wta,1990-05-03,Q239696
Cako J.,wta,1991-08-30,Q6453895
Candiotto A.,wta,2004-04-19,Q116983696
Capurro Taborda M.,wta,1997-12-04,Q26209632
Caregaro M.,wta,1992-05-19,Q20007827
Carle M.,wta,2000-02-10,Q25350191
Ce G.,wta,1993-03-03,Q15711370
Celik S.,wta,1994-12-06,Q19925316
Cengiz B.,wta,1999-10-18,Q26507754
Cepede Royg V.,wta,1992-01-21,Q438508
Cepelova J.,wta,1993-05-29,Q289388
Cetkovska P.,wta,1985-02-08,Q234821
Chang H.,wta,1998-02-25,Q66438454
Chang K.C.,wta,1991-01-13,Q239612
Chang S.,wta,1997-05-28,Q23752002
Charaeva A.,wta,2002-05-27,Q71126317
Cheapchandej P.,wta,1994-12-13,Q46996766
Cherubini D.,wta,2002-05-09,Q113698912
Chiesa D.,wta,1996-06-13,Q24450216
Chirico L.,wta,1996-05-16,Q12825880
Choi J.H.,wta,1995-02-10,Q19281874
Chong E.,wta,1996-04-22,Q27450085
Christie F.,wta,1997-11-08,Q22236739
Chwalinska M.,wta,2001-10-11,Q28672411
Cibulkova D.,wta,1989-05-06,Q211802
Ciric Bagaric L.,wta,2004-01-09,Q114957762
Cirstea S.,wta,1990-04-07,Q230242
Clijsters K.,wta,1983-06-08,Q11685
Cocciaretto E.,wta,2001-01-25,Q48528654
Coin J.,wta,1982-12-02,Q234828
Collins D.,wta,1993-12-13,Q17523802
Collins D.R.,wta,1993-12-13,Q17523802
Cornet A.,wta,1990-01-22,Q229002
Costoulas S.,wta,2005-04-02,Q107762927
Crawford S.,wta,1995-02-18,Q53398
Crawley F.,wta,2002-02-07,Q117427553
Cristian J.,wta,1998-06-05,Q20676333
Cross K.,wta,2005-03-21,Q107986298
Curmi F.,wta,2002-07-07,Q54807481
Da Silva Fick G.,wta,2000-08-23,Q61016393
Dabrowski G.,wta,1992-04-01,Q5515953
Daniilidou E.,wta,1982-09-19,Q229315
Danilina A.,wta,1995-08-20,Q4766943
Danilovic O.,wta,2001-01-23,Q22679891
Dart H.,wta,1996-07-28,Q20026221
Date K.,wta,1970-09-28,Q229104
Davis L.,wta,1993-10-09,Q53405
Day K.,wta,1999-09-28,Q26696206
De Vroome I.,wta,1996-05-21,Q6028306
Dellacqua C.,wta,1985-02-11,Q229090
Di Giuseppe M.,wta,1991-02-10,Q53855558
Di Lorenzo F.,wta,1997-07-22,Q36778760
Di Sarra F.,wta,1990-05-16,Q3741540
Diatchenko V.,wta,1990-08-02,Q254756
Dinu C.,wta,1993-01-18,Q5186338
Diyas Z.,wta,1993-10-18,Q2466357
Dodin O.,wta,1996-10-24,Q18328123
Doi M.,wta,1991-04-29,Q34256
Dolehide C.,wta,1998-09-05,Q34114014
Dolonc V.,wta,1989-07-21,Q289326
Dominguez Lino L.,wta,1981-03-31,Q232544
Duan Y.Y.,wta,1989-07-03,Q4706382
Dubois S.,wta,1986-10-31,Q239634
Dudeney A.,wta,2003-05-28,Q112654023
Duerst J.,wta,1999-03-25,Q91466803
Dulgheru A.,wta,1989-05-30,Q231028
Dunne K.,wta,1995-02-16,Q17157004
Dushevina V.,wta,1986-10-06,Q230571
Duval V.,wta,1995-11-30,Q53414
Eala A.,wta,2005-05-23,Q67088022
Echeverria Alam N.,wta,1995-01-14,Q23831057
Efremova K.,wta,2009-04-28,Q124055054
Eguchi M.,wta,1992-04-18,Q15700787
Eikeri U.,wta,1992-12-16,Q1618183
El Allami M.,wta,2006-07-28,Q119519933
El Aouni A.,wta,2005-07-06,Q118594193
El Jardi D.,wta,2000-10-13,Q47469577
Erakovic M.,wta,1988-03-06,Q232575
Eraydin B.,wta,1994-06-21,Q8707137
Erjavec V.,wta,1999-12-30,Q95607501
Errani S.,wta,1987-04-29,Q229005
Ewald W.,wta,2006-02-20,Q113199771
Falconi I.,wta,1990-05-04,Q53418
Falei A.,wta,2004-03-29,Q114270345
Falkner Z.,wta,2002-07-07,Q107307440
Falkowska W.,wta,2000-06-17,Q105404664
Fernandez L.,wta,2002-09-06,Q50329570
Fernandez L.A.,wta,2002-09-06,Q50329570
Ferrando C.,wta,1995-08-10,Q25061974
Ferro F.,wta,1997-03-12,Q16885515
Fett J.,wta,1996-11-02,Q15948435
Feuerstein C.,wta,1986-02-28,Q438500
Fichman S.,wta,1990-12-03,Q1026173
Fita Boluda A.,wta,1999-07-12,Q105358186
Flink V.,wta,1996-12-13,Q13512756
Flipkens K.,wta,1986-01-10,Q211599
Foretz S.,wta,1981-05-03,Q232893
Fossa Huergo N.,wta,1995-05-26,Q108047580
Fourlis J.,wta,1999-09-17,Q25176079
Frech M.,wta,1997-12-15,Q10636559
Fridman O.,wta,1998-09-30,Q20740864
Friedsam A.L.,wta,1994-02-01,Q91683
Frodin T.,wta,2008-12-17,Q135277852
Fruhvirtova B.,wta,2007-04-02,Q101402030
Fruhvirtova L.,wta,2005-05-01,Q95568176
Fullana L.,wta,2001-04-09,Q130210922
Fung S.,wta,1997-02-06,Q96180310
Gabueva A.,wta,1988-12-07,Q18338409
Gadecki O.,wta,2002-04-24,Q104767538
Galfi D.,wta,1998-08-13,Q13637616
Gallovits E.,wta,1984-12-10,Q232547
Gamiz A.,wta,1992-10-31,Q4755117
Gao X.,wta,1997-11-21,Q27156306
Garcia C.,wta,1993-10-16,Q258877
Garcia Perez G.,wta,1992-05-13,Q21402261
Garcia Vidagany B.,wta,1988-11-17,Q2667784
Garland J.,wta,2001-07-16,Q106293815
Gasanova A.,wta,1999-05-15,Q104698749
Gatto-Monticone G.,wta,1987-11-18,Q3769266
Gauff C.,wta,2004-03-13,Q39263365
Gaydarzhi K.,wta,1995-02-08,Q17401999
Georges M.,wta,1990-12-21,Q6948568
Gerlach K.,wta,1998-02-19,Q19935786
Gervais J.,wta,1991-07-22,Q24228908
Gibbs N.,wta,1993-03-03,Q53548
Gibson T.,wta,2004-06-18,Q110523703
Giorgi C.,wta,1991-12-30,Q34248
Giovine C.,wta,1990-07-18,Q5129175
Gjorcheska L.,wta,1994-08-03,Q19802192
Glatch A.,wta,1989-09-10,Q53553
Gleason Q.,wta,1994-11-10,Q29432237
Glozman V.,wta,2006-11-22,Q113586067
Glushko J.,wta,1990-01-04,Q1618676
Glushko L.,wta,2000-01-12,Q52063079
Goerges J.,wta,1988-11-02,Q77167
Golubic V.,wta,1992-10-16,Q7929924
Goncalves P.C.,wta,1990-08-11,Q13360131
Gonzalez M.,wta,1994-07-01,Q6906582
Gorgodze E.,wta,1991-12-03,Q5350353
Govortsova O.,wta,1988-08-23,Q230248
Grabher J.,wta,1996-07-02,Q18972370
Gracheva V.,wta,2000-08-02,Q50332038
Grammatikopoulou V.,wta,1997-02-09,Q16399655
Grant T.C.,wta,2008-03-12,Q119296001
Grey S.,wta,1995-08-10,Q61751342
Grymalska A.,wta,1990-07-12,Q4751868
Guarachi A.,wta,1990-11-17,Q21045631
Guo H.,wta,1998-05-18,Q41735946
Guth M.,wta,2003-06-24,Q107281421
Haas B.,wta,1996-03-19,Q4858938
Haddad Maia B.,wta,1996-05-30,Q2380901
Halep S.,wta,1991-09-27,Q230156
Hampton J.,wta,1990-01-08,Q53561
Han N.L.,wta,1992-07-06,Q18044011
Han X.,wta,1990-05-30,Q713509
Hanatani N.,wta,1995-03-07,Q105745755
Hantuchova D.,wta,1983-04-23,Q52430
Harrison C.,wta,1994-04-09,Q85236851
Harrison Ca.,wta,1994-04-09,Q85236851
Hartono A.,wta,1996-04-21,Q58495489
Hatouka Y.,wta,2000-04-24,Q63985558
Havlickova L.,wta,2005-03-13,Q107492754
Hennemann C.W.,wta,2001-03-22,Q76626574
Herazo Gonzalez M.,wta,1997-03-22,Q15788251
Herazo M.,wta,1997-03-22,Q15788251
Hercog P.,wta,1991-01-20,Q229079
Hermoso X.,wta,1991-04-28,Q8044451
Herrero Linana A.,wta,1998-12-29,Q114269936
Hesse A.,wta,1993-01-16,Q1394777
Hewitt D.,wta,2000-12-16,Q58628856
Hibi M.,wta,1996-04-03,Q13646075
Hibino N.,wta,1994-11-28,Q18210941
Higuita Barraza M.,wta,2007-06-14,Q125253181
Hives Z.,wta,1996-10-24,Q22236502
Hlavackova A.,wta,1986-08-10,Q11581
Hobgarski K.,wta,1997-06-18,Q20645920
Hodzic M.,wta,2002-06-06,Q65515756
Hogenkamp R.,wta,1992-04-16,Q2352456
Hon P.,wta,1998-05-10,Q18810520
Hontama M.,wta,1999-08-30,Q66495445
Hosogi S.,wta,2000-03-25,Q114610587
Hourigan P.M.,wta,1997-02-03,Q7124720
Hovde L.,wta,2005-10-25,Q110716870
Hozumi E.,wta,1994-02-17,Q14626025
Hradecka L.,wta,1985-05-21,Q11583
Hruncakova V.,wta,1998-05-11,Q20968624
Hsieh S.W.,wta,1986-01-04,Q232566
Hsu C.W.,wta,1996-08-19,Q5924372
Hui K.,wta,2005-01-29,Q119686125
Hunter S.,wta,1994-08-11,Q7620174
Ianchuk O.,wta,1995-03-29,Q20736463
Iatcenko P.,wta,2003-12-10,Q116447990
Ibragimova A.,wta,2005-01-19,Q124441835
Iliev S.,wta,2006-10-03,Q118538852
Imanishi M.,wta,1992-05-20,Q18197498
In-Albon Y.,wta,1999-03-06,Q29362949
Inglis M.,wta,1998-01-14,Q18810491
Irigoyen M.,wta,1987-06-24,Q2622565
Ishii S.,wta,2005-08-31,Q116279277
Ishizu S.,wta,1992-09-03,Q3487002
Ito A.,wta,2004-05-21,Q114602468
Ivakhnenko V.,wta,1993-06-27,Q7911074
Ivanov V.,wta,2001-03-27,Q60291123
Ivanovic A.,wta,1987-11-06,Q30758
Jabeur O.,wta,1994-08-28,Q290212
Jacquemot E.,wta,2003-05-03,Q64008826
Jafarova N.,wta,1997-11-16,Q17541328
Jaksic J.,wta,1993-09-30,Q9362887
Jakupovic D.,wta,1991-03-24,Q15830617
Jamrichova R.,wta,2007-06-20,Q116451859
Jang S.,wta,1995-03-13,Q14941252
Jang S.J.,wta,1995-03-13,Q14941252
Jani R.L.,wta,1991-07-31,Q772600
Janicijevic S.,wta,2002-07-23,Q63999839
Jankovic J.,wta,1985-02-28,Q15269
Jeanjean L.,wta,1995-08-14,Q107608347
Jeong B.,wta,2003-05-21,Q114060429
Jiang X.,wta,1999-03-03,Q30068620
Jimenez Kasintseva V.,wta,2005-08-09,Q67372349
Jimenez V.,wta,2005-08-09,Q67372349
Johansson M.,wta,1985-04-28,Q232570
Joint M.,wta,2006-04-16,Q123615700
Jones E.,wta,2008-07-07,Q116046394
Jones F.,wta,2000-09-19,Q62700236
Jorovic I.,wta,1997-05-03,Q15636316
Jovanovski B.,wta,1991-12-31,Q239671
Jovic I.,wta,2007-12-06,Q122216464
Juvan K.,wta,2000-11-25,Q29478863
Kabbaj Y.,wta,2004-01-15,Q111994096
Kalashnikova O.,wta,1990-09-05,Q197549
Kalieva E.,wta,2003-07-27,Q108272143
Kalinina A.,wta,1997-02-07,Q15642606
Kalinskaya A.,wta,1998-12-02,Q20088944
Kamenskaya V.,wta,1991-11-26,Q27537219
Kanepi K.,wta,1985-06-10,Q211428
Kang J.,wta,1997-07-19,Q21621641
Kania P.,wta,1992-11-06,Q276319
Karatancheva L.,wta,2003-09-08,Q111590206
Karatantcheva S.,wta,1989-08-08,Q230881
Kartal S.,wta,2001-10-28,Q110904224
Kasatkina D.,wta,1997-05-07,Q17144642
Kato M.,wta,1994-11-21,Q20982979
Kawa K.,wta,1992-11-17,Q15770368
Kenin S.,wta,1998-11-14,Q18679122
Kerber A.,wta,1988-01-18,Q77178
Kerkhove L.,wta,1991-11-04,Q14942839
Kessler M.,wta,1999-07-08,Q121770120
Keys M.,wta,1995-02-17,Q34403
Khazaniuk D.,wta,1994-10-24,Q23059636
Khromacheva I.,wta,1995-05-12,Q2187618
Kichenok L.,wta,1992-07-20,Q4222570
Kichenok N.,wta,1992-07-20,Q4222571
Kiick A.,wta,1995-06-30,Q1995913
King V.,wta,1989-02-03,Q54528
Kinoshita H.,wta,2006-10-27,Q123524702
Kirilenko M.,wta,1987-01-25,Q11657
Kleybanova A.,wta,1989-07-15,Q220755
Klimovicova L.,wta,2004-06-18,Q107494252
Klugman H.,wta,2009-02-18,Q119983167
Knapp K.,wta,1987-06-28,Q232600
Knutson G.,wta,1997-04-21,Q113624690
Kobori M.,wta,1998-08-22,Q39350484
Koehler M.J.,wta,1992-10-08,Q438663
Koevermans A.,wta,2004-01-02,Q119496277
Kolar N.,wta,1994-07-15,Q6967718
Komardina A.,wta,1997-07-08,Q21127219
Konjuh A.,wta,1997-12-27,Q2365460
Konta J.,wta,1991-05-17,Q770789
Kontaveit A.,wta,1995-12-24,Q639366
Korashvili O.,wta,1996-03-01,Q3702489
Korneeva A.,wta,2007-06-23,Q116447696
Korpatsch T.,wta,1995-05-12,Q19924597
Kostova E.,wta,1990-04-10,Q3657210
Kostovic T.,wta,2007-06-28,Q134031429
Kostyuk M.,wta,2002-06-28,Q28535267
Kotliar Y.,wta,2007-02-01,Q134463564
Koukalova K.,wta,1982-02-24,Q137646
Kovackova A.,wta,2008-06-13,Q120692791
Kovackova J.,wta,2010-06-13,Q133503699
Kovinic D.,wta,1994-11-18,Q5219935
Krajicek M.,wta,1989-01-09,Q231960
Kratzer A.,wta,1999-02-06,Q36397388
Kraus S.,wta,2002-04-29,Q57192958
Krawczyk D.,wta,1994-01-11,Q34115005
Krejcikova B.,wta,1995-12-18,Q11052500
Krejsova P.,wta,1990-06-30,Q12045145
Krueger A.,wta,2004-05-07,Q105825572
Krunic A.,wta,1993-03-15,Q2631763
Ku Y.,wta,2003-03-15,Q114060417
Kubka M.,wta,2001-04-19,Q105393885
Kucova K.,wta,1990-05-23,Q254267
Kudermetova P.,wta,2003-06-04,Q105967693
Kudermetova V.,wta,1997-04-24,Q14618664
Kudryavtseva A.,wta,1987-11-03,Q653709
Kulambayeva Z.,wta,2000-03-26,Q48200215
Kulichkova E.,wta,1996-04-12,Q5363900
Kumkhum L.,wta,1993-07-21,Q539526
Kung L.,wta,2000-10-21,Q29362952
Kuwata H.,wta,1990-12-18,Q17434406
Kuznetsova S.,wta,1985-06-27,Q192064
Kvitova P.,wta,1990-03-08,Q30812
Lamens S.,wta,1999-07-05,Q47088527
Lansere S.,wta,2000-09-29,Q55760771
Lao D.,wta,1991-05-28,Q18044538
Lapko V.,wta,1998-09-29,Q18965287
Larsson J.,wta,1988-08-17,Q233328
Laskutova K.,wta,1996-08-29,Q115965533
Lazaro A.,wta,1994-11-04,Q97101712
Lazaro Garcia A.,wta,1994-11-04,Q97101712
Lee C.Y.,wta,2001-12-21,Q61637694
Lee G.,wta,2005-03-21,Q124260162
Lee P.C.,wta,1994-10-16,Q22957585
Lee S.R.,wta,1988-08-19,Q29168231
Leme Da Silva N.V.,wta,2010-03-13,Q136484154
Lemoine Q.,wta,1991-12-25,Q17747390
Lepchenko V.,wta,1986-05-21,Q54532
Lertpitaksinchai N.,wta,1991-08-14,Q13512783
Lew Yan Foon A.,wta,2005-08-15,Q118744784
Lewis J.,wta,1998-12-18,Q23059656
Leykina P.,wta,1994-09-20,Q23993949
Li A.,wta,2000-06-26,Q39074494
Li N.,wta,1982-02-26,Q180446
Liang E.S.,wta,2000-10-02,Q47500277
Liebens K.,wta,1995-01-11,Q19058744
Lim A.,wta,1990-07-13,Q1942172
Linette M.,wta,1992-02-12,Q722311
Lisicki S.,wta,1989-09-22,Q76338
Lister C.,wta,1994-05-26,Q16219266
Liu C.,wta,2000-05-25,Q20898017
Liu F.,wta,1995-12-12,Q15491968
Liutova K.,wta,2010-02-02,Q138498616
Lizarazo Y.,wta,1993-05-23,Q8060948
Lodikova D.,wta,1996-05-25,Q106311183
Loeb J.,wta,1995-03-08,Q20708205
Lottner A.,wta,1996-08-13,Q122632
Lovric P.,wta,2002-04-23,Q84560680
Lu Jia-Jing,wta,1989-11-18,Q17281094
Lu Jing-Jing,wta,1989-05-05,Q3487333
Lucic M.,wta,1982-03-09,Q239686
Lucic-Baroni M.,wta,1982-03-09,Q239686
Lumsden M.,wta,1998-01-10,Q64374286
Lys E.,wta,2002-01-12,Q86838090
Ma S.,wta,1999-06-29,Q27048627
Ma Y.,wta,1999-06-10,Q106293196
Majeric T.,wta,1990-08-31,Q3809139
Makarova E.,wta,1988-06-07,Q953688
Maleckova J.,wta,1994-08-16,Q23715582
Malygina E.,wta,2000-05-27,Q48261035
Mandlik E.,wta,2001-05-19,Q66491001
Mansouri Y.,wta,2001-05-15,Q56613038
Marand S.,wta,1988-06-21,Q17525743
Marcinkevica D.,wta,1992-08-03,Q2805247
Marcinko P.,wta,2005-12-04,Q110156289
Maria T.,wta,1987-08-08,Q57942
Marino R.,wta,1990-12-16,Q241946
Maristany G.,wta,1999-02-19,Q105745607
Martic P.,wta,1991-01-19,Q232553
Martincova T.,wta,1994-10-24,Q13426427
Martinez Cirez C.,wta,2001-02-13,Q112253991
Masarova R.,wta,1999-08-06,Q24333000
Mateas M.,wta,1999-07-21,Q25929578
Matoula M.,wta,1997-04-26,Q107392784
Mattek-Sands B.,wta,1985-03-23,Q54537
Mayo A.,wta,2000-02-10,Q29344538
Mayr P.,wta,1986-11-08,Q239781
Mboko V.,wta,2006-08-26,Q110718470
McNally C.,wta,2001-11-20,Q27537235
Mchale C.,wta,1992-05-11,Q45405
Mcnally C.,wta,2001-11-20,Q27537235
Medina Garrigues A.,wta,1982-07-31,Q219724
Mediorreal Arias V.,wta,2007-03-02,Q117421681
Melichar N.,wta,1993-07-29,Q2216368
Melnikova M.,wta,1989-02-05,Q6452511
Mendez S.,wta,1999-05-15,Q60575176
Mertens E.,wta,1995-11-17,Q17381675
Mestach A.S.,wta,1994-03-07,Q454683
Meusburger Y.,wta,1983-10-03,Q272046
Micic E.,wta,2004-07-13,Q124246309
Middendorf J.,wta,2003-01-31,Q104870582
Mikulskyte J.,wta,1996-02-06,Q6318316
Min G.,wta,1994-05-06,Q54542
Minca I.,wta,1998-09-27,Q25760610
Minella M.,wta,1985-11-22,Q239841
Minnen G.,wta,1997-08-14,Q23059523
Minor B.,wta,1997-11-25,Q30538226
Mishina D.,wta,1993-04-09,Q61058445
Mitu A.,wta,1991-09-22,Q3697548
Miyazaki Y.,wta,1995-11-11,Q88211086
Mladenovic K.,wta,1993-05-14,Q242959
Molinero F.,wta,1988-11-28,Q2600852
Monnet C.,wta,2001-12-01,Q97368614
Monova P.,wta,1993-04-06,Q20741334
Monroy Y.,wta,1998-09-20,Q111519614
Montgomery R.,wta,2004-09-05,Q66309318
Moore T.,wta,1992-08-06,Q1616613
Morderger Y.,wta,1997-03-07,Q24512481
Morita A.,wta,1990-03-11,Q232607
Morvayova V.,wta,2001-03-10,Q106293997
Moser L.M.,wta,1991-03-28,Q13903847
Mrdeza T.,wta,1990-11-14,Q5212359
Muchova K.,wta,1996-08-21,Q23661750
Muguruza G.,wta,1993-10-08,Q34276
Muhammad A.,wta,1991-04-04,Q4806395
Muramatsu C.,wta,1998-05-22,Q56600124
Murray S.,wta,1987-10-09,Q12193601
Naef C.,wta,2005-06-25,Q111234738
Nahimana S.,wta,2001-04-21,Q52424784
Naito Y.,wta,2001-02-16,Q27832726
Naklo T.,wta,2001-08-20,Q123055186
Namigata J.,wta,1982-07-05,Q271714
Nara K.,wta,1991-12-30,Q270125
Navarro E.,wta,2001-05-18,Q62675797
Naydenova A.,wta,1992-02-29,Q4715613
Neuwirth Y.,wta,1992-08-04,Q8062490
Ng K.Y.,wta,1997-02-19,Q33129800
Ngounoue C.,wta,2006-07-19,Q110718092
Niculescu M.,wta,1987-09-25,Q230346
Niemeier J.,wta,1999-08-12,Q52084361
Noel A.,wta,2002-09-06,Q60325079
Noha Akugue N.,wta,2003-12-02,Q104156880
Noordin J.,wta,1990-10-08,Q17523908
Noskova L.,wta,2004-11-17,Q106354932
Nugroho P.,wta,2003-05-29,Q84077585
Nugroho P.M.,wta,2003-05-29,Q84077585
Nuudi M.,wta,2000-05-24,Q28755586
Okalova M.,wta,1997-06-05,Q123580284
Okamura K.,wta,1995-10-06,Q18211248
Oktiabreva A.,wta,2008-07-26,Q133850520
Okuno A.,wta,1995-06-21,Q22811510
Olaru R.,wta,1989-03-03,Q232432
Oliynykova O.,wta,2001-01-03,Q105711730
Olmos G.,wta,1993-03-04,Q22351214
Oprandi R.,wta,1986-03-29,Q239620
Ormaechea P.,wta,1992-09-28,Q269636
Ortenzi J.,wta,2001-11-20,Q61630559
Osaka M.,wta,1996-04-03,Q18066926
Osaka N.,wta,1997-10-16,Q17466583
Osorio C.,wta,2001-12-22,Q29052147
Ostapenko J.,wta,1997-06-08,Q5551564
Osuigwe W.,wta,2002-04-17,Q30217670
Oudin M.,wta,1991-09-23,Q30787
Oz I.,wta,1999-07-08,Q47169113
Ozaki R.,wta,1994-04-10,Q14616346
Ozgen P.,wta,1986-05-08,Q3544658
Paar L.I.,wta,1988-05-31,Q12052895
Paganetti V.,wta,2006-06-17,Q125809847
Palicova B.,wta,2004-03-11,Q106538774
Panova A.,wta,1989-03-02,Q289422
Paoletti M.,wta,2003-03-04,Q106844167
Paolini J.,wta,1996-01-04,Q19973674
Papadakis L.,wta,1998-08-23,Q19969572
Papamichail D.,wta,1993-02-09,Q13512708
Paquet C.,wta,1994-07-01,Q16956915
Pareja J.,wta,2009-02-18,Q129400502
Park S.,wta,2002-07-02,Q56702230
Parks A.,wta,2000-12-31,Q105745525
Parmentier P.,wta,1986-01-31,Q239646
Parrizas Diaz N.,wta,1991-07-15,Q42904647
Parry D.,wta,2002-09-01,Q30082774
Paszek T.,wta,1990-12-06,Q230231
Patterson T.,wta,1990-01-03,Q2197150
Pattinama Kerkhove L.,wta,1991-11-04,Q14942839
Pavlyuchenkova A.,wta,1991-07-03,Q487182
Pedone G.,wta,2004-08-31,Q117829002
Pegula J.,wta,1994-02-24,Q24159
Pella C.,wta,1993-01-31,Q16301573
Peng S.,wta,1986-01-08,Q229087
Pennetta F.,wta,1982-02-25,Q207528
Pera B.,wta,1994-12-03,Q13850958
Pereira T.,wta,1988-07-20,Q34410
Perez E.,wta,1995-10-10,Q22086227
Perrin C.,wta,1990-12-25,Q5162081
Pervak K.,wta,1991-05-27,Q232613
Pervushina O.,wta,2000-04-29,Q24258869
Peterson R.,wta,1995-08-06,Q6451785
Petkovic A.,wta,1987-09-09,Q57557
Petrova N.,wta,1982-06-08,Q11659
Pfizenmaier D.,wta,1992-01-13,Q63289
Pieri J.,wta,1997-04-24,Q25062000
Pieri T.,wta,1999-03-29,Q96072370
Pigato L.,wta,2003-06-21,Q60732040
Pigossi L.,wta,1994-08-02,Q6499315
Pironkova T.,wta,1987-09-13,Q229460
Piter K.,wta,1991-02-16,Q83562
Pivovarova A.,wta,1990-06-16,Q258785
Plazas J.,wta,2002-03-26,Q51770266
Plipuech P.,wta,1992-11-15,Q7157914
Pliskova Ka.,wta,1992-03-21,Q289365
Pliskova Kr.,wta,1992-03-21,Q289295
Podoroska N.,wta,1997-02-10,Q16496064
Podrez V.,wta,2007-01-11,Q134452382
Pohankova M.,wta,2008-10-21,Q124082130
Ponchet J.,wta,1996-09-26,Q26703355
Popa G.S.,wta,2009-11-09,Q135336862
Potapova A.,wta,2001-03-30,Q24955766
Preston T.,wta,2005-10-27,Q110418366
Pridankina E.,wta,2005-08-30,Q123482835
Prisacariu A.,wta,2000-02-09,Q106367233
Prozorova T.,wta,2003-10-10,Q118612698
Puchkova O.,wta,1987-09-27,Q241776
Puig M.,wta,1993-09-27,Q1616699
Putintseva Y.,wta,1995-01-07,Q2429984
Qostal L.,wta,1997-03-11,Q13512754
Quevedo K.,wta,2006-02-13,Q121826235
Radanovic D.,wta,1996-05-14,Q23661765
Radisic N.,wta,2000-03-19,Q48261050
Radivojevic L.,wta,2005-01-02,Q106861566
Raducanu E.,wta,2002-11-13,Q64849968
Raducànu E.,wta,2002-11-13,Q64849968
Radwanska A.,wta,1989-03-06,Q207352
Radwanska U.,wta,1990-12-07,Q236866
Raina A.,wta,1993-01-11,Q4766073
Rajecki A.,wta,2002-06-03,Q119415941
Rajeshwaran Revathi M.,wta,2009-06-12,Q132101756
Rakhimova K.,wta,2001-08-28,Q65769637
Rakotomanga Rajaonah T.,wta,2005-12-15,Q117845510
Ramialison I.,wta,1991-06-09,Q16947762
Rapolu M.,wta,2003-04-18,Q131316127
Razzano V.,wta,1983-05-12,Q220425
Reix S.,wta,1989-04-03,Q19968955
Ren Y.,wta,2006-04-11,Q118406101
Reyngold E.,wta,2001-04-07,Q112035385
Riera J.,wta,2002-05-29,Q108126658
Riske A.,wta,1990-07-03,Q54572
Riske-Amritraj A.,wta,1990-07-03,Q54572
Ristic M.,wta,2006-05-17,Q113958123
Robbe A.,wta,2000-05-10,Q66684864
Robillard-Millette C.,wta,1999-01-12,Q23887884
Robson L.,wta,1994-01-21,Q10120
Rodina E.,wta,1989-02-04,Q258950
Rodionova An.,wta,1982-05-12,Q487098
Rodionova Ar.,wta,1989-12-15,Q291769
Rodriguez V.,wta,1995-04-22,Q14775760
Rogers A.S.,wta,1998-03-21,Q114018680
Rogers S.,wta,1992-10-13,Q377658
Rogowska O.,wta,1991-06-07,Q242993
Romero Gormaz L.,wta,2002-04-06,Q112283161
Rosatello C.,wta,1995-05-28,Q29555684
Rosca A.,wta,1999-03-20,Q55584947
Routliffe E.,wta,1995-04-11,Q20895299
Rouvroy M.,wta,2001-03-22,Q110799999
Ruggeri J.,wta,2003-07-23,Q119795145
Rus A.,wta,1990-12-13,Q239758
Ruse E.G.,wta,1997-11-06,Q20745254
Ruzic A.,wta,2003-01-20,Q84599634
Rybakina E.,wta,1999-06-17,Q42055714
Rybarikova M.,wta,1988-10-04,Q230359
Sabalenka A.,wta,1998-05-05,Q23448791
Sadikovic A.,wta,1989-05-06,Q64583
Safarova L.,wta,1987-02-04,Q228989
Safarova Z.,wta,1999-11-27,Q52634231
Saigo R.,wta,2000-10-17,Q114049177
Saito S.,wta,2006-10-03,Q119032982
Sakatsume H.,wta,2001-08-03,Q106368473
Sakellaridi S.,wta,2003-04-01,Q105710803
Sakkari M.,wta,1995-07-25,Q6761562
Salkova D.,wta,2004-06-28,Q113215656
Samson L.,wta,2008-03-10,Q120692792
Samsonova L.,wta,1998-11-11,Q26416429
Samudio A.,wta,2001-03-27,Q106388356
Sanchez A.S.,wta,1994-04-13,Q4750504
Sanchez Uribe M.J.,wta,2008-08-13,Q126898578
Sanders S.,wta,1994-08-11,Q7620174
Sasnovich A.,wta,1994-03-22,Q4725560
Savchuk O.,wta,1987-09-20,Q237503
Saville D.,wta,1994-03-05,Q2446649
Savinykh V.,wta,1991-02-20,Q440162
Sawangkaew M.,wta,2002-07-10,Q61559705
Schaefer A.,wta,1987-03-01,Q95876
Scheepers C.,wta,1984-03-13,Q234854
Schiavone F.,wta,1980-06-23,Q188107
Schmiedlova A.,wta,1994-09-13,Q138094
Schmiedlova A.K.,wta,1994-09-13,Q138094
Schmiedlova K.,wta,1997-08-06,Q16832632
Schnyder P.,wta,1978-12-14,Q231954
Schoofs B.,wta,1988-05-13,Q17229
Schunk N.,wta,2003-08-17,Q104777672
Schuurs D.,wta,1993-08-01,Q3210313
Scott K.,wta,2004-06-11,Q66494826
Sebov K.,wta,1999-01-05,Q28732960
Seguel D.,wta,1992-11-15,Q12857410
Seidel E.,wta,2005-02-14,Q110952335
Selekhmeteva O.,wta,2003-01-13,Q67200158
Sema E.,wta,1988-11-24,Q1616797
Semenistaja D.,wta,2002-09-16,Q106807023
Serban R.,wta,1997-06-17,Q42860009
Sevastova A.,wta,1990-04-13,Q232445
Shapatava S.,wta,1989-01-12,Q1753608
Sharapova M.,wta,1987-04-19,Q11666
Sharipova S.,wta,1994-09-04,Q4520541
Sharma A.,wta,1995-09-11,Q45696181
Sherif M.,wta,1996-05-05,Q19577829
Shi H.,wta,2005-05-30,Q126089370
Shibahara E.,wta,1998-02-12,Q26721334
Shimizu A.,wta,1998-04-11,Q53648288
Shinikova I.,wta,1991-10-25,Q6078092
Shnaider D.,wta,2004-04-02,Q107183075
Shoshyna A.,wta,1997-11-30,Q23719125
Shvedova Y.,wta,1987-09-12,Q229073
Shymanovich I.,wta,1997-06-30,Q15710275
Sidorova K.,wta,2006-05-30,Q126214720
Siegemund L.,wta,1988-03-04,Q89128
Sierra S.,wta,2004-06-17,Q111324826
Silva E.,wta,1996-03-14,Q24293150
Siniakova K.,wta,1996-05-10,Q3720044
Siskova A.,wta,2001-07-01,Q104640359
Smitkova T.,wta,1994-10-10,Q13377560
Snigur D.,wta,2002-03-27,Q65553008
Soboleva A.,wta,2004-04-23,Q107661235
Soler Espinosa S.,wta,1987-11-19,Q239665
Soler Espinosa S..,wta,1987-11-19,Q239665
Soler-Espinosa S.,wta,1987-11-19,Q239665
Solovyeva V.,wta,1992-11-03,Q247192
Sonmez Z.,wta,2002-04-30,Q65599731
Sonobe W.,wta,2008-01-17,Q124424785
Sorribes Tormo S.,wta,1996-10-08,Q17750103
Soylu I.,wta,1996-04-15,Q8080164
Spiteri D.,wta,1997-04-24,Q65923182
Sramkova R.,wta,1996-10-19,Q15867627
Stakusic M.,wta,2004-11-27,Q113246175
Starodubtseva Y.,wta,2000-02-17,Q120734490
Stearns P.,wta,2001-10-08,Q106293259
Stefani L.,wta,1997-08-09,Q20736540
Stefanini L.,wta,1998-05-15,Q63967008
Stefkova B.,wta,1995-04-04,Q23887728
Steiner V.,wta,2006-07-19,Q135334827
Stephens S.,wta,1993-03-20,Q54670
Stevanovic N.,wta,1994-07-25,Q6968276
Stoiana M.,wta,2003-05-06,Q119521061
Stojanovic N.,wta,1996-07-30,Q15720452
Stojsavljevic M.,wta,2008-12-15,Q126378212
Stollar F.,wta,1998-11-12,Q20668287
Stosur S.,wta,1984-03-30,Q191766
Strakhova V.,wta,1995-06-09,Q20788525
Strycova B.,wta,1986-03-28,Q230353
Stusek J.,wta,2008-06-30,Q114832476
Suarez Navarro C.,wta,1988-09-03,Q230260
Sugnaux T.,wta,1995-03-03,Q19309903
Sun L.,wta,2001-04-14,Q61944757
Sutjiadi A.,wta,1995-05-02,Q26838133
Svitolina E.,wta,1994-09-12,Q270249
Swan K.,wta,1999-03-24,Q18920151
Swiatek I.,wta,2001-05-31,Q26840238
Szabanin N.,wta,2003-10-11,Q107043170
Tagger L.,wta,2008-02-17,Q128688561
Talaba G.,wta,1995-08-23,Q67888435
Tan H.,wta,1997-09-11,Q18412245
Tanasugarn T.,wta,1977-05-24,Q144555
Tang H.C.,wta,1994-02-21,Q15303704
Tararudee L.,wta,2004-07-07,Q113162452
Tatishvili A.,wta,1990-02-03,Q236789
Tauson C.,wta,2002-12-21,Q42675013
Taylor G.,wta,1998-03-07,Q23059486
Teichmann J.,wta,1997-07-15,Q18011082
Teichmann J.B.,wta,1997-07-15,Q18011082
Thandi K.,wta,1998-06-16,Q28736634
Tian F.,wta,2003-08-10,Q119198619
Tig P.M.,wta,1994-07-27,Q19632335
Tikhonova A.,wta,2001-01-21,Q65925042
Timofeeva M.,wta,2003-11-18,Q106367605
Tjandramulia O.,wta,1997-05-11,Q15628805
Tjen J.,wta,2002-05-06,Q126454806
Tkacheva M.,wta,2001-12-17,Q110725497
Todoni A.,wta,2004-10-10,Q115162273
Tomljanovic A.,wta,1993-05-07,Q2712407
Tomova V.,wta,1995-02-25,Q10996110
Tona M.,wta,1995-01-09,Q96063370
Topalova G.,wta,2000-02-22,Q61644154
Torres Murcia M.C.,wta,2002-11-10,Q111472952
Torro Flor M.T.,wta,1992-05-02,Q716568
Toth A.,wta,2003-02-10,Q107474709
Townsend T.,wta,1996-04-16,Q766964
Trevisan M.,wta,1993-11-03,Q28758348
Tsurenko L.,wta,1989-05-30,Q289378
Tubello A.,wta,2001-01-30,Q106294729
Turati B.,wta,1997-06-17,Q26272208
Uchijima M.,wta,2001-08-11,Q56651209
Udvardy P.,wta,1998-09-28,Q28815694
Umarova K.,wta,1999-10-23,Q27032204
Urgesi F.,wta,2005-01-29,Q113710119
Urhobo A.,wta,2007-01-19,Q113564795
Vaidisova N.,wta,1989-04-23,Q223668
Valdmannova V.,wta,2007-12-10,Q131543045
Valentova T.,wta,2007-02-20,Q113218343
Van Uytvanck A.,wta,1994-03-26,Q1976217
Van den Broek I.L.,wta,2005-12-28,Q126679415
Vandeweghe C.,wta,1991-12-06,Q54688
Vandewinkel H.,wta,2004-05-21,Q113780001
Vedder E.,wta,1999-11-23,Q75522514
Vekic D.,wta,1996-06-28,Q648854
Vesnina E.,wta,1986-08-01,Q634844
Vicens Mas R.,wta,2000-06-25,Q64690694
Vickery S.,wta,1995-05-11,Q14646554
Vidmanova D.,wta,2003-01-09,Q98278358
Vikhlyantseva N.,wta,1997-02-16,Q18707652
Vinci R.,wta,1983-02-18,Q95162
Voegele S.,wta,1990-03-10,Q234838
Vogt S.,wta,1990-02-15,Q271158
Volodko K.,wta,1986-08-08,Q231974
Volynets K.,wta,2001-12-31,Q61889608
Von Deichmann K.,wta,1994-05-16,Q6376623
Vondrousova M.,wta,1999-06-28,Q18918709
Voracova R.,wta,1983-10-06,Q254622
Voskoboeva G.,wta,1984-12-18,Q234831
Vrancken Peeters A.,wta,2003-02-13,Q119510052
Vrljic A.,wta,1984-08-01,Q4750526
Wagner S.,wta,1994-09-17,Q63992129
Wallace I.,wta,1996-09-07,Q27507603
Waltert S.,wta,2000-12-13,Q33011749
Wang M.,wta,2000-02-22,Q57087753
Wang Q.,wta,1992-01-14,Q4800760
Wang Xin.,wta,2001-09-26,Q44465805
Wang Xiy.,wta,2001-03-28,Q41799108
Wang Xiyu,wta,2001-03-28,Q41799108
Wang Y.,wta,1994-04-30,Q15469035
Wang Yaf.,wta,1994-04-30,Q15469035
Watson H.,wta,1992-05-19,Q239605
Webley-Smith E.,wta,1984-07-14,Q458550
Wei S.,wta,2003-12-05,Q114686896
Werner C.,wta,1996-04-08,Q24399562
Wickmayer Y.,wta,1989-10-20,Q228983
Williams S.,wta,1981-09-26,Q11459
Williams V.,wta,1980-06-17,Q11578
Witthoeft C.,wta,1995-02-16,Q6757157
Wolfe J.,wta,1987-04-26,Q232535
Wolff V.,wta,1998-10-08,Q124658588
Wong C.,wta,2002-03-14,Q83688067
Wongteanchai V.,wta,1989-09-07,Q4124897
Wongteanchai Vara.,wta,1989-09-07,Q4124897
Wozniacki C.,wta,1990-07-11,Q30767
Wozniak A.,wta,1987-09-07,Q232626
Wu H.C.,wta,1991-08-30,Q18129377
Wuerth T.,wta,2002-09-30,Q86052265
Wurth T.,wta,2002-09-30,Q86052265
Xu M.,wta,2007-10-02,Q112080351
Xu S.,wta,1998-01-10,Q14912942
Xu Y.F.,wta,1988-08-08,Q4845400
Xun F.Y.,wta,1995-02-14,Q21067331
Yamaguchi M.,wta,1999-06-14,Q106294428
Yamalapalli S.,wta,2000-10-29,Q116983920
Yang V.,wta,2005-01-11,Q115930229
Yang Y.,wta,2004-05-30,Q87062727
Yang Z.,wta,1995-02-11,Q15478936
Yang Zha.,wta,1995-02-11,Q15478936
Yao X.,wta,2003-10-20,Q118408878
Yashina E.,wta,1993-08-06,Q5350350
Yastremska D.,wta,2000-05-15,Q23888026
You X.,wta,1996-05-12,Q15634509
Yu E.,wta,2004-11-08,Q108271567
Yuan Y.,wta,1998-09-25,Q56248480
Zaar L.,wta,2000-04-30,Q111809621
Zacarias M.,wta,1994-03-26,Q622958
Zaja A.,wta,1991-06-25,Q4767632
Zakharova A.,wta,2002-01-18,Q88048339
Zander N.,wta,1990-01-26,Q13426439
Zanevska M.,wta,1993-08-24,Q2626886
Zantedeschi A.,wta,2000-11-02,Q106368364
Zarazua R.,wta,1997-09-30,Q18636254
Zavatska K.,wta,2000-02-05,Q24075683
Zhang K.L.,wta,1990-01-28,Q16742868
Zhang L.,wta,1989-10-28,Q8070270
Zhang S.,wta,1989-01-21,Q197291
Zhang Yi.,wta,1996-04-15,Q21067332
Zhang Yux.,wta,1994-08-19,Q2908103
Zhao C.,wta,1995-06-20,Q3702485
Zheng J.,wta,1983-07-05,Q197639
Zheng Q.,wta,2002-10-08,Q62096129
Zheng S.,wta,1994-02-05,Q197634
Zheng W.,wta,1998-11-29,Q26209574
Zhu C.,wta,2007-09-13,Q138306843
Zhu L.,wta,1994-01-28,Q17319111
Zhuk S.,wta,1999-12-01,Q20669230
Zidansek T.,wta,1997-12-26,Q20830267
Zucchini A.,wta,2003-07-10,Q124454706
Zueger J.,wta,2000-11-17,Q65585520
Zuger J.,wta,2000-11-17,Q65585520
Zvonareva V.,wta,1984-09-07,Q374053
