Tournament,Location,Date,Tier,Court,Surface,Round,Best of,Winner,Loser,WRank,LRank,Source,W1,L1,W2,L2,W3,L3,Wsets,Lsets,Comment
US Open,New York,2026-08-30,Grand Slam,Outdoor,Hard,Round 1,3,Paolini J.,Erjavec V.,21.0,106.0,ESPN,6,3,3.0,6.0,6.0,4.0,2,1,Completed
US Open,New York,2026-08-30,Grand Slam,Outdoor,Hard,Round 1,3,Rakhimova K.,Krejcikova B.,76.0,44.0,ESPN,7,6,6.0,2.0,,,2,0,Completed
US Open,New York,2026-08-30,Grand Slam,Outdoor,Hard,Round 1,3,Iatcenko P.,Zarazua R.,160.0,92.0,ESPN,4,6,6.0,4.0,7.0,6.0,2,1,Completed
US Open,New York,2026-08-30,Grand Slam,Outdoor,Hard,Round 1,3,Vekic D.,Gibson T.,38.0,63.0,ESPN,6,2,4.0,6.0,6.0,3.0,2,1,Completed
US Open,New York,2026-08-30,Grand Slam,Outdoor,Hard,Round 1,3,Pegula J.,Ruse E.G.,3.0,66.0,ESPN,6,3,6.0,2.0,,,2,0,Completed
US Open,New York,2026-08-30,Grand Slam,Outdoor,Hard,Round 1,3,Fernandez L.A.,Zhang S.,31.0,54.0,ESPN,6,3,6.0,2.0,,,2,0,Completed
US Open,New York,2026-08-30,Grand Slam,Outdoor,Hard,Round 1,3,Tararudee L.,Kalieva E.,62.0,116.0,ESPN,6,3,6.0,7.0,6.0,2.0,2,1,Completed
US Open,New York,2026-08-30,Grand Slam,Outdoor,Hard,Round 1,3,Kostyuk M.,Hunter S.,10.0,179.0,ESPN,6,4,6.0,1.0,,,2,0,Completed
US Open,New York,2026-08-30,Grand Slam,Outdoor,Hard,Round 1,3,Stefanini L.,Yastremska D.,119.0,113.0,ESPN,6,3,4.0,6.0,6.0,1.0,2,1,Completed
US Open,New York,2026-08-30,Grand Slam,Outdoor,Hard,Round 1,3,Wang Xin.,Arango E.,40.0,139.0,ESPN,6,4,6.0,2.0,,,2,0,Completed
US Open,New York,2026-08-30,Grand Slam,Outdoor,Hard,Round 1,3,Pliskova Ka.,Vandewinkel H.,57.0,81.0,ESPN,2,6,7.0,5.0,6.0,3.0,2,1,Completed
US Open,New York,2026-08-30,Grand Slam,Outdoor,Hard,Round 1,3,Alexandrova E.,Kessler M.,19.0,66.0,ESPN,6,2,6.0,2.0,,,2,0,Completed
US Open,New York,2026-08-30,Grand Slam,Outdoor,Hard,Round 1,3,Boulter K.,Lee C.Y.,62.0,136.0,ESPN,6,4,3.0,6.0,6.0,0.0,2,1,Completed
US Open,New York,2026-08-30,Grand Slam,Outdoor,Hard,Round 1,3,Preston T.,Parks A.,94.0,70.0,ESPN,6,3,6.0,3.0,,,2,0,Completed
US Open,New York,2026-08-30,Grand Slam,Outdoor,Hard,Round 1,3,Svitolina E.,Sierra S.,9.0,90.0,ESPN,6,1,6.0,2.0,,,2,0,Completed
US Open,New York,2026-08-31,Grand Slam,Outdoor,Hard,Round 1,3,Kenin S.,Williams V.,106.0,618.0,ESPN,6,2,7.0,6.0,,,2,0,Completed
US Open,New York,2026-08-31,Grand Slam,Outdoor,Hard,Round 1,3,Sawangkaew M.,Udvardy P.,88.0,83.0,ESPN,6,4,6.0,3.0,,,2,0,Completed
US Open,New York,2026-08-31,Grand Slam,Outdoor,Hard,Round 1,3,Muchova K.,Kraus S.,7.0,90.0,ESPN,6,3,6.0,0.0,,,2,0,Completed
US Open,New York,2026-08-31,Grand Slam,Outdoor,Hard,Round 1,3,Bucsa C.,Bejlek S.,44.0,28.0,ESPN,7,5,4.0,6.0,6.0,1.0,2,1,Completed
US Open,New York,2026-08-31,Grand Slam,Outdoor,Hard,Round 1,3,Sakatsume H.,Kalinina A.,119.0,51.0,ESPN,6,3,6.0,3.0,,,2,0,Completed
US Open,New York,2026-08-31,Grand Slam,Outdoor,Hard,Round 1,3,Dart H.,Stearns P.,131.0,60.0,ESPN,3,6,6.0,3.0,6.0,2.0,2,1,Completed
US Open,New York,2026-08-31,Grand Slam,Outdoor,Hard,Round 1,3,Bouzkova M.,Jacquemot E.,26.0,156.0,ESPN,6,2,6.0,2.0,,,2,0,Completed
US Open,New York,2026-08-31,Grand Slam,Outdoor,Hard,Round 1,3,Zheng Q.,Liutova K.,121.0,125.0,ESPN,4,6,6.0,3.0,6.0,1.0,2,1,Completed
US Open,New York,2026-08-31,Grand Slam,Outdoor,Hard,Round 1,3,Tagger L.,Korpatsch T.,49.0,48.0,ESPN,6,0,7.0,6.0,,,2,0,Completed
US Open,New York,2026-08-31,Grand Slam,Outdoor,Hard,Round 1,3,Sabalenka A.,Osorio C.,2.0,,ESPN,6,2,6.0,4.0,,,2,0,Completed
US Open,New York,2026-08-31,Grand Slam,Outdoor,Hard,Round 1,3,Navarro E.,Boisson L.,27.0,227.0,ESPN,7,6,6.0,7.0,6.0,3.0,2,1,Completed
US Open,New York,2026-08-31,Grand Slam,Outdoor,Hard,Round 1,3,Selekhmeteva O.,Ito A.,93.0,373.0,ESPN,6,2,6.0,4.0,,,2,0,Completed
US Open,New York,2026-08-31,Grand Slam,Outdoor,Hard,Round 1,3,Timofeeva M.,Zidansek T.,86.0,140.0,ESPN,6,3,7.0,5.0,,,2,0,Completed
US Open,New York,2026-08-31,Grand Slam,Outdoor,Hard,Round 1,3,Birrell K.,Marcinko P.,60.0,77.0,ESPN,3,6,7.0,6.0,6.0,3.0,2,1,Completed
US Open,New York,2026-08-31,Grand Slam,Outdoor,Hard,Round 1,3,Kalinskaya A.,Blinkova A.,23.0,94.0,ESPN,6,4,6.0,3.0,,,2,0,Completed
US Open,New York,2026-08-31,Grand Slam,Outdoor,Hard,Round 1,3,Townsend T.,Chwalinska M.,98.0,25.0,ESPN,6,2,6.0,3.0,,,2,0,Completed
US Open,New York,2026-08-31,Grand Slam,Outdoor,Hard,Round 1,3,Anisimova A.,Krueger A.,10.0,60.0,ESPN,6,1,6.0,3.0,,,2,0,Completed
US Open,New York,2026-08-31,Grand Slam,Outdoor,Hard,Round 1,3,Podoroska N.,Waltert S.,317.0,89.0,ESPN,4,6,7.0,6.0,6.0,3.0,2,1,Completed
US Open,New York,2026-08-31,Grand Slam,Outdoor,Hard,Round 1,3,Parry D.,Golubic V.,30.0,56.0,ESPN,7,5,6.0,4.0,,,2,0,Completed
US Open,New York,2026-08-31,Grand Slam,Outdoor,Hard,Round 1,3,Shnaider D.,Snigur D.,16.0,45.0,ESPN,6,0,6.0,4.0,,,2,0,Completed
US Open,New York,2026-08-31,Grand Slam,Outdoor,Hard,Round 1,3,McNally C.,Koevermans A.,65.0,229.0,ESPN,7,5,6.0,1.0,,,2,0,Completed
US Open,New York,2026-08-31,Grand Slam,Outdoor,Hard,Round 1,3,Noskova L.,Volynets K.,6.0,77.0,ESPN,7,5,6.0,1.0,,,2,0,Completed
US Open,New York,2026-08-31,Grand Slam,Outdoor,Hard,Round 1,3,Cirstea S.,Grabher J.,17.0,112.0,ESPN,6,3,6.0,0.0,,,2,0,Completed
US Open,New York,2026-08-31,Grand Slam,Outdoor,Hard,Round 1,3,Stephens S.,Tauson C.,169.0,38.0,ESPN,6,4,6.0,1.0,,,2,0,Completed
US Open,New York,2026-08-31,Grand Slam,Outdoor,Hard,Round 1,3,Joint M.,Samsonova L.,99.0,50.0,ESPN,3,6,6.0,2.0,6.0,2.0,2,1,Completed
US Open,New York,2026-08-31,Grand Slam,Outdoor,Hard,Round 1,3,Li A.,Ruzic A.,28.0,85.0,ESPN,7,5,6.0,1.0,,,2,0,Completed
US Open,New York,2026-08-31,Grand Slam,Outdoor,Hard,Round 1,3,Siniakova K.,Cocciaretto E.,42.0,67.0,ESPN,6,3,6.0,2.0,,,2,0,Completed
US Open,New York,2026-08-31,Grand Slam,Outdoor,Hard,Round 1,3,Swiatek I.,Wang Xiy.,8.0,80.0,ESPN,6,2,6.0,3.0,,,2,0,Completed
US Open,New York,2026-09-01,Grand Slam,Outdoor,Hard,Round 1,3,Osaka N.,Zakharova A.,13.0,109.0,ESPN,7,6,7.0,6.0,,,2,0,Completed
US Open,New York,2026-09-01,Grand Slam,Outdoor,Hard,Round 1,3,Keys M.,Korneeva A.,24.0,81.0,ESPN,7,5,6.0,4.0,,,2,0,Completed
US Open,New York,2026-09-01,Grand Slam,Outdoor,Hard,Round 1,3,Sakkari M.,Montgomery R.,33.0,162.0,ESPN,2,6,7.0,5.0,6.0,2.0,2,1,Completed
US Open,New York,2026-09-01,Grand Slam,Outdoor,Hard,Round 1,3,Starodubtseva Y.,Seidel E.,58.0,123.0,ESPN,6,2,6.0,2.0,,,2,0,Completed
US Open,New York,2026-09-01,Grand Slam,Outdoor,Hard,Round 1,3,Bondar A.,Havlickova L.,69.0,226.0,ESPN,6,3,6.0,3.0,,,2,0,Completed
US Open,New York,2026-09-01,Grand Slam,Outdoor,Hard,Round 1,3,Rybakina E.,Frodin T.,2.0,585.0,ESPN,6,3,6.0,2.0,,,2,0,Completed
US Open,New York,2026-09-01,Grand Slam,Outdoor,Hard,Round 1,3,Putintseva Y.,Bencic B.,84.0,12.0,ESPN,4,6,7.0,5.0,6.0,3.0,2,1,Completed
US Open,New York,2026-09-01,Grand Slam,Outdoor,Hard,Round 1,3,Lys E.,Knutson G.,100.0,184.0,ESPN,6,3,6.0,3.0,,,2,0,Completed
US Open,New York,2026-09-01,Grand Slam,Outdoor,Hard,Round 1,3,Andreeva M.,Tjen J.,5.0,51.0,ESPN,6,2,6.0,2.0,,,2,0,Completed
US Open,New York,2026-09-01,Grand Slam,Outdoor,Hard,Round 1,3,Mertens E.,Quevedo K.,19.0,105.0,ESPN,6,4,6.0,4.0,,,2,0,Completed
US Open,New York,2026-09-01,Grand Slam,Outdoor,Hard,Round 1,3,Oliynykova O.,Brantmeier R.,47.0,431.0,ESPN,6,4,6.0,4.0,,,2,0,Completed
US Open,New York,2026-09-01,Grand Slam,Outdoor,Hard,Round 1,3,Potapova A.,Semenistaja D.,25.0,120.0,ESPN,6,2,6.0,2.0,,,2,0,Completed
US Open,New York,2026-09-01,Grand Slam,Outdoor,Hard,Round 1,3,Bouzas Maneiro J.,Vidmanova D.,93.0,86.0,ESPN,6,3,6.0,4.0,,,2,0,Completed
US Open,New York,2026-09-01,Grand Slam,Outdoor,Hard,Round 1,3,Jeanjean L.,Rus A.,127.0,204.0,ESPN,7,6,6.0,2.0,,,2,0,Completed
US Open,New York,2026-09-01,Grand Slam,Outdoor,Hard,Round 1,3,Gauff C.,Sonmez Z.,4.0,58.0,ESPN,6,3,6.0,4.0,,,2,0,Completed
US Open,New York,2026-09-02,Grand Slam,Outdoor,Hard,Round 1,3,Eala A.,Stoiana M.,18.0,116.0,ESPN,6,1,6.0,2.0,,,2,0,Completed
US Open,New York,2026-09-02,Grand Slam,Outdoor,Hard,Round 2,3,Fernandez L.A.,Sawangkaew M.,31.0,88.0,ESPN,6,4,6.0,1.0,,,2,0,Completed
US Open,New York,2026-09-02,Grand Slam,Outdoor,Hard,Round 2,3,Paolini J.,Stefanini L.,21.0,119.0,ESPN,6,4,6.0,1.0,,,2,0,Completed
US Open,New York,2026-09-02,Grand Slam,Outdoor,Hard,Round 2,3,Townsend T.,Preston T.,98.0,94.0,ESPN,6,1,6.0,1.0,,,2,0,Completed
US Open,New York,2026-09-02,Grand Slam,Outdoor,Hard,Round 2,3,Shnaider D.,Pliskova Ka.,16.0,57.0,ESPN,6,1,7.0,6.0,,,2,0,Completed
US Open,New York,2026-09-02,Grand Slam,Outdoor,Hard,Round 2,3,Cirstea S.,Parry D.,17.0,30.0,ESPN,6,2,7.0,5.0,,,2,0,Completed
US Open,New York,2026-09-02,Grand Slam,Outdoor,Hard,Round 2,3,Pegula J.,Kenin S.,3.0,106.0,ESPN,6,3,6.0,1.0,,,2,0,Completed
US Open,New York,2026-09-02,Grand Slam,Outdoor,Hard,Round 1,3,Badosa P.,Kasatkina D.,70.0,84.0,ESPN,6,1,6.0,4.0,,,2,0,Completed
US Open,New York,2026-09-02,Grand Slam,Outdoor,Hard,Round 2,3,Navarro E.,McNally C.,27.0,65.0,ESPN,3,6,6.0,2.0,6.0,3.0,2,1,Completed
US Open,New York,2026-09-02,Grand Slam,Outdoor,Hard,Round 2,3,Kostyuk M.,Stephens S.,10.0,169.0,ESPN,6,1,7.0,5.0,,,2,0,Completed
US Open,New York,2026-09-02,Grand Slam,Outdoor,Hard,Round 1,3,Bartunkova N.,Sherif M.,34.0,52.0,ESPN,6,1,6.0,2.0,,,2,0,Completed
US Open,New York,2026-09-02,Grand Slam,Outdoor,Hard,Round 2,3,Rakhimova K.,Selekhmeteva O.,76.0,93.0,ESPN,6,3,6.0,0.0,,,2,0,Completed
US Open,New York,2026-09-02,Grand Slam,Outdoor,Hard,Round 2,3,Muchova K.,Boulter K.,7.0,62.0,ESPN,6,1,6.0,0.0,,,2,0,Completed
US Open,New York,2026-09-02,Grand Slam,Outdoor,Hard,Round 1,3,Jones F.,Linette M.,104.0,74.0,ESPN,6,4,1.0,6.0,6.0,3.0,2,1,Completed
US Open,New York,2026-09-02,Grand Slam,Outdoor,Hard,Round 2,3,Kalinskaya A.,Wang Xin.,23.0,40.0,ESPN,7,5,2.0,6.0,6.0,3.0,2,1,Completed
US Open,New York,2026-09-02,Grand Slam,Outdoor,Hard,Round 1,3,Maria T.,Ostapenko J.,80.0,32.0,ESPN,4,6,6.0,1.0,6.0,2.0,2,1,Completed
US Open,New York,2026-09-02,Grand Slam,Outdoor,Hard,Round 2,3,Alexandrova E.,Birrell K.,19.0,60.0,ESPN,6,1,2.0,6.0,6.0,3.0,2,1,Completed
US Open,New York,2026-09-02,Grand Slam,Outdoor,Hard,Round 1,3,Jovic I.,Frech M.,16.0,57.0,ESPN,7,5,6.0,3.0,,,2,0,Completed
US Open,New York,2026-09-02,Grand Slam,Outdoor,Hard,Round 2,3,Sabalenka A.,Iatcenko P.,2.0,160.0,ESPN,6,1,6.0,1.0,,,2,0,Completed
US Open,New York,2026-09-02,Grand Slam,Outdoor,Hard,Round 2,3,Li A.,Vekic D.,28.0,38.0,ESPN,5,7,7.0,6.0,6.0,4.0,2,1,Completed
US Open,New York,2026-09-03,Grand Slam,Outdoor,Hard,Round 2,3,Svitolina E.,Joint M.,9.0,99.0,ESPN,6,2,6.0,7.0,6.0,4.0,2,1,Completed
US Open,New York,2026-09-03,Grand Slam,Outdoor,Hard,Round 2,3,Noskova L.,Tararudee L.,6.0,62.0,ESPN,6,4,6.0,2.0,,,2,0,Completed
US Open,New York,2026-09-03,Grand Slam,Outdoor,Hard,Round 2,3,Swiatek I.,Podoroska N.,8.0,317.0,ESPN,6,3,6.0,2.0,,,2,0,Completed
US Open,New York,2026-09-03,Grand Slam,Outdoor,Hard,Round 2,3,Keys M.,Bondar A.,24.0,69.0,ESPN,5,7,6.0,4.0,7.0,6.0,2,1,Completed
US Open,New York,2026-09-03,Grand Slam,Outdoor,Hard,Round 2,3,Potapova A.,Jeanjean L.,25.0,127.0,ESPN,6,4,2.0,6.0,6.0,3.0,2,1,Completed
US Open,New York,2026-09-03,Grand Slam,Outdoor,Hard,Round 2,3,Mertens E.,Timofeeva M.,19.0,86.0,ESPN,6,2,7.0,6.0,,,2,0,Completed
US Open,New York,2026-09-03,Grand Slam,Outdoor,Hard,Round 2,3,Osaka N.,Siniakova K.,13.0,42.0,ESPN,6,2,5.0,7.0,6.0,1.0,2,1,Completed
US Open,New York,2026-09-03,Grand Slam,Outdoor,Hard,Round 2,3,Anisimova A.,Tagger L.,10.0,49.0,ESPN,6,3,3.0,6.0,6.0,1.0,2,1,Completed
US Open,New York,2026-09-03,Grand Slam,Outdoor,Hard,Round 2,3,Bouzkova M.,Dart H.,26.0,131.0,ESPN,6,2,6.0,2.0,,,2,0,Completed
US Open,New York,2026-09-03,Grand Slam,Outdoor,Hard,Round 2,3,Bartunkova N.,Maria T.,34.0,80.0,ESPN,6,7,6.0,2.0,6.0,3.0,2,1,Completed
US Open,New York,2026-09-03,Grand Slam,Outdoor,Hard,Round 2,3,Eala A.,Oliynykova O.,18.0,47.0,ESPN,6,1,6.0,4.0,,,2,0,Completed
US Open,New York,2026-09-03,Grand Slam,Outdoor,Hard,Round 2,3,Bucsa C.,Sakatsume H.,44.0,119.0,ESPN,7,6,6.0,7.0,7.0,6.0,2,1,Completed
US Open,New York,2026-09-03,Grand Slam,Outdoor,Hard,Round 2,3,Zheng Q.,Putintseva Y.,121.0,84.0,ESPN,6,4,2.0,6.0,6.0,1.0,2,1,Completed
US Open,New York,2026-09-03,Grand Slam,Outdoor,Hard,Round 2,3,Andreeva M.,Lys E.,5.0,100.0,ESPN,6,0,6.0,2.0,,,2,0,Completed
US Open,New York,2026-09-03,Grand Slam,Outdoor,Hard,Round 2,3,Starodubtseva Y.,Sakkari M.,58.0,33.0,ESPN,1,6,7.0,6.0,6.0,2.0,2,1,Completed
US Open,New York,2026-09-03,Grand Slam,Outdoor,Hard,Round 2,3,Jovic I.,Jones F.,16.0,104.0,ESPN,6,4,6.0,4.0,,,2,0,Completed
US Open,New York,2026-09-03,Grand Slam,Outdoor,Hard,Round 2,3,Gauff C.,Badosa P.,4.0,70.0,ESPN,6,4,7.0,6.0,,,2,0,Completed
US Open,New York,2026-09-04,Grand Slam,Outdoor,Hard,Round 2,3,Rybakina E.,Bouzas Maneiro J.,2.0,93.0,ESPN,6,2,6.0,4.0,,,2,0,Completed
US Open,New York,2026-09-04,Grand Slam,Outdoor,Hard,Round 3,3,Sabalenka A.,Rakhimova K.,2.0,76.0,ESPN,6,3,6.0,4.0,,,2,0,Completed
US Open,New York,2026-09-04,Grand Slam,Outdoor,Hard,Round 3,3,Cirstea S.,Paolini J.,17.0,21.0,ESPN,6,3,6.0,3.0,,,2,0,Completed
US Open,New York,2026-09-04,Grand Slam,Outdoor,Hard,Round 3,3,Kostyuk M.,Alexandrova E.,10.0,19.0,ESPN,6,3,6.0,2.0,,,2,0,Completed
US Open,New York,2026-09-04,Grand Slam,Outdoor,Hard,Round 3,3,Pegula J.,Fernandez L.A.,3.0,31.0,ESPN,1,6,6.0,4.0,6.0,3.0,2,1,Completed
US Open,New York,2026-09-04,Grand Slam,Outdoor,Hard,Round 3,3,Townsend T.,Shnaider D.,98.0,16.0,ESPN,6,2,6.0,7.0,6.0,3.0,2,1,Completed
US Open,New York,2026-09-04,Grand Slam,Outdoor,Hard,Round 3,3,Navarro E.,Muchova K.,27.0,7.0,ESPN,6,3,7.0,5.0,,,2,0,Completed
US Open,New York,2026-09-04,Grand Slam,Outdoor,Hard,Round 3,3,Noskova L.,Li A.,6.0,28.0,ESPN,6,2,6.0,7.0,6.0,2.0,2,1,Completed
US Open,New York,2026-09-05,Grand Slam,Outdoor,Hard,Round 3,3,Kalinskaya A.,Svitolina E.,23.0,9.0,ESPN,6,3,2.0,6.0,6.0,3.0,2,1,Completed
US Open,New York,2026-09-05,Grand Slam,Outdoor,Hard,Round 3,3,Potapova A.,Anisimova A.,25.0,10.0,ESPN,6,2,7.0,5.0,,,2,0,Completed
US Open,New York,2026-09-05,Grand Slam,Outdoor,Hard,Round 3,3,Zheng Q.,Keys M.,121.0,24.0,ESPN,1,6,7.0,6.0,7.0,5.0,2,1,Completed
US Open,New York,2026-09-05,Grand Slam,Outdoor,Hard,Round 3,3,Andreeva M.,Bartunkova N.,5.0,34.0,ESPN,6,2,7.0,6.0,,,2,0,Completed
US Open,New York,2026-09-05,Grand Slam,Outdoor,Hard,Round 3,3,Swiatek I.,Bouzkova M.,8.0,26.0,ESPN,7,6,7.0,6.0,,,2,0,Completed
US Open,New York,2026-09-05,Grand Slam,Outdoor,Hard,Round 3,3,Gauff C.,Bucsa C.,4.0,44.0,ESPN,6,3,6.0,4.0,,,2,0,Completed
US Open,New York,2026-09-05,Grand Slam,Outdoor,Hard,Round 3,3,Osaka N.,Mertens E.,13.0,19.0,ESPN,6,3,3.0,6.0,7.0,5.0,2,1,Completed
US Open,New York,2026-09-05,Grand Slam,Outdoor,Hard,Round 3,3,Jovic I.,Eala A.,16.0,18.0,ESPN,7,5,3.0,6.0,7.0,5.0,2,1,Completed
US Open,New York,2026-09-06,Grand Slam,Outdoor,Hard,Round 3,3,Rybakina E.,Starodubtseva Y.,2.0,58.0,ESPN,7,6,6.0,3.0,,,2,0,Completed
US Open,New York,2026-09-06,Grand Slam,Outdoor,Hard,Round 4,3,Sabalenka A.,Townsend T.,2.0,98.0,ESPN,6,4,6.0,3.0,,,2,0,Completed
US Open,New York,2026-09-06,Grand Slam,Outdoor,Hard,Round 4,3,Noskova L.,Kostyuk M.,6.0,10.0,ESPN,7,5,5.0,7.0,6.0,4.0,2,1,Completed
US Open,New York,2026-09-06,Grand Slam,Outdoor,Hard,Round 4,3,Pegula J.,Cirstea S.,3.0,17.0,ESPN,6,3,6.0,4.0,,,2,0,Completed
US Open,New York,2026-09-07,Grand Slam,Outdoor,Hard,Round 4,3,Navarro E.,Kalinskaya A.,27.0,23.0,ESPN,6,4,6.0,2.0,,,2,0,Completed
US Open,New York,2026-09-07,Grand Slam,Outdoor,Hard,Round 4,3,Andreeva M.,Potapova A.,5.0,25.0,ESPN,5,7,6.0,4.0,6.0,3.0,2,1,Completed
US Open,New York,2026-09-07,Grand Slam,Outdoor,Hard,Round 4,3,Zheng Q.,Swiatek I.,121.0,8.0,ESPN,7,5,6.0,3.0,,,2,0,Completed
US Open,New York,2026-09-07,Grand Slam,Outdoor,Hard,Round 4,3,Rybakina E.,Osaka N.,2.0,13.0,ESPN,6,1,6.0,4.0,,,2,0,Completed
US Open,New York,2026-09-07,Grand Slam,Outdoor,Hard,Round 4,3,Gauff C.,Jovic I.,4.0,16.0,ESPN,6,1,6.0,4.0,,,2,0,Completed
US Open,New York,2026-09-08,Grand Slam,Outdoor,Hard,Quarterfinal,3,Sabalenka A.,Noskova L.,2.0,6.0,ESPN,7,6,3.0,6.0,7.0,6.0,2,1,Completed
US Open,New York,2026-09-09,Grand Slam,Outdoor,Hard,Quarterfinal,3,Pegula J.,Navarro E.,3.0,27.0,ESPN,3,6,6.0,4.0,6.0,3.0,2,1,Completed
US Open,New York,2026-09-09,Grand Slam,Outdoor,Hard,Quarterfinal,3,Rybakina E.,Zheng Q.,2.0,121.0,ESPN,3,6,6.0,1.0,6.0,4.0,2,1,Completed
US Open,New York,2026-09-09,Grand Slam,Outdoor,Hard,Quarterfinal,3,Gauff C.,Andreeva M.,4.0,5.0,ESPN,2,6,7.0,6.0,6.0,2.0,2,1,Completed
US Open,New York,2026-09-10,Grand Slam,Outdoor,Hard,Semifinal,3,Sabalenka A.,Pegula J.,2.0,3.0,ESPN,7,5,6.0,2.0,,,2,0,Completed
US Open,New York,2026-09-11,Grand Slam,Outdoor,Hard,Semifinal,3,Rybakina E.,Gauff C.,2.0,4.0,ESPN,3,6,6.0,4.0,6.0,4.0,2,1,Completed
US Open,New York,2026-09-12,Grand Slam,Outdoor,Hard,Final,3,Rybakina E.,Sabalenka A.,2.0,2.0,ESPN,6,4,5.0,7.0,6.0,2.0,2,1,Completed
Guadalajara Open,Guadalajara,2026-09-13,WTA500,Outdoor,Hard,Round 1,3,Stearns P.,Arango E.,60.0,139.0,ESPN,6,3,6.0,2.0,,,2,0,Completed
Guadalajara Open,Guadalajara,2026-09-13,WTA500,Outdoor,Hard,Round 1,3,Parks A.,Lepchenko V.,70.0,179.0,ESPN,6,3,1.0,6.0,7.0,5.0,2,1,Completed
Guadalajara Open,Guadalajara,2026-09-13,WTA500,Outdoor,Hard,Round 1,3,Udvardy P.,Boisson L.,83.0,227.0,ESPN,6,4,6.0,7.0,6.0,2.0,2,1,Completed
Guadalajara Open,Guadalajara,2026-09-13,WTA500,Outdoor,Hard,Round 1,3,Tjen J.,Vidmanova D.,51.0,86.0,ESPN,7,6,6.0,2.0,,,2,0,Completed
Guadalajara Open,Guadalajara,2026-09-13,WTA500,Outdoor,Hard,Round 1,3,Bucsa C.,Andreescu B.,44.0,164.0,ESPN,6,4,6.0,3.0,,,2,0,Completed
Guadalajara Open,Guadalajara,2026-09-14,WTA500,Outdoor,Hard,Round 1,3,Day K.,Kalieva E.,123.0,116.0,ESPN,7,6,6.0,4.0,,,2,0,Completed
Guadalajara Open,Guadalajara,2026-09-14,WTA500,Outdoor,Hard,Round 1,3,Stephens S.,Monnet C.,169.0,215.0,ESPN,6,4,7.0,6.0,,,2,0,Completed
Guadalajara Open,Guadalajara,2026-09-14,WTA500,Outdoor,Hard,Round 1,3,Townsend T.,Maria T.,98.0,80.0,ESPN,6,7,6.0,3.0,6.0,2.0,2,1,Completed
Guadalajara Open,Guadalajara,2026-09-14,WTA500,Outdoor,Hard,Round 1,3,Dolehide C.,Zarazua R.,246.0,92.0,ESPN,6,1,3.0,6.0,6.0,3.0,2,1,Completed
Guadalajara Open,Guadalajara,2026-09-14,WTA500,Outdoor,Hard,Round 1,3,Sonmez Z.,Shymanovich I.,58.0,197.0,ESPN,6,1,6.0,1.0,,,2,0,Completed
Guadalajara Open,Guadalajara,2026-09-14,WTA500,Outdoor,Hard,Round 1,3,Frech M.,Hibino N.,57.0,190.0,ESPN,6,1,6.0,4.0,,,2,0,Completed
Guadalajara Open,Guadalajara,2026-09-15,WTA500,Outdoor,Hard,Round 1,3,Samsonova L.,Jacquemot E.,50.0,156.0,ESPN,7,6,6.0,2.0,,,2,0,Completed
Guadalajara Open,Guadalajara,2026-09-15,WTA500,Outdoor,Hard,Round 2,3,Bucsa C.,Udvardy P.,44.0,83.0,ESPN,6,4,6.0,4.0,,,2,0,Completed
Guadalajara Open,Guadalajara,2026-09-15,WTA500,Outdoor,Hard,Round 2,3,Bejlek S.,Parks A.,28.0,70.0,ESPN,6,4,6.0,3.0,,,2,0,Completed
Guadalajara Open,Guadalajara,2026-09-15,WTA500,Outdoor,Hard,Round 2,3,Stearns P.,Parry D.,60.0,30.0,ESPN,6,2,7.0,5.0,,,2,0,Completed
SP Open,Sao Paulo,2026-09-15,WTA250,Outdoor,Hard,Round 1,3,Semenistaja D.,Kinoshita H.,120.0,210.0,ESPN,7,5,6.0,4.0,,,2,0,Completed
SP Open,Sao Paulo,2026-09-15,WTA250,Outdoor,Hard,Round 1,3,Kostovic T.,Barros V.L.,186.0,827.0,ESPN,6,2,6.0,4.0,,,2,0,Completed
SP Open,Sao Paulo,2026-09-15,WTA250,Outdoor,Hard,Round 1,3,Podoroska N.,Stefanini L.,317.0,119.0,ESPN,6,3,6.0,4.0,,,2,0,Completed
SP Open,Sao Paulo,2026-09-15,WTA250,Outdoor,Hard,Round 1,3,Avanesyan E.,Riera J.,155.0,144.0,ESPN,6,2,6.0,4.0,,,2,0,Completed
Guadalajara Open,Guadalajara,2026-09-16,WTA500,Outdoor,Hard,Round 2,3,Stephens S.,Tjen J.,169.0,51.0,ESPN,7,6,7.0,6.0,,,2,0,Completed
Guadalajara Open,Guadalajara,2026-09-16,WTA500,Outdoor,Hard,Round 2,3,Frech M.,Dolehide C.,57.0,246.0,ESPN,6,4,6.0,3.0,,,2,0,Completed
Guadalajara Open,Guadalajara,2026-09-16,WTA500,Outdoor,Hard,Round 2,3,Jovic I.,Sonmez Z.,16.0,58.0,ESPN,7,6,6.0,4.0,,,2,0,Completed
SP Open,Sao Paulo,2026-09-16,WTA250,Outdoor,Hard,Round 1,3,Quevedo K.,Tikhonova A.,105.0,245.0,ESPN,6,0,6.0,2.0,,,2,0,Completed
SP Open,Sao Paulo,2026-09-16,WTA250,Outdoor,Hard,Round 1,3,Lamens S.,Alves C.,182.0,296.0,ESPN,3,6,7.0,6.0,6.0,2.0,2,1,Completed
SP Open,Sao Paulo,2026-09-16,WTA250,Outdoor,Hard,Round 1,3,Salkova D.,Bouzas Maneiro J.,125.0,93.0,ESPN,7,5,6.0,1.0,,,2,0,Completed
SP Open,Sao Paulo,2026-09-16,WTA250,Outdoor,Hard,Round 1,3,Blinkova A.,Lee C.Y.,94.0,136.0,ESPN,6,1,6.0,3.0,,,2,0,Completed
SP Open,Sao Paulo,2026-09-16,WTA250,Outdoor,Hard,Round 1,3,Stoiana M.,Liu C.,116.0,96.0,ESPN,6,3,7.0,5.0,,,2,0,Completed
SP Open,Sao Paulo,2026-09-16,WTA250,Outdoor,Hard,Round 1,3,Leme Da Silva N.V.,Sharma A.,660.0,1170.0,ESPN,5,7,6.0,4.0,7.0,5.0,2,1,Completed
SP Open,Sao Paulo,2026-09-16,WTA250,Outdoor,Hard,Round 1,3,Charaeva A.,You X.,121.0,207.0,ESPN,3,6,7.0,6.0,6.0,3.0,2,1,Completed
SP Open,Sao Paulo,2026-09-16,WTA250,Outdoor,Hard,Round 1,3,Sierra S.,Brace C.,90.0,249.0,ESPN,6,4,3.0,6.0,6.0,1.0,2,1,Completed
SP Open,Sao Paulo,2026-09-16,WTA250,Outdoor,Hard,Round 1,3,Ortenzi J.,Paquet C.,160.0,319.0,ESPN,6,3,6.0,2.0,,,2,0,Completed
SP Open,Sao Paulo,2026-09-16,WTA250,Outdoor,Hard,Round 1,3,Lys E.,Ce G.,100.0,294.0,ESPN,6,1,5.0,7.0,7.0,5.0,2,1,Completed
SP Open,Sao Paulo,2026-09-16,WTA250,Outdoor,Hard,Round 2,3,Kostovic T.,Semenistaja D.,186.0,120.0,ESPN,6,4,6.0,1.0,,,2,0,Completed
SP Open,Sao Paulo,2026-09-16,WTA250,Outdoor,Hard,Round 1,3,Valdmannova V.,Pigossi L.,153.0,218.0,ESPN,2,6,6.0,1.0,6.0,1.0,2,1,Completed
SP Open,Sao Paulo,2026-09-16,WTA250,Outdoor,Hard,Round 1,3,Badosa P.,Mikulskyte J.,70.0,237.0,ESPN,6,3,6.0,2.0,,,2,0,Completed
Guadalajara Open,Guadalajara,2026-09-17,WTA500,Outdoor,Hard,Round 2,3,Samsonova L.,Day K.,50.0,123.0,ESPN,7,6,2.0,6.0,7.0,6.0,2,1,Completed
Guadalajara Open,Guadalajara,2026-09-17,WTA500,Outdoor,Hard,Quarterfinal,3,Bucsa C.,Bejlek S.,44.0,28.0,ESPN,6,0,6.0,4.0,,,2,0,Completed
Guadalajara Open,Guadalajara,2026-09-17,WTA500,Outdoor,Hard,Quarterfinal,3,Jovic I.,Frech M.,16.0,57.0,ESPN,6,2,6.0,1.0,,,2,0,Completed
Guadalajara Open,Guadalajara,2026-09-17,WTA500,Outdoor,Hard,Quarterfinal,3,Samsonova L.,Kostyuk M.,50.0,10.0,ESPN,4,6,6.0,2.0,7.0,5.0,2,1,Completed
SP Open,Sao Paulo,2026-09-17,WTA250,Outdoor,Hard,Round 2,3,Charaeva A.,Avanesyan E.,121.0,155.0,ESPN,6,2,6.0,3.0,,,2,0,Completed
SP Open,Sao Paulo,2026-09-17,WTA250,Outdoor,Hard,Round 2,3,Quevedo K.,Leme Da Silva N.V.,105.0,660.0,ESPN,6,2,6.0,1.0,,,2,0,Completed
SP Open,Sao Paulo,2026-09-17,WTA250,Outdoor,Hard,Round 2,3,Lamens S.,Sierra S.,182.0,90.0,ESPN,6,3,6.0,2.0,,,2,0,Completed
SP Open,Sao Paulo,2026-09-17,WTA250,Outdoor,Hard,Round 2,3,Blinkova A.,Valdmannova V.,94.0,153.0,ESPN,6,3,6.0,0.0,,,2,0,Completed
SP Open,Sao Paulo,2026-09-17,WTA250,Outdoor,Hard,Round 2,3,Badosa P.,Ortenzi J.,70.0,160.0,ESPN,4,6,6.0,2.0,6.0,2.0,2,1,Completed
SP Open,Sao Paulo,2026-09-17,WTA250,Outdoor,Hard,Round 2,3,Stoiana M.,Salkova D.,116.0,125.0,ESPN,7,6,6.0,1.0,,,2,0,Completed
SP Open,Sao Paulo,2026-09-17,WTA250,Outdoor,Hard,Round 2,3,Podoroska N.,Lys E.,317.0,100.0,ESPN,7,5,6.0,2.0,,,2,0,Completed
Guadalajara Open,Guadalajara,2026-09-18,WTA500,Outdoor,Hard,Quarterfinal,3,Stearns P.,Stephens S.,60.0,169.0,ESPN,7,6,6.0,4.0,,,2,0,Completed
Guadalajara Open,Guadalajara,2026-09-18,WTA500,Outdoor,Hard,Semifinal,3,Jovic I.,Bucsa C.,16.0,44.0,ESPN,6,4,6.0,1.0,,,2,0,Completed
SP Open,Sao Paulo,2026-09-18,WTA250,Outdoor,Hard,Quarterfinal,3,Quevedo K.,Kostovic T.,105.0,186.0,ESPN,6,3,6.0,4.0,,,2,0,Completed
SP Open,Sao Paulo,2026-09-18,WTA250,Outdoor,Hard,Quarterfinal,3,Blinkova A.,Charaeva A.,94.0,121.0,ESPN,6,4,7.0,5.0,,,2,0,Completed
SP Open,Sao Paulo,2026-09-18,WTA250,Outdoor,Hard,Quarterfinal,3,Badosa P.,Stoiana M.,70.0,116.0,ESPN,6,4,6.0,2.0,,,2,0,Completed
SP Open,Sao Paulo,2026-09-18,WTA250,Outdoor,Hard,Quarterfinal,3,Podoroska N.,Lamens S.,317.0,182.0,ESPN,7,6,3.0,6.0,6.0,3.0,2,1,Completed
Guadalajara Open,Guadalajara,2026-09-19,WTA500,Outdoor,Hard,Semifinal,3,Stearns P.,Samsonova L.,60.0,50.0,ESPN,7,6,6.0,2.0,,,2,0,Completed
Guadalajara Open,Guadalajara,2026-09-19,WTA500,Outdoor,Hard,Final,3,Jovic I.,Stearns P.,16.0,60.0,ESPN,6,4,6.0,2.0,,,2,0,Completed
SP Open,Sao Paulo,2026-09-19,WTA250,Outdoor,Hard,Semifinal,3,Quevedo K.,Blinkova A.,105.0,94.0,ESPN,6,4,2.0,6.0,6.0,4.0,2,1,Completed
SP Open,Sao Paulo,2026-09-19,WTA250,Outdoor,Hard,Semifinal,3,Podoroska N.,Badosa P.,317.0,70.0,ESPN,6,3,6.0,4.0,,,2,0,Completed
SP Open,Sao Paulo,2026-09-21,WTA250,Outdoor,Hard,Final,3,Quevedo K.,Podoroska N.,105.0,317.0,ESPN,4,6,6.0,4.0,6.0,2.0,2,1,Completed
Korea Open,Seoul,2026-09-21,WTA250,Outdoor,Hard,Round 1,3,Volynets K.,Kalieva E.,77.0,116.0,ESPN,6,3,6.0,0.0,,,2,0,Completed
Korea Open,Seoul,2026-09-21,WTA250,Outdoor,Hard,Round 1,3,Tararudee L.,Uchijima M.,62.0,105.0,ESPN,6,4,6.0,7.0,6.0,2.0,2,1,Completed
Korea Open,Seoul,2026-09-21,WTA250,Outdoor,Hard,Round 1,3,Joint M.,Yao X.,99.0,284.0,ESPN,2,6,7.0,6.0,6.0,3.0,2,1,Completed
Korea Open,Seoul,2026-09-21,WTA250,Outdoor,Hard,Round 1,3,Korneeva A.,Sawangkaew M.,81.0,88.0,ESPN,6,4,6.0,2.0,,,2,0,Completed
Korea Open,Seoul,2026-09-21,WTA250,Outdoor,Hard,Round 1,3,Rakhimova K.,Kudermetova P.,76.0,103.0,ESPN,7,6,4.0,6.0,7.0,5.0,2,1,Completed
Korea Open,Seoul,2026-09-21,WTA250,Outdoor,Hard,Round 1,3,Back D.,Yuan Y.,272.0,134.0,ESPN,6,3,4.0,6.0,6.0,1.0,2,1,Completed
Korea Open,Seoul,2026-09-21,WTA250,Outdoor,Hard,Round 1,3,Astakhova D.,Linette M.,203.0,74.0,ESPN,3,6,6.0,1.0,7.0,6.0,2,1,Completed
Singapore Open,Singapore,2026-09-21,WTA500,Indoor,Hard,Round 1,3,Sasnovich A.,Kasatkina D.,132.0,84.0,ESPN,7,5,6.0,0.0,,,2,0,Completed
Singapore Open,Singapore,2026-09-21,WTA500,Indoor,Hard,Round 1,3,Hibino N.,Mladenovic K.,190.0,822.0,ESPN,7,5,3.0,6.0,6.0,4.0,2,1,Completed
Singapore Open,Singapore,2026-09-21,WTA500,Indoor,Hard,Round 1,3,Gibson T.,Ferro F.,63.0,107.0,ESPN,6,3,6.0,3.0,,,2,0,Completed
Singapore Open,Singapore,2026-09-21,WTA500,Indoor,Hard,Round 1,3,Chwalinska M.,Sramkova R.,25.0,146.0,ESPN,6,4,6.0,2.0,,,2,0,Completed
Singapore Open,Singapore,2026-09-21,WTA500,Indoor,Hard,Round 1,3,Fernandez L.A.,Okamura K.,31.0,322.0,ESPN,6,2,6.0,3.0,,,2,0,Completed
Singapore Open,Singapore,2026-09-21,WTA500,Indoor,Hard,Round 1,3,Garland J.,Hunter S.,168.0,179.0,ESPN,6,3,5.0,7.0,6.0,1.0,2,1,Completed
Korea Open,Seoul,2026-09-22,WTA250,Outdoor,Hard,Round 1,3,Preston T.,Sakatsume H.,94.0,119.0,ESPN,6,2,3.0,6.0,6.0,2.0,2,1,Completed
Korea Open,Seoul,2026-09-22,WTA250,Outdoor,Hard,Round 1,3,Ruse E.G.,Lys E.,66.0,100.0,ESPN,6,1,6.0,2.0,,,2,0,Completed
Korea Open,Seoul,2026-09-22,WTA250,Outdoor,Hard,Round 1,3,Park S.,Montgomery R.,329.0,162.0,ESPN,7,6,6.0,3.0,,,2,0,Completed
Korea Open,Seoul,2026-09-22,WTA250,Outdoor,Hard,Round 1,3,Bondar A.,Zarazua R.,69.0,92.0,ESPN,2,6,6.0,3.0,6.0,1.0,2,1,Completed
Korea Open,Seoul,2026-09-22,WTA250,Outdoor,Hard,Round 1,3,Ma Y.,Jones E.,175.0,133.0,ESPN,3,6,6.0,0.0,6.0,2.0,2,1,Completed
Korea Open,Seoul,2026-09-22,WTA250,Outdoor,Hard,Round 1,3,Ku Y.,Ibragimova A.,185.0,166.0,ESPN,6,3,6.0,2.0,,,2,0,Completed
Korea Open,Seoul,2026-09-22,WTA250,Outdoor,Hard,Round 1,3,Birrell K.,Zidansek T.,60.0,140.0,ESPN,7,6,6.0,4.0,,,2,0,Completed
Korea Open,Seoul,2026-09-22,WTA250,Outdoor,Hard,Round 1,3,Ostapenko J.,Zakharova A.,32.0,109.0,ESPN,6,4,6.0,1.0,,,2,0,Completed
Korea Open,Seoul,2026-09-22,WTA250,Outdoor,Hard,Round 1,3,Charaeva A.,Kenin S.,121.0,106.0,ESPN,3,6,7.0,6.0,6.0,4.0,2,1,Completed
Singapore Open,Singapore,2026-09-22,WTA500,Indoor,Hard,Round 1,3,Oliynykova O.,Wolff V.,47.0,240.0,ESPN,6,1,7.0,6.0,,,2,0,Completed
Singapore Open,Singapore,2026-09-22,WTA500,Indoor,Hard,Round 1,3,Parks A.,Yamaguchi M.,70.0,259.0,ESPN,6,4,6.0,3.0,,,2,0,Completed
Singapore Open,Singapore,2026-09-22,WTA500,Indoor,Hard,Round 1,3,Prozorova T.,Costoulas S.,180.0,152.0,ESPN,5,7,7.0,6.0,6.0,2.0,2,1,Completed
Singapore Open,Singapore,2026-09-22,WTA500,Indoor,Hard,Round 1,3,Wang Xin.,Vekic D.,40.0,38.0,ESPN,6,1,6.0,2.0,,,2,0,Completed
Singapore Open,Singapore,2026-09-22,WTA500,Indoor,Hard,Round 1,3,Krejcikova B.,Friedsam A-L.,44.0,266.0,ESPN,6,0,5.0,7.0,7.0,6.0,2,1,Completed
Singapore Open,Singapore,2026-09-22,WTA500,Indoor,Hard,Round 1,3,Sakkari M.,Fruhvirtova L.,33.0,177.0,ESPN,6,4,6.0,1.0,,,2,0,Completed
Korea Open,Seoul,2026-09-23,WTA250,Outdoor,Hard,Round 2,3,Tararudee L.,Park S.,62.0,329.0,ESPN,7,6,6.0,0.0,,,2,0,Completed
Korea Open,Seoul,2026-09-23,WTA250,Outdoor,Hard,Round 2,3,Volynets K.,Rakhimova K.,77.0,76.0,ESPN,6,3,6.0,0.0,,,2,0,Completed
Korea Open,Seoul,2026-09-23,WTA250,Outdoor,Hard,Round 2,3,Joint M.,Back D.,99.0,272.0,ESPN,6,2,6.0,1.0,,,2,0,Completed
Korea Open,Seoul,2026-09-23,WTA250,Outdoor,Hard,Round 2,3,Korneeva A.,Astakhova D.,81.0,203.0,ESPN,6,2,3.0,6.0,6.0,1.0,2,1,Completed
Singapore Open,Singapore,2026-09-23,WTA500,Indoor,Hard,Round 2,3,Chwalinska M.,Oliynykova O.,25.0,47.0,ESPN,6,0,6.0,1.0,,,2,0,Completed
Singapore Open,Singapore,2026-09-23,WTA500,Indoor,Hard,Round 2,3,Andreeva M.,Sasnovich A.,5.0,132.0,ESPN,6,2,6.0,2.0,,,2,0,Completed
Singapore Open,Singapore,2026-09-23,WTA500,Indoor,Hard,Round 2,3,Fernandez L.A.,Parks A.,31.0,70.0,ESPN,6,4,6.0,3.0,,,2,0,Completed
Korea Open,Seoul,2026-09-24,WTA250,Outdoor,Hard,Round 2,3,Bondar A.,Charaeva A.,69.0,121.0,ESPN,6,4,6.0,7.0,7.0,6.0,2,1,Completed
Korea Open,Seoul,2026-09-24,WTA250,Outdoor,Hard,Round 2,3,Birrell K.,Ma Y.,60.0,175.0,ESPN,7,5,6.0,3.0,,,2,0,Completed
Korea Open,Seoul,2026-09-24,WTA250,Outdoor,Hard,Round 2,3,Ruse E.G.,Ku Y.,66.0,185.0,ESPN,2,6,7.0,6.0,6.0,1.0,2,1,Completed
Korea Open,Seoul,2026-09-24,WTA250,Outdoor,Hard,Round 2,3,Preston T.,Ostapenko J.,94.0,32.0,ESPN,6,4,6.0,1.0,,,2,0,Completed
Singapore Open,Singapore,2026-09-24,WTA500,Indoor,Hard,Round 2,3,Gibson T.,Morvayova V.,63.0,296.0,ESPN,7,6,7.0,6.0,,,2,0,Completed
Singapore Open,Singapore,2026-09-24,WTA500,Indoor,Hard,Round 2,3,Wang Xin.,Garland J.,40.0,168.0,ESPN,7,5,6.0,4.0,,,2,0,Completed
Singapore Open,Singapore,2026-09-24,WTA500,Indoor,Hard,Round 2,3,Prozorova T.,Eala A.,180.0,18.0,ESPN,4,6,7.0,5.0,6.0,3.0,2,1,Completed
Singapore Open,Singapore,2026-09-24,WTA500,Indoor,Hard,Round 2,3,Sakkari M.,Hibino N.,33.0,190.0,ESPN,7,5,6.0,1.0,,,2,0,Completed
Singapore Open,Singapore,2026-09-25,WTA500,Indoor,Hard,Quarterfinal,3,Chwalinska M.,Mertens E.,25.0,19.0,ESPN,6,2,6.0,2.0,,,2,0,Completed
Singapore Open,Singapore,2026-09-25,WTA500,Indoor,Hard,Quarterfinal,3,Prozorova T.,Wang Xin.,180.0,40.0,ESPN,3,6,7.0,5.0,6.0,4.0,2,1,Completed
Singapore Open,Singapore,2026-09-25,WTA500,Indoor,Hard,Quarterfinal,3,Fernandez L.A.,Andreeva M.,31.0,5.0,ESPN,6,2,7.0,5.0,,,2,0,Completed
Singapore Open,Singapore,2026-09-25,WTA500,Indoor,Hard,Quarterfinal,3,Gibson T.,Sakkari M.,63.0,33.0,ESPN,6,1,4.0,6.0,6.0,2.0,2,1,Completed
Korea Open,Seoul,2026-09-26,WTA250,Outdoor,Hard,Quarterfinal,3,Bondar A.,Ruse E.G.,69.0,66.0,ESPN,6,4,1.0,6.0,6.0,2.0,2,1,Completed
Korea Open,Seoul,2026-09-26,WTA250,Outdoor,Hard,Quarterfinal,3,Birrell K.,Volynets K.,60.0,77.0,ESPN,2,6,6.0,2.0,7.0,5.0,2,1,Completed
Korea Open,Seoul,2026-09-26,WTA250,Outdoor,Hard,Quarterfinal,3,Joint M.,Tararudee L.,99.0,62.0,ESPN,6,4,6.0,3.0,,,2,0,Completed
Korea Open,Seoul,2026-09-26,WTA250,Outdoor,Hard,Quarterfinal,3,Korneeva A.,Preston T.,81.0,94.0,ESPN,6,1,6.0,4.0,,,2,0,Completed
Korea Open,Seoul,2026-09-26,WTA250,Outdoor,Hard,Semifinal,3,Birrell K.,Bondar A.,60.0,69.0,ESPN,7,5,2.0,6.0,6.0,1.0,2,1,Completed
Korea Open,Seoul,2026-09-26,WTA250,Outdoor,Hard,Semifinal,3,Joint M.,Korneeva A.,99.0,81.0,ESPN,6,2,1.0,0.0,,,1,0,Retired
Singapore Open,Singapore,2026-09-26,WTA500,Indoor,Hard,Semifinal,3,Fernandez L.A.,Chwalinska M.,31.0,25.0,ESPN,1,6,6.0,4.0,6.0,2.0,2,1,Completed
Korea Open,Seoul,2026-09-27,WTA250,Outdoor,Hard,Final,3,Birrell K.,Joint M.,60.0,99.0,ESPN,6,4,6.0,2.0,,,2,0,Completed
Singapore Open,Singapore,2026-09-27,WTA500,Indoor,Hard,Final,3,Fernandez L.A.,Gibson T.,31.0,63.0,ESPN,7,5,6.0,0.0,,,2,0,Completed
China Open,Beijing,2026-09-30,WTA1000,Outdoor,Hard,Round 1,3,Yastremska D.,McNally C.,113.0,65.0,ESPN,6,3,6.0,4.0,,,2,0,Completed
China Open,Beijing,2026-09-30,WTA1000,Outdoor,Hard,Round 1,3,Timofeeva M.,Vidmanova D.,86.0,86.0,ESPN,6,3,6.0,3.0,,,2,0,Completed
China Open,Beijing,2026-09-30,WTA1000,Outdoor,Hard,Round 1,3,Kraus S.,Joint M.,90.0,99.0,ESPN,6,3,3.0,6.0,7.0,5.0,2,1,Completed
China Open,Beijing,2026-09-30,WTA1000,Outdoor,Hard,Round 1,3,Tjen J.,Kalinina A.,51.0,51.0,ESPN,2,6,7.0,5.0,6.0,4.0,2,1,Completed
China Open,Beijing,2026-09-30,WTA1000,Outdoor,Hard,Round 1,3,Ruse E.G.,Tagger L.,66.0,49.0,ESPN,6,4,6.0,2.0,,,2,0,Completed
China Open,Beijing,2026-09-30,WTA1000,Outdoor,Hard,Round 1,3,Kudermetova P.,Ma Y.,103.0,175.0,ESPN,6,7,6.0,3.0,6.0,2.0,2,1,Completed
China Open,Beijing,2026-09-30,WTA1000,Outdoor,Hard,Round 1,3,Snigur D.,Kawa K.,45.0,131.0,ESPN,3,6,6.0,4.0,7.0,5.0,2,1,Completed
China Open,Beijing,2026-09-30,WTA1000,Outdoor,Hard,Round 1,3,Golubic V.,Kalieva E.,56.0,116.0,ESPN,6,3,6.0,1.0,,,2,0,Completed
China Open,Beijing,2026-09-30,WTA1000,Outdoor,Hard,Round 1,3,Sasnovich A.,Gibson T.,132.0,63.0,ESPN,6,1,6.0,4.0,,,2,0,Completed
China Open,Beijing,2026-09-30,WTA1000,Outdoor,Hard,Round 1,3,Inglis M.,Sonmez Z.,151.0,58.0,ESPN,6,4,6.0,4.0,,,2,0,Completed
China Open,Beijing,2026-09-30,WTA1000,Outdoor,Hard,Round 1,3,Fruhvirtova L.,Bai Z.,177.0,702.0,ESPN,6,2,6.0,3.0,,,2,0,Completed
China Open,Beijing,2026-09-30,WTA1000,Outdoor,Hard,Round 1,3,Yuan Y.,Oliynykova O.,134.0,47.0,ESPN,6,2,6.0,3.0,,,2,0,Completed
China Open,Beijing,2026-09-30,WTA1000,Outdoor,Hard,Round 1,3,Preston T.,Korpatsch T.,94.0,48.0,ESPN,6,2,7.0,6.0,,,2,0,Completed
China Open,Beijing,2026-09-30,WTA1000,Outdoor,Hard,Round 1,3,Boulter K.,Hontama M.,62.0,203.0,ESPN,6,3,6.0,4.0,,,2,0,Completed
China Open,Beijing,2026-09-30,WTA1000,Outdoor,Hard,Round 1,3,Frech M.,Jacquemot E.,57.0,156.0,ESPN,7,5,3.0,6.0,6.0,4.0,2,1,Completed
China Open,Beijing,2026-09-30,WTA1000,Outdoor,Hard,Round 1,3,Zarazua R.,Bondar A.,92.0,69.0,ESPN,7,6,6.0,3.0,,,2,0,Completed
China Open,Beijing,2026-10-01,WTA1000,Outdoor,Hard,Round 1,3,Volynets K.,Montgomery R.,77.0,162.0,ESPN,7,5,7.0,5.0,,,2,0,Completed
China Open,Beijing,2026-10-01,WTA1000,Outdoor,Hard,Round 1,3,Krueger A.,Kenin S.,60.0,106.0,ESPN,6,3,6.0,3.0,,,2,0,Completed
China Open,Beijing,2026-10-01,WTA1000,Outdoor,Hard,Round 1,3,Charaeva A.,Starodubtseva Y.,121.0,58.0,ESPN,5,7,7.0,5.0,6.0,2.0,2,1,Completed
China Open,Beijing,2026-10-01,WTA1000,Outdoor,Hard,Round 1,3,Zheng Q.,Shi H.,121.0,312.0,ESPN,7,6,4.0,6.0,6.0,2.0,2,1,Completed
China Open,Beijing,2026-10-01,WTA1000,Outdoor,Hard,Round 1,3,Kartal S.,Lazaro Garcia A.,54.0,,ESPN,6,2,6.0,3.0,,,2,0,Completed
China Open,Beijing,2026-10-01,WTA1000,Outdoor,Hard,Round 1,3,Badosa P.,Kasatkina D.,70.0,84.0,ESPN,4,6,7.0,6.0,6.0,4.0,2,1,Completed
China Open,Beijing,2026-10-01,WTA1000,Outdoor,Hard,Round 1,3,Birrell K.,Ito A.,60.0,373.0,ESPN,6,1,6.0,1.0,,,2,0,Completed
China Open,Beijing,2026-10-01,WTA1000,Outdoor,Hard,Round 1,3,Siniakova K.,Linette M.,42.0,74.0,ESPN,6,4,6.0,3.0,,,2,0,Completed
China Open,Beijing,2026-10-01,WTA1000,Outdoor,Hard,Round 1,3,Hunter S.,Lin Y.,179.0,,ESPN,6,2,6.0,1.0,,,2,0,Completed
China Open,Beijing,2026-10-01,WTA1000,Outdoor,Hard,Round 1,3,Rakhimova K.,Bassols Ribera M.,76.0,291.0,ESPN,6,4,7.0,6.0,,,2,0,Completed
China Open,Beijing,2026-10-01,WTA1000,Outdoor,Hard,Round 1,3,Dart H.,Qu Y.,131.0,,ESPN,6,2,6.0,7.0,7.0,5.0,2,1,Completed
China Open,Beijing,2026-10-01,WTA1000,Outdoor,Hard,Round 1,3,Zakharova A.,Shao Y.,109.0,,ESPN,6,0,6.0,2.0,,,2,0,Completed
China Open,Beijing,2026-10-01,WTA1000,Outdoor,Hard,Round 1,3,Zhu L.,Parks A.,170.0,70.0,ESPN,6,4,6.0,2.0,,,2,0,Completed
China Open,Beijing,2026-10-01,WTA1000,Outdoor,Hard,Round 1,3,Osorio C.,Tararudee L.,,62.0,ESPN,6,3,6.0,3.0,,,2,0,Completed
China Open,Beijing,2026-10-01,WTA1000,Outdoor,Hard,Round 1,3,Sun X.,Lys E.,,100.0,ESPN,6,1,3.0,0.0,,,1,0,Retired
China Open,Beijing,2026-10-01,WTA1000,Outdoor,Hard,Round 1,3,Gao X.,Udvardy P.,244.0,83.0,ESPN,6,2,6.0,3.0,,,2,0,Completed
China Open,Beijing,2026-10-02,WTA1000,Outdoor,Hard,Round 2,3,Kraus S.,Potapova A.,90.0,25.0,ESPN,4,1,,,,,0,0,Retired
China Open,Beijing,2026-10-02,WTA1000,Outdoor,Hard,Round 2,3,Shnaider D.,Tjen J.,16.0,51.0,ESPN,6,0,6.0,4.0,,,2,0,Completed
China Open,Beijing,2026-10-02,WTA1000,Outdoor,Hard,Round 2,3,Golubic V.,Stearns P.,56.0,60.0,ESPN,6,4,3.0,6.0,6.0,3.0,2,1,Completed
China Open,Beijing,2026-10-02,WTA1000,Outdoor,Hard,Round 2,3,Samsonova L.,Fruhvirtova L.,50.0,177.0,ESPN,6,2,3.0,6.0,6.0,3.0,2,1,Completed
China Open,Beijing,2026-10-02,WTA1000,Outdoor,Hard,Round 2,3,Andreeva M.,Yuan Y.,5.0,134.0,ESPN,3,6,6.0,0.0,6.0,0.0,2,1,Completed
China Open,Beijing,2026-10-02,WTA1000,Outdoor,Hard,Round 2,3,Yastremska D.,Chwalinska M.,113.0,25.0,ESPN,6,3,6.0,1.0,,,2,0,Completed
China Open,Beijing,2026-10-02,WTA1000,Outdoor,Hard,Round 2,3,Noskova L.,Ruse E.G.,6.0,66.0,ESPN,6,4,6.0,1.0,,,2,0,Completed
China Open,Beijing,2026-10-02,WTA1000,Outdoor,Hard,Round 2,3,Preston T.,Parry D.,94.0,30.0,ESPN,7,6,6.0,1.0,,,2,0,Completed
China Open,Beijing,2026-10-02,WTA1000,Outdoor,Hard,Round 2,3,Snigur D.,Paolini J.,45.0,21.0,ESPN,3,6,7.0,6.0,6.0,2.0,2,1,Completed
China Open,Beijing,2026-10-02,WTA1000,Outdoor,Hard,Round 2,3,Alexandrova E.,Sasnovich A.,19.0,132.0,ESPN,6,1,6.0,4.0,,,2,0,Completed
China Open,Beijing,2026-10-02,WTA1000,Outdoor,Hard,Round 2,3,Muchova K.,Boulter K.,7.0,62.0,ESPN,7,6,6.0,1.0,,,2,0,Completed
China Open,Beijing,2026-10-02,WTA1000,Outdoor,Hard,Round 2,3,Kudermetova P.,Tauson C.,103.0,38.0,ESPN,6,4,4.0,6.0,6.0,4.0,2,1,Completed
China Open,Beijing,2026-10-02,WTA1000,Outdoor,Hard,Round 2,3,Bejlek S.,Inglis M.,28.0,151.0,ESPN,6,3,7.0,5.0,,,2,0,Completed
China Open,Beijing,2026-10-02,WTA1000,Outdoor,Hard,Round 2,3,Osaka N.,Timofeeva M.,13.0,86.0,ESPN,6,3,3.0,6.0,6.0,3.0,2,1,Completed
China Open,Beijing,2026-10-02,WTA1000,Outdoor,Hard,Round 2,3,Bartunkova N.,Frech M.,34.0,57.0,ESPN,6,2,6.0,2.0,,,2,0,Completed
China Open,Beijing,2026-10-02,WTA1000,Outdoor,Hard,Round 2,3,Sabalenka A.,Zarazua R.,2.0,92.0,ESPN,6,1,6.0,3.0,,,2,0,Completed
China Open,Beijing,2026-10-03,WTA1000,Outdoor,Hard,Round 2,3,Gauff C.,Osorio C.,4.0,,ESPN,7,6,4.0,6.0,6.0,2.0,2,1,Completed
China Open,Beijing,2026-10-03,WTA1000,Outdoor,Hard,Round 2,3,Mertens E.,Volynets K.,19.0,77.0,ESPN,6,0,4.0,6.0,7.0,5.0,2,1,Completed
China Open,Beijing,2026-10-03,WTA1000,Outdoor,Hard,Round 2,3,Vekic D.,Zhu L.,38.0,170.0,ESPN,6,1,4.0,6.0,6.0,2.0,2,1,Completed
China Open,Beijing,2026-10-03,WTA1000,Outdoor,Hard,Round 2,3,Li A.,Krueger A.,28.0,60.0,ESPN,6,4,6.0,2.0,,,2,0,Completed
China Open,Beijing,2026-10-03,WTA1000,Outdoor,Hard,Round 2,3,Sakkari M.,Hunter S.,33.0,179.0,ESPN,6,2,6.0,2.0,,,2,0,Completed
China Open,Beijing,2026-10-03,WTA1000,Outdoor,Hard,Round 2,3,Ostapenko J.,Badosa P.,32.0,70.0,ESPN,7,6,7.0,5.0,,,2,0,Completed
China Open,Beijing,2026-10-03,WTA1000,Outdoor,Hard,Round 2,3,Swiatek I.,Gao X.,8.0,244.0,ESPN,6,2,6.0,3.0,,,2,0,Completed
China Open,Beijing,2026-10-03,WTA1000,Outdoor,Hard,Round 2,3,Svitolina E.,Siniakova K.,9.0,42.0,ESPN,1,6,6.0,4.0,6.0,2.0,2,1,Completed
China Open,Beijing,2026-10-03,WTA1000,Outdoor,Hard,Round 2,3,Rakhimova K.,Fernandez L.A.,76.0,31.0,ESPN,6,2,4.0,6.0,6.0,3.0,2,1,Completed
China Open,Beijing,2026-10-03,WTA1000,Outdoor,Hard,Round 2,3,Zheng Q.,Kalinskaya A.,121.0,23.0,ESPN,6,7,6.0,4.0,3.0,0.0,1,1,Retired
China Open,Beijing,2026-10-03,WTA1000,Outdoor,Hard,Round 2,3,Bencic B.,Zakharova A.,12.0,109.0,ESPN,6,1,7.0,6.0,,,2,0,Completed
China Open,Beijing,2026-10-03,WTA1000,Outdoor,Hard,Round 2,3,Jovic I.,Dart H.,16.0,131.0,ESPN,2,6,6.0,3.0,6.0,3.0,2,1,Completed
China Open,Beijing,2026-10-03,WTA1000,Outdoor,Hard,Round 2,3,Sun X.,Bucsa C.,,44.0,ESPN,6,4,7.0,5.0,,,2,0,Completed
China Open,Beijing,2026-10-03,WTA1000,Outdoor,Hard,Round 2,3,Bouzkova M.,Birrell K.,26.0,60.0,ESPN,6,4,6.0,4.0,,,2,0,Completed
China Open,Beijing,2026-10-03,WTA1000,Outdoor,Hard,Round 2,3,Kartal S.,Wang Xin.,54.0,40.0,ESPN,6,3,6.0,2.0,,,2,0,Completed
China Open,Beijing,2026-10-03,WTA1000,Outdoor,Hard,Round 2,3,Charaeva A.,Rybakina E.,121.0,2.0,ESPN,3,6,6.0,4.0,6.0,3.0,2,1,Completed
China Open,Beijing,2026-10-04,WTA1000,Outdoor,Hard,Round 3,3,Bartunkova N.,Sabalenka A.,34.0,2.0,ESPN,6,4,6.0,3.0,,,2,0,Completed
China Open,Beijing,2026-10-04,WTA1000,Outdoor,Hard,Round 3,3,Kraus S.,Yastremska D.,90.0,113.0,ESPN,6,1,6.0,4.0,,,2,0,Completed
China Open,Beijing,2026-10-04,WTA1000,Outdoor,Hard,Round 3,3,Alexandrova E.,Shnaider D.,19.0,16.0,ESPN,3,6,6.0,4.0,6.0,3.0,2,1,Completed
China Open,Beijing,2026-10-04,WTA1000,Outdoor,Hard,Round 3,3,Andreeva M.,Kudermetova P.,5.0,103.0,ESPN,6,4,6.0,1.0,,,2,0,Completed
China Open,Beijing,2026-10-04,WTA1000,Outdoor,Hard,Round 3,3,Noskova L.,Golubic V.,6.0,56.0,ESPN,6,2,6.0,1.0,,,2,0,Completed
China Open,Beijing,2026-10-04,WTA1000,Outdoor,Hard,Round 3,3,Snigur D.,Preston T.,45.0,94.0,ESPN,6,1,6.0,0.0,,,2,0,Completed
China Open,Beijing,2026-10-04,WTA1000,Outdoor,Hard,Round 3,3,Osaka N.,Bejlek S.,13.0,28.0,ESPN,7,6,6.0,4.0,,,2,0,Completed
China Open,Beijing,2026-10-04,WTA1000,Outdoor,Hard,Round 3,3,Muchova K.,Samsonova L.,7.0,50.0,ESPN,4,6,6.0,4.0,6.0,2.0,2,1,Completed
China Open,Beijing,2026-10-05,WTA1000,Outdoor,Hard,Round 3,3,Swiatek I.,Vekic D.,8.0,38.0,ESPN,4,6,7.0,6.0,6.0,2.0,2,1,Completed
China Open,Beijing,2026-10-05,WTA1000,Outdoor,Hard,Round 3,3,Jovic I.,Rakhimova K.,16.0,76.0,ESPN,6,1,7.0,5.0,,,2,0,Completed
China Open,Beijing,2026-10-05,WTA1000,Outdoor,Hard,Round 3,3,Zheng Q.,Bouzkova M.,121.0,26.0,ESPN,7,6,4.0,6.0,7.0,5.0,2,1,Completed
China Open,Beijing,2026-10-05,WTA1000,Outdoor,Hard,Round 3,3,Charaeva A.,Kartal S.,121.0,54.0,ESPN,6,4,6.0,1.0,,,2,0,Completed
China Open,Beijing,2026-10-05,WTA1000,Outdoor,Hard,Round 3,3,Li A.,Bencic B.,28.0,12.0,ESPN,6,4,6.0,3.0,,,2,0,Completed
China Open,Beijing,2026-10-05,WTA1000,Outdoor,Hard,Round 3,3,Mertens E.,Ostapenko J.,19.0,32.0,ESPN,6,2,3.0,6.0,6.0,3.0,2,1,Completed
China Open,Beijing,2026-10-05,WTA1000,Outdoor,Hard,Round 3,3,Svitolina E.,Sakkari M.,9.0,33.0,ESPN,6,4,7.0,5.0,,,2,0,Completed
China Open,Beijing,2026-10-05,WTA1000,Outdoor,Hard,Round 3,3,Gauff C.,Sun X.,4.0,,ESPN,7,5,6.0,1.0,,,2,0,Completed
China Open,Beijing,2026-10-06,WTA1000,Outdoor,Hard,Round 4,3,Andreeva M.,Snigur D.,5.0,45.0,ESPN,6,2,6.0,2.0,,,2,0,Completed
China Open,Beijing,2026-10-06,WTA1000,Outdoor,Hard,Round 4,3,Alexandrova E.,Noskova L.,19.0,6.0,ESPN,6,2,6.0,2.0,,,2,0,Completed
China Open,Beijing,2026-10-06,WTA1000,Outdoor,Hard,Round 4,3,Muchova K.,Osaka N.,7.0,13.0,ESPN,7,5,1.0,6.0,7.0,6.0,2,1,Completed
China Open,Beijing,2026-10-06,WTA1000,Outdoor,Hard,Round 4,3,Bartunkova N.,Kraus S.,34.0,90.0,ESPN,6,0,4.0,6.0,6.0,3.0,2,1,Completed
China Open,Beijing,2026-10-07,WTA1000,Outdoor,Hard,Round 4,3,Swiatek I.,Jovic I.,8.0,16.0,ESPN,6,1,6.0,3.0,,,2,0,Completed
China Open,Beijing,2026-10-07,WTA1000,Outdoor,Hard,Round 4,3,Mertens E.,Gauff C.,19.0,4.0,ESPN,6,3,6.0,3.0,,,2,0,Completed
China Open,Beijing,2026-10-07,WTA1000,Outdoor,Hard,Round 4,3,Zheng Q.,Charaeva A.,121.0,121.0,ESPN,6,1,2.0,6.0,6.0,4.0,2,1,Completed
China Open,Beijing,2026-10-07,WTA1000,Outdoor,Hard,Round 4,3,Svitolina E.,Li A.,9.0,28.0,ESPN,6,2,6.0,3.0,,,2,0,Completed
China Open,Beijing,2026-10-08,WTA1000,Outdoor,Hard,Quarterfinal,3,Bartunkova N.,Muchova K.,34.0,7.0,ESPN,6,3,6.0,0.0,,,2,0,Completed
China Open,Beijing,2026-10-08,WTA1000,Outdoor,Hard,Quarterfinal,3,Andreeva M.,Alexandrova E.,5.0,19.0,ESPN,7,6,7.0,6.0,,,2,0,Completed
China Open,Beijing,2026-10-09,WTA1000,Outdoor,Hard,Quarterfinal,3,Zheng Q.,Svitolina E.,121.0,9.0,ESPN,6,3,7.0,6.0,,,2,0,Completed
China Open,Beijing,2026-10-09,WTA1000,Outdoor,Hard,Quarterfinal,3,Mertens E.,Swiatek I.,19.0,8.0,ESPN,7,6,6.0,3.0,,,2,0,Completed
