date,home_team,away_team,home_xg,away_xg,home_goals,away_goals,match_id
2020-08-01,Aberdeen,Rangers,0.15,1.25,0,1,3358641
2020-08-01,Dundee United,St. Johnstone,1.84,0.38,1,1,3358631
2020-08-01,Hibernian,Kilmarnock,1.18,0.7,2,1,3358639
2020-08-01,St. Mirren,Livingston,1.03,0.55,1,0,3358640
2020-08-02,Celtic,Hamilton Academical,4.36,0.47,5,1,3358642
2020-08-03,Ross County,Motherwell,1.33,1.96,1,0,3358643
2020-08-08,Hamilton Academical,Ross County,0.45,1.47,0,1,3358637
2020-08-08,Livingston,Hibernian,1.42,3.36,1,4,3358636
2020-08-08,Motherwell,Dundee United,1.13,0.89,0,1,3358635
2020-08-09,Kilmarnock,Celtic,1.06,0.74,1,1,3358633
2020-08-09,Rangers,St. Mirren,2.59,0.42,3,0,3358634
2020-08-11,Dundee United,Hibernian,0.83,0.9,0,1,3358632
2020-08-12,Motherwell,Livingston,0.5,2.03,2,2,3358646
2020-08-12,Rangers,St. Johnstone,1.73,0.44,3,0,3358647
2020-08-12,Ross County,Kilmarnock,2.02,1.06,2,2,3358648
2020-08-15,Hamilton Academical,St. Mirren,0.83,1.97,0,1,3358662
2020-08-15,Hibernian,Motherwell,1.45,0.89,0,0,3358659
2020-08-15,Kilmarnock,St. Johnstone,0.86,1.64,1,2,3358661
2020-08-15,Ross County,Dundee United,1.42,1.34,1,2,3358660
2020-08-16,Livingston,Rangers,0.07,1.11,0,0,3358658
2020-08-20,St. Johnstone,Aberdeen,0.42,0.29,0,1,3358638
2020-08-22,Dundee United,Celtic,0.29,2.95,0,1,3358653
2020-08-22,Motherwell,Hamilton Academical,0.73,2.22,0,1,3358656
2020-08-22,Rangers,Kilmarnock,2.93,0.09,2,0,3358655
2020-08-22,St. Mirren,Ross County,1.31,2.19,1,1,3358654
2020-08-23,Aberdeen,Livingston,2.15,1.62,2,1,3358657
2020-08-23,St. Johnstone,Hibernian,0.52,1.53,0,1,3358652
2020-08-29,Hamilton Academical,Rangers,0.17,4.11,0,2,3358665
2020-08-29,Kilmarnock,Dundee United,1.15,1.04,4,0,3358650
2020-08-29,Livingston,Ross County,1.31,0.38,1,0,3358649
2020-08-29,St. Johnstone,St. Mirren,2.81,0.29,1,0,3358664
2020-08-30,Celtic,Motherwell,2.06,0.22,3,0,3358651
2020-08-30,Hibernian,Aberdeen,0.46,1.73,0,1,3358680
2020-09-12,Aberdeen,Kilmarnock,1.76,0.49,1,0,3358679
2020-09-12,Livingston,Hamilton Academical,2.43,0.77,1,2,3358678
2020-09-12,Motherwell,St. Johnstone,0.26,1.02,1,0,3358677
2020-09-12,Rangers,Dundee United,3.02,0.91,4,0,3358676
2020-09-12,Ross County,Celtic,0.81,3.32,0,5,3358675
2020-09-12,St. Mirren,Hibernian,1.24,1.09,0,3,3358674
2020-09-16,St. Mirren,Celtic,1.12,2.18,1,2,3358644
2020-09-19,Celtic,Livingston,1.57,1.35,3,2,3358672
2020-09-19,Dundee United,St. Mirren,1.77,1.16,2,1,3358671
2020-09-19,Kilmarnock,Hamilton Academical,1.86,1.47,2,1,3358669
2020-09-19,St. Johnstone,Ross County,0.85,0.23,0,1,3358668
2020-09-20,Aberdeen,Motherwell,0.7,1.75,0,3,3358673
2020-09-20,Hibernian,Rangers,0.6,2.9,2,2,3358670
2020-09-26,Hamilton Academical,Dundee United,1.22,1.81,1,1,3358666
2020-09-26,Livingston,St. Johnstone,0.54,1.11,2,0,3358681
2020-09-26,St. Mirren,Kilmarnock,0.49,0.65,0,1,3358696
2020-09-27,Celtic,Hibernian,1.91,0.6,3,0,3358667
2020-09-27,Motherwell,Rangers,0.38,2.59,1,5,3358682
2020-09-27,Ross County,Aberdeen,0.46,3.26,0,3,3358697
2020-10-02,Aberdeen,St. Mirren,0.91,0.48,2,1,3358695
2020-10-02,Dundee United,Livingston,0.06,3.08,1,2,3358694
2020-10-02,Hibernian,Hamilton Academical,2.97,1.8,3,2,3358693
2020-10-04,Rangers,Ross County,2.0,0.47,2,0,3358691
2020-10-04,St. Johnstone,Celtic,0.61,1.71,0,2,3358690
2020-10-17,Celtic,Rangers,0.55,1.5,0,2,3358689
2020-10-17,Dundee United,Aberdeen,0.48,1.21,0,0,3358688
2020-10-17,Hamilton Academical,St. Johnstone,0.73,3.73,3,5,3358687
2020-10-17,Livingston,Kilmarnock,1.53,2.24,1,3,3358686
2020-10-17,Ross County,Hibernian,0.63,2.61,0,0,3358685
2020-10-20,Aberdeen,Hamilton Academical,1.66,1.65,4,2,3358645
2020-10-24,Kilmarnock,Hibernian,0.97,1.5,0,1,3358698
2020-10-24,Motherwell,Ross County,3.11,1.47,4,0,3358699
2020-10-24,St. Johnstone,Dundee United,0.96,0.1,0,0,3358713
2020-10-25,Aberdeen,Celtic,2.69,2.04,3,3,3358683
2020-10-25,Rangers,Livingston,1.34,0.87,2,0,3358714
2020-10-31,Dundee United,Ross County,1.79,0.88,2,1,3358710
2020-10-31,Livingston,Motherwell,0.7,1.33,0,2,3358706
2020-11-01,Kilmarnock,Rangers,0.5,2.8,0,1,3358707
2020-11-06,Aberdeen,Hibernian,0.88,0.67,2,0,3358705
2020-11-06,Ross County,Livingston,0.62,1.07,1,1,3358702
2020-11-06,St. Johnstone,Kilmarnock,0.61,0.46,1,0,3358701
2020-11-06,St. Mirren,Dundee United,1.38,0.2,0,0,3358700
2020-11-08,Motherwell,Celtic,1.66,2.79,1,4,3358704
2020-11-08,Rangers,Hamilton Academical,4.91,0.0,8,0,3358703
2020-11-21,Dundee United,Hamilton Academical,0.73,1.44,2,1,3358715
2020-11-21,Hibernian,Celtic,1.46,1.91,2,2,3358798
2020-11-21,Kilmarnock,Ross County,2.12,1.87,3,1,3358813
2020-11-21,Livingston,St. Mirren,0.46,0.39,0,1,3358812
2020-11-21,St. Johnstone,Motherwell,2.14,0.69,1,1,3358810
2020-11-22,Rangers,Aberdeen,2.04,0.57,4,0,3358811
2020-11-24,Hibernian,St. Johnstone,1.56,1.02,2,2,3358708
2020-11-25,Hamilton Academical,Aberdeen,0.49,0.52,1,1,3358709
2020-12-05,Hamilton Academical,Kilmarnock,1.56,0.85,1,0,3358808
2020-12-05,Livingston,Dundee United,1.2,0.42,2,0,3358807
2020-12-05,Motherwell,Hibernian,1.22,1.08,0,3,3358806
2020-12-05,St. Mirren,Aberdeen,2.58,0.39,1,1,3358804
2020-12-06,Celtic,St. Johnstone,1.69,1.3,1,1,3358809
2020-12-06,Ross County,Rangers,0.74,3.22,0,4,3358805
2020-12-12,Aberdeen,Ross County,1.19,0.8,2,0,3358803
2020-12-12,Hamilton Academical,Hibernian,0.17,3.14,0,4,3358800
2020-12-12,Motherwell,St. Mirren,1.78,0.96,0,1,3358799
2020-12-12,St. Johnstone,Livingston,1.05,0.98,1,2,3358814
2020-12-13,Celtic,Kilmarnock,1.83,0.79,2,0,3358802
2020-12-13,Dundee United,Rangers,0.43,1.34,1,2,3358801
2020-12-19,Hibernian,Dundee United,2.12,1.43,1,1,3358815
2020-12-19,Rangers,Motherwell,3.64,0.81,3,1,3358828
2020-12-19,Ross County,Hamilton Academical,0.91,0.8,0,2,3358827
2020-12-19,St. Mirren,St. Johnstone,1.07,1.03,3,2,3358826
2020-12-20,Kilmarnock,Aberdeen,0.36,1.01,0,2,3358830
2020-12-23,Celtic,Ross County,2.15,0.29,2,0,3358825
2020-12-23,Dundee United,Kilmarnock,0.92,0.65,2,0,3358824
2020-12-23,Hamilton Academical,Livingston,0.05,2.2,0,2,3358823
2020-12-23,Hibernian,St. Mirren,0.86,0.85,1,0,3358822
2020-12-23,Motherwell,Aberdeen,0.22,1.16,0,0,3358821
2020-12-23,St. Johnstone,Rangers,0.66,1.81,0,3,3358820
2020-12-26,Aberdeen,St. Johnstone,1.34,0.88,2,1,3358819
2020-12-26,Dundee United,Motherwell,0.67,1.82,1,1,3358818
2020-12-26,Hamilton Academical,Celtic,0.09,3.53,0,3,3358817
2020-12-26,Kilmarnock,Livingston,1.21,0.68,1,2,3358816
2020-12-26,Rangers,Hibernian,2.08,0.95,1,0,3358831
2020-12-26,Ross County,St. Mirren,0.54,1.79,0,2,3358832
2020-12-30,Celtic,Dundee United,2.04,0.95,3,0,3358847
2020-12-30,Hibernian,Ross County,1.42,0.69,0,2,3358846
2020-12-30,Motherwell,Kilmarnock,0.4,1.78,0,2,3358844
2020-12-30,St. Johnstone,Hamilton Academical,2.22,0.84,0,0,3358843
2020-12-30,St. Mirren,Rangers,0.69,0.71,0,2,3358842
2021-01-02,Aberdeen,Dundee United,0.85,0.46,0,0,3358841
2021-01-02,Hamilton Academical,Motherwell,0.87,0.86,3,0,3358840
2021-01-02,Hibernian,Livingston,0.49,1.18,0,3,3358839
2021-01-02,Kilmarnock,St. Mirren,0.97,0.5,1,1,3358838
2021-01-02,Rangers,Celtic,0.58,0.61,1,0,3358837
2021-01-02,Ross County,St. Johnstone,0.81,1.57,1,1,3358836
2021-01-09,Kilmarnock,Hamilton Academical,1.5,0.43,2,0,3358848
2021-01-09,St. Mirren,Motherwell,1.51,1.85,1,1,3358864
2021-01-10,Aberdeen,Rangers,0.63,1.99,1,2,3358835
2021-01-10,Livingston,Ross County,1.74,1.28,3,1,3358849
2021-01-11,Celtic,Hibernian,0.97,1.79,1,1,3358834
2021-01-12,Dundee United,St. Johnstone,0.82,2.22,2,2,3358833
2021-01-16,Celtic,Livingston,0.41,1.22,0,0,3358863
2021-01-16,Hamilton Academical,Dundee United,0.67,0.63,0,0,3358862
2021-01-16,Hibernian,Kilmarnock,0.68,0.64,2,0,3358861
2021-01-16,Ross County,Aberdeen,0.95,2.28,4,1,3358859
2021-01-16,St. Johnstone,St. Mirren,1.05,0.3,1,0,3358858
2021-01-17,Motherwell,Rangers,1.2,0.98,1,1,3358860
2021-01-20,Livingston,Celtic,0.77,1.69,2,2,3358829
2021-01-23,Aberdeen,Motherwell,3.1,0.46,2,0,3358857
2021-01-23,Rangers,Ross County,2.67,0.5,5,0,3358853
2021-01-27,Celtic,Hamilton Academical,2.23,0.58,2,0,3358851
2021-01-27,Dundee United,St. Mirren,1.21,3.25,1,5,3358850
2021-01-27,Hibernian,Rangers,0.8,1.72,0,1,3358865
2021-01-27,Livingston,Kilmarnock,1.1,0.59,2,0,3358866
2021-01-27,Ross County,Motherwell,1.5,1.52,1,2,3358881
2021-01-27,St. Johnstone,Aberdeen,0.36,1.1,0,0,3358880
2021-01-30,Celtic,St. Mirren,1.46,1.03,1,2,3358711
2021-01-30,Dundee United,Hibernian,0.51,1.34,0,2,3358856
2021-01-30,Kilmarnock,St. Johnstone,1.17,2.14,2,3,3358855
2021-01-30,Livingston,Aberdeen,0.98,1.38,0,0,3358845
2021-02-02,Aberdeen,Livingston,0.36,0.56,0,2,3358879
2021-02-02,Kilmarnock,Celtic,1.87,2.13,0,4,3358877
2021-02-02,St. Mirren,Hibernian,0.65,1.6,1,2,3358874
2021-02-03,Hamilton Academical,Ross County,0.49,1.44,1,2,3358878
2021-02-03,Motherwell,Dundee United,1.9,0.97,2,1,3358876
2021-02-03,Rangers,St. Johnstone,1.33,0.27,1,0,3358875
2021-02-06,Celtic,Motherwell,1.56,0.42,2,1,3358873
2021-02-06,Hibernian,Aberdeen,2.26,0.54,2,0,3358871
2021-02-06,Livingston,St. Johnstone,0.86,1.78,1,2,3358870
2021-02-06,Ross County,Dundee United,0.74,1.65,0,2,3358869
2021-02-06,St. Mirren,Kilmarnock,1.48,0.49,2,0,3358868
2021-02-07,Hamilton Academical,Rangers,1.28,0.74,1,1,3358872
2021-02-10,Kilmarnock,Motherwell,1.0,0.94,0,1,3358692
2021-02-10,St. Mirren,Celtic,0.57,2.57,0,4,3358852
2021-02-13,Aberdeen,St. Mirren,0.51,0.66,0,0,3358867
2021-02-13,Dundee United,Livingston,1.9,0.93,3,0,3358882
2021-02-13,Motherwell,Hamilton Academical,1.32,2.03,1,4,3358883
2021-02-13,Rangers,Kilmarnock,1.47,0.08,1,0,3358897
2021-02-14,St. Johnstone,Celtic,0.3,1.44,1,2,3358895
2021-02-17,Celtic,Aberdeen,0.98,0.43,1,0,3358663
2021-02-17,St. Mirren,Hamilton Academical,0.74,1.49,1,1,3358712
2021-02-20,Aberdeen,Kilmarnock,1.09,0.88,1,0,3358912
2021-02-20,Hibernian,Hamilton Academical,2.49,0.4,2,0,3358911
2021-02-20,Motherwell,St. Johnstone,0.03,2.99,0,3,3358910
2021-02-20,St. Mirren,Livingston,0.71,0.29,1,1,3358907
2021-02-21,Rangers,Dundee United,3.26,1.04,4,1,3358909
2021-02-21,Ross County,Celtic,0.98,2.31,1,0,3358908
2021-02-24,St. Mirren,Motherwell,0.3,1.39,0,0,3358684
2021-02-27,Celtic,Aberdeen,1.33,1.15,1,0,3358894
2021-02-27,Hibernian,Motherwell,1.62,1.0,0,2,3358892
2021-02-27,Kilmarnock,Dundee United,1.25,1.02,1,1,3358891
2021-02-27,St. Mirren,Ross County,1.41,1.67,1,0,3358889
2021-03-03,Hamilton Academical,St. Johnstone,0.66,1.04,1,1,3358893
2021-03-03,Livingston,Rangers,0.35,2.49,0,1,3358890
2021-03-06,Aberdeen,Hamilton Academical,1.97,0.51,0,0,3358888
2021-03-06,Motherwell,Livingston,1.8,1.14,3,1,3358886
2021-03-06,Rangers,St. Mirren,1.5,0.21,3,0,3358885
2021-03-06,Ross County,Kilmarnock,1.21,1.67,3,2,3358884
2021-03-06,St. Johnstone,Hibernian,0.29,1.03,1,0,3358898
2021-03-07,Dundee United,Celtic,0.51,1.77,0,0,3358887
2021-03-13,Livingston,Hamilton Academical,1.26,0.19,2,1,3358854
2021-03-13,Ross County,Hibernian,1.33,2.75,1,2,3358896
2021-03-20,Dundee United,Aberdeen,0.46,0.47,1,0,3358917
2021-03-20,Hamilton Academical,St. Mirren,0.79,1.81,1,1,3358916
2021-03-20,Kilmarnock,Motherwell,1.86,1.28,4,1,3358915
2021-03-20,Livingston,Hibernian,1.09,0.68,1,1,3358914
2021-03-20,St. Johnstone,Ross County,1.93,0.15,1,0,3358913
2021-03-21,Celtic,Rangers,1.33,0.83,1,1,3358902
2021-04-10,Celtic,Livingston,2.83,0.79,6,0,3560747
2021-04-10,Hamilton Academical,Dundee United,2.73,1.32,0,1,3560762
2021-04-10,Kilmarnock,Ross County,0.69,1.07,2,2,3560763
2021-04-10,Motherwell,St. Mirren,1.93,1.45,1,0,3560764
2021-04-10,St. Johnstone,Aberdeen,1.39,1.26,0,1,3560748
2021-04-11,Rangers,Hibernian,0.58,1.09,2,1,3560749
2021-04-21,Aberdeen,Celtic,1.52,2.86,1,1,3560750
2021-04-21,Hamilton Academical,Motherwell,0.48,0.57,0,1,3560765
2021-04-21,Hibernian,Livingston,2.31,1.77,2,1,3560751
2021-04-21,Kilmarnock,Dundee United,2.29,1.0,3,0,3560766
2021-04-21,Ross County,St. Mirren,0.65,2.23,1,3,3560767
2021-04-21,St. Johnstone,Rangers,1.93,0.23,1,1,3560752
2021-05-01,Dundee United,Ross County,0.16,2.17,0,2,3560768
2021-05-01,Hibernian,St. Johnstone,1.08,0.73,0,1,3560753
2021-05-01,Livingston,Aberdeen,1.35,1.54,1,2,3560754
2021-05-01,Motherwell,Kilmarnock,1.0,0.93,2,0,3560769
2021-05-01,St. Mirren,Hamilton Academical,0.68,1.23,1,2,3560770
2021-05-02,Rangers,Celtic,1.33,2.07,4,1,3560755
2021-05-12,Aberdeen,Hibernian,1.28,0.44,0,1,3560756
2021-05-12,Celtic,St. Johnstone,1.94,1.53,4,0,3560757
2021-05-12,Dundee United,Motherwell,1.56,0.9,2,2,3560771
2021-05-12,Kilmarnock,St. Mirren,1.33,1.21,3,3,3560772
2021-05-12,Livingston,Rangers,0.87,2.44,0,3,3560758
2021-05-12,Ross County,Hamilton Academical,0.41,0.69,2,1,3560773
2021-05-15,Hibernian,Celtic,0.35,2.09,0,0,3560759
2021-05-15,Rangers,Aberdeen,1.19,1.92,4,0,3560760
2021-05-15,St. Johnstone,Livingston,0.22,0.3,0,0,3560761
2021-05-16,Hamilton Academical,Kilmarnock,0.48,2.23,0,2,3560799
2021-05-16,Motherwell,Ross County,0.67,1.23,1,2,3560800
2021-05-16,St. Mirren,Dundee United,0.62,1.22,0,0,3560801
2021-07-31,Dundee FC,St. Mirren,1.11,1.81,2,2,3608065
2021-07-31,Heart of Midlothian,Celtic,1.4,1.49,2,1,3608067
2021-07-31,Rangers,Livingston,1.84,0.07,3,0,3608064
2021-07-31,Ross County,St. Johnstone,0.31,1.63,0,0,3608066
2021-08-01,Aberdeen,Dundee United,0.67,0.46,2,0,3608068
2021-08-01,Motherwell,Hibernian,1.47,2.84,2,3,3608069
2021-08-07,Dundee United,Rangers,0.6,0.82,1,0,3608071
2021-08-07,St. Mirren,Heart of Midlothian,0.73,0.47,1,2,3608074
2021-08-08,Celtic,Dundee FC,5.51,0.24,6,0,3608070
2021-08-08,Hibernian,Ross County,1.7,0.48,3,0,3608072
2021-08-08,Livingston,Aberdeen,1.3,0.63,1,2,3608073
2021-08-08,St. Johnstone,Motherwell,0.8,1.67,1,1,3608075
2021-08-21,Celtic,St. Mirren,4.84,0.23,6,0,3608076
2021-08-21,Livingston,Motherwell,0.95,2.27,1,2,3608079
2021-08-22,Dundee FC,Hibernian,0.79,2.46,2,2,3608077
2021-08-22,Heart of Midlothian,Aberdeen,1.17,0.6,1,1,3608078
2021-08-22,Ross County,Rangers,1.4,2.38,2,4,3608080
2021-08-22,St. Johnstone,Dundee United,0.85,1.36,0,1,3608081
2021-08-28,Dundee United,Heart of Midlothian,0.39,1.55,0,2,3608083
2021-08-28,Hibernian,Livingston,1.05,0.63,2,0,3608084
2021-08-28,Motherwell,Dundee FC,0.23,1.15,1,0,3608085
2021-08-29,Aberdeen,Ross County,2.84,1.12,1,1,3608082
2021-08-29,Rangers,Celtic,0.74,1.44,1,0,3608086
2021-08-29,St. Mirren,St. Johnstone,1.65,0.81,0,0,3608087
2021-09-11,Celtic,Ross County,2.66,0.45,3,0,3608088
2021-09-11,Dundee FC,Livingston,1.67,0.44,0,0,3608089
2021-09-11,Motherwell,Aberdeen,0.92,2.08,2,0,3608091
2021-09-11,St. Johnstone,Rangers,0.65,1.22,1,2,3608092
2021-09-11,St. Mirren,Dundee United,0.71,1.2,0,0,3608093
2021-09-12,Heart of Midlothian,Hibernian,1.23,1.09,0,0,3608090
2021-09-18,Aberdeen,St. Johnstone,0.55,0.31,0,1,3608094
2021-09-18,Hibernian,St. Mirren,2.1,0.82,2,2,3608096
2021-09-18,Ross County,Heart of Midlothian,1.42,1.21,2,2,3608099
2021-09-19,Dundee United,Dundee FC,0.72,0.84,1,0,3608095
2021-09-19,Livingston,Celtic,0.62,1.24,1,0,3608097
2021-09-19,Rangers,Motherwell,2.65,0.27,1,1,3608098
2021-09-25,Dundee FC,Rangers,1.63,1.65,0,1,3608102
2021-09-25,Heart of Midlothian,Livingston,2.43,0.12,3,0,3608103
2021-09-25,Motherwell,Ross County,0.83,0.79,2,1,3608105
2021-09-26,Celtic,Dundee United,2.65,0.98,1,1,3608101
2021-09-26,Hibernian,St. Johnstone,1.9,0.22,1,0,3608104
2021-09-26,St. Mirren,Aberdeen,1.5,1.11,3,2,3608106
2021-10-02,Dundee United,Ross County,1.26,0.89,1,0,3608111
2021-10-02,Heart of Midlothian,Motherwell,2.16,1.1,2,0,3608112
2021-10-02,Livingston,St. Mirren,1.0,0.77,0,1,3608113
2021-10-02,St. Johnstone,Dundee FC,1.9,0.41,3,1,3608115
2021-10-03,Aberdeen,Celtic,0.57,1.65,1,2,3608110
2021-10-03,Rangers,Hibernian,1.68,0.23,2,1,3608114
2021-10-16,Dundee FC,Aberdeen,0.71,0.96,2,1,3608118
2021-10-16,Hibernian,Dundee United,0.41,0.73,0,3,3608119
2021-10-16,Motherwell,Celtic,0.54,1.18,0,2,3608120
2021-10-16,Rangers,Heart of Midlothian,3.12,0.49,1,1,3608121
2021-10-16,Ross County,St. Mirren,1.15,1.1,2,3,3608122
2021-10-16,St. Johnstone,Livingston,1.45,1.55,0,3,3608123
2021-10-23,Aberdeen,Hibernian,0.24,0.22,1,0,3608126
2021-10-23,Celtic,St. Johnstone,2.69,0.13,2,0,3608127
2021-10-23,Dundee United,Motherwell,0.83,1.38,2,1,3608128
2021-10-23,Heart of Midlothian,Dundee FC,1.48,0.52,1,1,3608129
2021-10-23,Ross County,Livingston,2.11,0.57,2,3,3608130
2021-10-24,St. Mirren,Rangers,0.06,2.62,1,2,3608131
2021-10-27,Dundee FC,Ross County,0.48,1.56,0,5,3608133
2021-10-27,Hibernian,Celtic,1.5,2.86,1,3,3608134
2021-10-27,Livingston,Dundee United,0.34,1.83,1,1,3608135
2021-10-27,Motherwell,St. Mirren,1.25,2.27,2,2,3608136
2021-10-27,Rangers,Aberdeen,2.34,1.02,2,2,3608137
2021-10-27,St. Johnstone,Heart of Midlothian,1.19,0.94,1,1,3608138
2021-10-30,Aberdeen,Heart of Midlothian,1.11,0.95,2,1,3608142
2021-10-30,Celtic,Livingston,1.8,0.1,0,0,3608143
2021-10-30,Dundee United,St. Johnstone,1.8,0.33,0,1,3608144
2021-10-30,St. Mirren,Dundee FC,0.83,0.66,0,1,3608147
2021-10-31,Motherwell,Rangers,0.54,3.35,1,6,3608145
2021-11-06,Aberdeen,Motherwell,1.39,0.47,0,2,3608150
2021-11-06,Heart of Midlothian,Dundee United,2.14,0.85,5,2,3608152
2021-11-06,St. Johnstone,St. Mirren,0.18,0.76,0,0,3608155
2021-11-07,Dundee FC,Celtic,0.66,1.95,2,4,3608151
2021-11-07,Rangers,Ross County,1.23,0.48,4,2,3608154
2021-11-20,Dundee United,Aberdeen,0.58,0.69,1,0,3608160
2021-11-20,Motherwell,Heart of Midlothian,2.07,0.3,2,0,3608162
2021-11-20,St. Mirren,Livingston,0.91,0.75,1,1,3608165
2021-11-24,Ross County,Hibernian,1.21,0.52,1,0,3608146
2021-11-27,Dundee FC,Motherwell,1.69,0.61,3,0,3608169
2021-11-27,Heart of Midlothian,St. Mirren,2.08,1.37,2,0,3608170
2021-11-27,Ross County,Dundee United,1.51,0.47,1,1,3608172
2021-11-27,St. Johnstone,Hibernian,0.12,2.14,1,2,3608173
2021-11-28,Celtic,Aberdeen,2.23,0.85,2,1,3608168
2021-11-28,Livingston,Rangers,0.92,1.7,1,3,3608171
2021-11-30,Motherwell,Dundee United,1.72,0.31,1,0,3608179
2021-12-01,Aberdeen,Livingston,1.18,0.08,2,0,3608175
2021-12-01,Dundee FC,St. Johnstone,1.01,0.34,1,0,3608177
2021-12-01,Hibernian,Rangers,0.22,1.78,0,1,3608178
2021-12-01,St. Mirren,Ross County,1.87,0.92,0,0,3608180
2021-12-02,Celtic,Heart of Midlothian,2.81,0.67,1,0,3608176
2021-12-04,Aberdeen,St. Mirren,3.97,0.94,4,1,3608181
2021-12-04,Hibernian,Motherwell,1.87,1.32,1,1,3608183
2021-12-04,Rangers,Dundee FC,2.81,0.44,3,0,3608185
2021-12-05,Dundee United,Celtic,0.21,4.31,0,3,3608182
2021-12-05,Livingston,Heart of Midlothian,1.19,1.84,0,1,3608184
2021-12-08,Livingston,Hibernian,1.23,1.95,1,0,3608153
2021-12-11,Dundee United,Livingston,0.87,1.22,0,1,3608188
2021-12-11,Ross County,Dundee FC,1.74,1.62,3,2,3608190
2021-12-11,St. Johnstone,Aberdeen,0.21,0.77,0,1,3608191
2021-12-11,St. Mirren,Hibernian,0.6,1.06,1,1,3608192
2021-12-12,Celtic,Motherwell,2.82,0.75,1,0,3608187
2021-12-12,Heart of Midlothian,Rangers,1.0,1.84,0,2,3608189
2021-12-14,Hibernian,Dundee FC,1.14,0.62,1,0,3608161
2021-12-15,Rangers,St. Johnstone,1.9,0.3,2,0,3608163
2021-12-15,Ross County,Celtic,0.65,2.72,1,2,3608164
2021-12-18,Dundee FC,Heart of Midlothian,0.14,1.02,0,1,3608193
2021-12-18,Livingston,Ross County,1.0,0.57,1,1,3608195
2021-12-18,Motherwell,St. Johnstone,0.31,0.52,2,0,3608196
2021-12-18,Rangers,Dundee United,2.27,0.33,1,0,3608197
2021-12-22,Hibernian,Aberdeen,0.41,0.7,1,0,3608194
2021-12-22,St. Johnstone,Ross County,0.32,2.09,1,2,3608186
2021-12-22,St. Mirren,Celtic,0.29,1.68,0,0,3608198
2021-12-26,Aberdeen,Dundee FC,1.12,0.12,2,1,3608199
2021-12-26,Dundee United,Hibernian,0.54,1.8,1,3,3608200
2021-12-26,Heart of Midlothian,Ross County,1.68,1.0,2,1,3608201
2021-12-26,Motherwell,Livingston,0.92,0.43,2,1,3608202
2021-12-26,Rangers,St. Mirren,2.1,0.06,2,0,3608203
2021-12-26,St. Johnstone,Celtic,0.26,2.38,1,3,3608204
2022-01-17,Celtic,Hibernian,2.94,0.57,2,0,3608206
2022-01-18,Aberdeen,Rangers,1.49,1.03,1,1,3608205
2022-01-18,Dundee United,St. Mirren,1.49,1.46,1,2,3608207
2022-01-18,Heart of Midlothian,St. Johnstone,1.67,1.14,2,0,3608208
2022-01-18,Livingston,Dundee FC,1.27,0.56,2,0,3608209
2022-01-18,Ross County,Motherwell,1.2,0.59,3,1,3608210
2022-01-25,St. Mirren,Aberdeen,0.13,0.47,1,0,3608222
2022-01-26,Dundee United,Ross County,2.96,1.19,2,1,3608217
2022-01-26,Heart of Midlothian,Celtic,1.22,1.7,1,2,3608218
2022-01-26,Motherwell,Hibernian,0.6,0.38,0,0,3608219
2022-01-26,Rangers,Livingston,1.51,0.34,1,0,3608220
2022-01-26,St. Johnstone,Dundee FC,0.67,0.22,0,0,3608221
2022-01-29,Celtic,Dundee United,3.43,0.65,1,0,3608224
2022-01-29,Heart of Midlothian,Motherwell,1.65,0.76,2,0,3608226
2022-01-29,Hibernian,Livingston,1.32,1.83,2,3,3608227
2022-01-29,Ross County,Rangers,1.62,3.16,3,3,3608228
2022-02-01,Dundee FC,Dundee United,0.87,0.69,0,0,3608212
2022-02-01,Hibernian,Heart of Midlothian,0.98,1.47,0,0,3608213
2022-02-01,Livingston,St. Johnstone,1.25,0.41,1,2,3608214
2022-02-01,Ross County,Aberdeen,0.32,0.74,1,1,3608215
2022-02-01,St. Mirren,Motherwell,0.59,0.81,1,1,3608216
2022-02-02,Celtic,Rangers,1.45,0.43,3,0,3608211
2022-02-05,Dundee FC,Ross County,1.12,1.78,1,2,3608229
2022-02-05,Hibernian,St. Mirren,1.22,0.38,0,1,3608230
2022-02-05,Livingston,Aberdeen,1.06,1.02,2,1,3608231
2022-02-05,St. Johnstone,Dundee United,0.39,1.13,0,0,3608234
2022-02-06,Motherwell,Celtic,0.24,2.79,0,4,3608232
2022-02-06,Rangers,Heart of Midlothian,4.37,0.57,5,0,3608233
2022-02-09,Aberdeen,Celtic,0.67,1.12,2,3,3608235
2022-02-09,Dundee United,Motherwell,1.53,1.11,2,0,3608236
2022-02-09,Heart of Midlothian,Dundee FC,1.68,0.86,1,2,3608237
2022-02-09,Rangers,Hibernian,2.45,0.81,2,0,3608238
2022-02-09,Ross County,Livingston,0.48,1.75,1,1,3608239
2022-02-09,St. Mirren,St. Johnstone,2.22,1.02,2,1,3608240
2022-02-15,Aberdeen,St. Johnstone,2.11,1.1,1,1,3608223
2022-02-19,Hibernian,Ross County,1.0,0.19,2,0,3608243
2022-02-19,Livingston,St. Mirren,1.24,0.13,1,1,3608244
2022-02-19,Motherwell,Aberdeen,2.32,1.23,1,1,3608245
2022-02-19,St. Johnstone,Heart of Midlothian,0.69,1.55,2,1,3608246
2022-02-20,Celtic,Dundee FC,2.64,0.35,3,2,3608241
2022-02-20,Dundee United,Rangers,0.58,3.91,1,1,3608242
2022-02-26,Aberdeen,Dundee United,0.91,0.94,1,1,3608247
2022-02-26,Dundee FC,Livingston,0.49,2.72,0,4,3608248
2022-02-26,Ross County,St. Johnstone,0.28,0.57,3,1,3608251
2022-02-26,St. Mirren,Heart of Midlothian,0.11,2.92,0,2,3608252
2022-02-27,Hibernian,Celtic,0.13,0.94,0,0,3608249
2022-02-27,Rangers,Motherwell,3.26,1.39,2,2,3608250
2022-03-02,Celtic,St. Mirren,1.6,0.36,2,0,3608253
2022-03-02,Dundee FC,Hibernian,0.2,0.58,0,0,3608254
2022-03-02,Heart of Midlothian,Aberdeen,1.15,0.92,2,0,3608255
2022-03-02,Livingston,Dundee United,2.16,0.93,2,1,3608256
2022-03-02,Motherwell,Ross County,1.17,1.05,0,1,3608257
2022-03-02,St. Johnstone,Rangers,0.08,1.0,0,1,3608258
2022-03-05,Dundee United,Heart of Midlothian,1.28,0.77,2,2,3608259
2022-03-05,Hibernian,St. Johnstone,0.98,0.44,0,0,3608260
2022-03-05,Motherwell,Dundee FC,0.79,0.75,1,1,3608262
2022-03-05,Rangers,Aberdeen,1.69,0.09,1,0,3608263
2022-03-05,Ross County,St. Mirren,1.23,0.31,1,0,3608264
2022-03-06,Livingston,Celtic,0.84,3.55,1,3,3608261
2022-03-09,Dundee FC,St. Mirren,0.49,1.09,0,1,3608225
2022-03-19,Aberdeen,Hibernian,2.19,0.55,3,1,3608265
2022-03-19,Celtic,Ross County,3.92,0.14,4,0,3608266
2022-03-19,Heart of Midlothian,Livingston,1.2,0.61,2,0,3608268
2022-03-19,St. Johnstone,Motherwell,0.37,0.24,2,1,3608269
2022-03-19,St. Mirren,Dundee United,0.34,1.51,1,2,3608270
2022-03-20,Dundee FC,Rangers,0.65,3.08,1,2,3608267
2022-04-02,Dundee FC,Aberdeen,1.26,0.89,2,2,3608271
2022-04-02,Hibernian,Dundee United,1.5,0.46,1,1,3608272
2022-04-02,Motherwell,St. Mirren,1.75,1.67,4,2,3608273
2022-04-02,Ross County,Heart of Midlothian,2.59,1.8,1,1,3608275
2022-04-02,St. Johnstone,Livingston,0.99,0.73,1,0,3608276
2022-04-03,Rangers,Celtic,1.12,1.45,1,2,3608274
2022-04-09,Aberdeen,Ross County,1.35,0.92,0,1,3608277
2022-04-09,Celtic,St. Johnstone,4.73,0.06,7,0,3608278
2022-04-09,Dundee United,Dundee FC,3.08,1.66,2,2,3608279
2022-04-09,Heart of Midlothian,Hibernian,0.94,0.52,3,1,3608280
2022-04-09,Livingston,Motherwell,1.21,0.84,2,2,3608281
2022-04-10,St. Mirren,Rangers,0.3,2.38,0,4,3608282
2022-04-23,Aberdeen,Livingston,2.15,1.49,1,2,3861016
2022-04-23,Dundee FC,St. Johnstone,0.37,1.1,1,1,3861017
2022-04-23,Motherwell,Rangers,0.43,1.92,1,3,3861014
2022-04-23,St. Mirren,Hibernian,0.69,0.72,0,1,3861018
2022-04-24,Dundee United,Heart of Midlothian,2.07,3.0,2,3,3861029
2022-04-24,Ross County,Celtic,0.3,2.64,0,2,3861028
2022-04-30,Aberdeen,Dundee FC,1.54,0.85,1,0,3861019
2022-04-30,Dundee United,Motherwell,0.38,0.77,1,0,3861030
2022-04-30,Heart of Midlothian,Ross County,1.46,0.27,0,0,3861031
2022-04-30,Livingston,Hibernian,1.32,1.12,1,0,3861020
2022-04-30,St. Johnstone,St. Mirren,0.25,0.87,0,1,3861021
2022-05-01,Celtic,Rangers,1.2,1.4,1,1,3861032
2022-05-07,Celtic,Heart of Midlothian,3.56,0.71,4,1,3861033
2022-05-07,Hibernian,Aberdeen,2.02,0.63,1,1,3861022
2022-05-07,Livingston,St. Johnstone,1.22,1.21,1,1,3861023
2022-05-07,Ross County,Motherwell,1.03,1.22,0,1,3861034
2022-05-07,St. Mirren,Dundee FC,1.83,0.95,2,0,3861024
2022-05-08,Rangers,Dundee United,2.45,0.06,2,0,3861035
2022-05-10,Dundee FC,Hibernian,1.48,0.99,3,1,3861025
2022-05-11,Dundee United,Celtic,0.87,1.3,1,1,3861036
2022-05-11,Motherwell,Heart of Midlothian,1.36,1.31,2,1,3861037
2022-05-11,Rangers,Ross County,4.22,0.16,4,1,3861038
2022-05-11,St. Johnstone,Aberdeen,0.68,0.28,1,0,3861039
2022-05-11,St. Mirren,Livingston,0.64,0.85,0,0,3861040
2022-05-14,Celtic,Motherwell,2.43,0.9,6,0,3861027
2022-05-14,Heart of Midlothian,Rangers,0.62,1.22,1,3,3861026
2022-05-14,Ross County,Dundee United,0.52,2.93,1,2,3861015
2022-05-15,Aberdeen,St. Mirren,1.16,0.37,0,0,3861042
2022-05-15,Hibernian,St. Johnstone,1.87,0.51,4,0,3861043
2022-05-15,Livingston,Dundee FC,1.43,1.58,2,1,3861041
2022-07-30,Heart of Midlothian,Ross County,1.78,1.49,2,1,3902817
2022-07-30,Kilmarnock,Dundee United,1.24,0.38,1,1,3902818
2022-07-30,Livingston,Rangers,0.57,1.15,1,2,3902803
2022-07-30,St. Johnstone,Hibernian,0.15,0.78,0,1,3902819
2022-07-31,Celtic,Aberdeen,1.9,0.23,2,0,3902821
2022-07-31,St. Mirren,Motherwell,2.18,1.16,0,1,3902820
2022-08-06,Aberdeen,St. Mirren,3.37,0.93,4,1,3902822
2022-08-06,Motherwell,St. Johnstone,0.67,0.87,1,2,3902825
2022-08-06,Rangers,Kilmarnock,1.77,0.37,2,0,3902826
2022-08-06,Ross County,Celtic,0.39,1.74,1,3,3902816
2022-08-07,Dundee United,Livingston,0.51,0.9,0,1,3902823
2022-08-07,Hibernian,Heart of Midlothian,1.5,0.89,1,1,3902824
2022-08-13,Aberdeen,Motherwell,1.2,2.63,2,3,3902815
2022-08-13,Livingston,Hibernian,1.45,1.84,2,1,3902805
2022-08-13,Rangers,St. Johnstone,2.32,0.33,4,0,3902806
2022-08-13,St. Mirren,Ross County,0.25,0.35,1,0,3902807
2022-08-14,Heart of Midlothian,Dundee United,1.78,1.21,4,1,3902814
2022-08-14,Kilmarnock,Celtic,0.69,2.88,0,5,3902804
2022-08-20,Dundee United,St. Mirren,1.25,1.84,0,3,3902809
2022-08-20,Hibernian,Rangers,0.77,1.57,2,2,3902810
2022-08-20,Motherwell,Livingston,1.43,0.27,1,0,3902811
2022-08-20,Ross County,Kilmarnock,0.65,0.7,1,0,3902812
2022-08-20,St. Johnstone,Aberdeen,0.34,1.05,0,1,3902813
2022-08-21,Celtic,Heart of Midlothian,2.53,0.29,2,0,3902808
2022-08-27,Aberdeen,Livingston,4.14,0.53,5,0,3902827
2022-08-27,Kilmarnock,Motherwell,1.51,0.7,2,1,3902846
2022-08-27,Rangers,Ross County,3.16,0.48,4,0,3902847
2022-08-27,St. Mirren,Hibernian,1.37,0.8,1,0,3902848
2022-08-28,Dundee United,Celtic,0.22,5.53,0,9,3902828
2022-08-28,Heart of Midlothian,St. Johnstone,2.74,0.77,3,2,3902845
2022-09-03,Celtic,Rangers,1.88,0.79,4,0,3902849
2022-09-03,Hibernian,Kilmarnock,1.44,0.39,1,0,3902850
2022-09-03,Livingston,Heart of Midlothian,1.19,0.69,1,0,3902851
2022-09-03,Motherwell,Dundee United,3.28,0.36,0,0,3902852
2022-09-03,Ross County,Aberdeen,1.26,0.83,1,1,3902853
2022-09-03,St. Johnstone,St. Mirren,2.25,0.8,3,0,3902854
2022-09-17,Hibernian,Aberdeen,2.8,0.66,3,1,3902829
2022-09-17,Livingston,Kilmarnock,0.83,0.11,1,0,3902830
2022-09-17,Rangers,Dundee United,1.51,0.59,2,1,3902832
2022-09-17,St. Johnstone,Ross County,0.82,0.39,0,0,3902833
2022-09-18,Motherwell,Heart of Midlothian,2.65,1.82,0,3,3902831
2022-09-18,St. Mirren,Celtic,0.82,1.18,2,0,3902834
2022-10-01,Aberdeen,Kilmarnock,2.23,0.47,4,1,3902835
2022-10-01,Celtic,Motherwell,3.39,0.35,2,1,3902836
2022-10-01,Dundee United,St. Johnstone,1.26,0.72,1,2,3902837
2022-10-01,Heart of Midlothian,Rangers,0.41,1.85,0,4,3902838
2022-10-01,Ross County,Hibernian,0.66,1.66,0,2,3902839
2022-10-01,St. Mirren,Livingston,0.77,1.45,2,1,3902840
2022-10-04,Ross County,Motherwell,0.52,2.58,0,5,3902842
2022-10-05,Kilmarnock,St. Johnstone,1.17,0.86,2,1,3902843
2022-10-08,Dundee United,Aberdeen,2.16,0.89,4,0,3902841
2022-10-08,Hibernian,Motherwell,0.67,0.34,1,0,3902858
2022-10-08,Livingston,Ross County,1.73,0.51,0,1,3902860
2022-10-08,Rangers,St. Mirren,2.72,0.37,4,0,3902861
2022-10-08,St. Johnstone,Celtic,0.43,1.66,1,2,3902862
2022-10-09,Kilmarnock,Heart of Midlothian,1.68,1.17,2,2,3902859
2022-10-11,Dundee United,Hibernian,0.56,1.31,1,0,3902857
2022-10-15,Celtic,Hibernian,2.74,0.44,6,1,3902864
2022-10-15,Livingston,St. Johnstone,1.08,0.42,1,0,3902865
2022-10-15,Ross County,Dundee United,0.35,1.64,1,1,3902910
2022-10-15,St. Mirren,Kilmarnock,0.68,1.09,0,0,3902898
2022-10-16,Aberdeen,Heart of Midlothian,1.73,1.36,2,0,3902863
2022-10-16,Motherwell,Rangers,0.17,1.16,1,2,3902866
2022-10-21,Hibernian,St. Johnstone,0.88,0.82,1,2,3902896
2022-10-22,Heart of Midlothian,Celtic,2.9,2.81,3,4,3902897
2022-10-22,Kilmarnock,Ross County,1.09,0.7,1,0,3902895
2022-10-22,Motherwell,Aberdeen,0.71,1.11,1,2,3902894
2022-10-22,Rangers,Livingston,1.56,0.33,1,1,3902893
2022-10-22,St. Mirren,Dundee United,1.29,0.7,2,1,3902892
2022-10-29,Dundee United,Motherwell,0.74,0.92,0,1,3902891
2022-10-29,Hibernian,St. Mirren,1.87,0.82,3,0,3902890
2022-10-29,Rangers,Aberdeen,4.44,0.42,4,1,3902900
2022-10-29,St. Johnstone,Kilmarnock,0.39,0.38,1,0,3902908
2022-10-30,Livingston,Celtic,0.24,2.47,0,3,3902899
2022-10-30,Ross County,Heart of Midlothian,1.44,0.65,1,2,3902909
2022-11-04,Aberdeen,Hibernian,1.69,1.5,4,1,3902907
2022-11-04,Kilmarnock,Livingston,1.04,1.68,2,3,3902904
2022-11-05,Celtic,Dundee United,3.07,1.05,4,2,3902906
2022-11-05,Ross County,St. Mirren,1.13,0.59,3,2,3902903
2022-11-06,Heart of Midlothian,Motherwell,2.57,2.25,3,2,3902905
2022-11-06,St. Johnstone,Rangers,0.81,1.37,2,1,3902902
2022-11-08,Hibernian,Ross County,1.14,0.7,0,2,3902889
2022-11-08,Livingston,Aberdeen,1.29,3.19,2,1,3902888
2022-11-09,Dundee United,Kilmarnock,0.8,0.85,4,0,3902901
2022-11-09,Motherwell,Celtic,0.47,1.43,1,2,3902876
2022-11-09,Rangers,Heart of Midlothian,1.82,0.5,1,0,3902875
2022-11-09,St. Mirren,St. Johnstone,0.87,1.19,2,2,3902874
2022-11-12,Aberdeen,Dundee United,1.18,0.32,1,0,3902873
2022-11-12,Celtic,Ross County,1.88,0.84,2,1,3902872
2022-11-12,Heart of Midlothian,Livingston,2.77,1.84,1,1,3902871
2022-11-12,Kilmarnock,Hibernian,0.96,0.85,1,0,3902870
2022-11-12,St. Johnstone,Motherwell,1.25,0.93,1,1,3902869
2022-11-12,St. Mirren,Rangers,1.01,1.83,1,1,3902868
2022-12-15,Rangers,Hibernian,2.31,0.62,3,2,3902885
2022-12-17,Aberdeen,Celtic,0.06,2.36,0,1,3902877
2022-12-17,Heart of Midlothian,Kilmarnock,2.4,1.07,3,1,3902878
2022-12-17,Ross County,St. Johnstone,0.42,2.28,1,2,3902884
2022-12-20,Aberdeen,Rangers,0.54,1.57,2,3,3902855
2022-12-21,Celtic,Livingston,1.96,0.28,2,1,3902856
2022-12-23,Motherwell,Kilmarnock,1.33,0.34,2,2,3902880
2022-12-23,Ross County,Rangers,0.38,2.08,0,1,3902879
2022-12-24,Celtic,St. Johnstone,2.89,0.86,4,1,3902883
2022-12-24,Dundee United,Heart of Midlothian,0.79,1.72,2,2,3902882
2022-12-24,Hibernian,Livingston,2.04,1.8,4,0,3902881
2022-12-24,St. Mirren,Aberdeen,3.27,1.77,3,1,3902867
2022-12-28,Dundee United,Ross County,0.85,0.98,3,0,3902914
2022-12-28,Hibernian,Celtic,0.55,2.61,0,4,3902913
2022-12-28,Kilmarnock,Aberdeen,1.91,0.42,2,1,3902912
2022-12-28,Livingston,St. Mirren,1.42,1.35,1,1,3902911
2022-12-28,Rangers,Motherwell,2.55,0.41,3,0,3902915
2022-12-28,St. Johnstone,Heart of Midlothian,2.5,2.33,2,3,3902932
2023-01-02,Aberdeen,Ross County,2.07,0.44,0,0,3902933
2023-01-02,Heart of Midlothian,Hibernian,1.74,1.15,3,0,3902934
2023-01-02,Kilmarnock,St. Mirren,0.7,0.35,0,0,3902935
2023-01-02,Livingston,Motherwell,2.24,1.77,1,1,3902936
2023-01-02,Rangers,Celtic,1.99,1.17,2,2,3902937
2023-01-02,St. Johnstone,Dundee United,0.63,0.54,0,1,3902938
2023-01-07,Aberdeen,St. Johnstone,1.1,0.51,2,0,3902939
2023-01-07,Celtic,Kilmarnock,3.25,0.45,2,0,3902940
2023-01-07,Ross County,Livingston,0.86,0.9,0,2,3902943
2023-01-07,St. Mirren,Heart of Midlothian,0.66,0.99,1,1,3902944
2023-01-08,Dundee United,Rangers,0.46,1.56,0,2,3902941
2023-01-08,Motherwell,Hibernian,1.64,1.73,2,3,3902942
2023-01-13,Heart of Midlothian,St. Mirren,1.68,1.39,1,0,3902844
2023-01-14,Hibernian,Dundee United,0.8,0.87,2,2,3902930
2023-01-14,Motherwell,Ross County,0.82,1.22,1,1,3902917
2023-01-14,St. Johnstone,Livingston,1.76,1.46,2,4,3902918
2023-01-18,Celtic,St. Mirren,2.18,0.53,4,0,3902945
2023-01-18,Heart of Midlothian,Aberdeen,3.16,1.02,5,0,3902931
2023-01-18,Kilmarnock,Rangers,0.79,1.49,2,3,3902916
2023-01-28,Hibernian,Aberdeen,2.57,0.52,6,0,3902920
2023-01-28,Rangers,St. Johnstone,3.29,0.23,2,0,3902922
2023-01-28,Ross County,Kilmarnock,1.74,1.38,3,0,3902923
2023-01-28,St. Mirren,Motherwell,0.6,0.4,1,0,3902924
2023-01-29,Dundee United,Celtic,0.33,2.12,0,2,3902919
2023-01-29,Livingston,Heart of Midlothian,0.34,1.57,0,0,3902921
2023-01-31,Ross County,Hibernian,0.69,1.02,1,1,3902946
2023-02-01,Aberdeen,St. Mirren,0.94,2.2,1,3,3902925
2023-02-01,Celtic,Livingston,1.51,0.34,3,0,3902926
2023-02-01,Heart of Midlothian,Rangers,0.86,3.05,0,3,3902927
2023-02-01,Kilmarnock,Dundee United,2.68,1.37,1,0,3902928
2023-02-01,Motherwell,St. Johnstone,0.31,1.0,0,2,3902929
2023-02-04,Aberdeen,Motherwell,1.94,0.85,3,1,3902947
2023-02-04,Heart of Midlothian,Dundee United,1.01,1.22,3,1,3902960
2023-02-04,Livingston,Kilmarnock,1.45,1.07,3,1,3902961
2023-02-04,Rangers,Ross County,2.15,1.01,2,1,3902962
2023-02-04,St. Mirren,Hibernian,0.36,0.64,0,1,3902964
2023-02-05,St. Johnstone,Celtic,0.26,2.02,1,4,3902963
2023-02-15,Motherwell,St. Mirren,0.48,0.46,2,1,3902886
2023-02-18,Celtic,Aberdeen,1.5,0.27,4,0,3902965
2023-02-18,Dundee United,St. Johnstone,1.16,0.95,1,2,3902966
2023-02-18,Hibernian,Kilmarnock,2.92,0.82,2,0,3902967
2023-02-18,Livingston,Rangers,0.84,2.8,0,3,3902968
2023-02-18,St. Mirren,Ross County,2.24,0.63,1,0,3902959
2023-02-19,Motherwell,Heart of Midlothian,1.32,0.94,2,0,3902969
2023-02-25,Aberdeen,Livingston,1.08,0.43,1,0,3902958
2023-02-25,Kilmarnock,Motherwell,0.73,1.24,1,1,3902950
2023-02-25,Ross County,Dundee United,2.3,0.6,4,0,3902951
2023-02-25,St. Johnstone,St. Mirren,0.39,1.59,1,1,3902952
2023-03-04,Dundee United,Aberdeen,2.02,0.78,1,3,3902953
2023-03-04,Heart of Midlothian,St. Johnstone,1.63,1.19,3,0,3902954
2023-03-04,Livingston,Hibernian,0.43,1.36,1,4,3902955
2023-03-04,Rangers,Kilmarnock,3.48,0.79,3,1,3902956
2023-03-04,Ross County,Motherwell,1.16,1.42,0,2,3902957
2023-03-05,St. Mirren,Celtic,0.79,2.48,1,5,3902970
2023-03-08,Celtic,Heart of Midlothian,2.08,0.62,3,1,3902948
2023-03-08,Hibernian,Rangers,0.48,4.02,1,4,3902949
2023-03-08,Livingston,Dundee United,1.17,1.04,1,1,3902887
2023-03-18,Aberdeen,Heart of Midlothian,2.03,0.52,3,0,3902971
2023-03-18,Celtic,Hibernian,3.96,0.9,3,1,3902972
2023-03-18,Dundee United,St. Mirren,1.08,1.75,1,1,3902973
2023-03-18,Kilmarnock,St. Johnstone,1.31,0.57,1,1,3902974
2023-03-18,Livingston,Ross County,0.66,1.29,2,1,3902975
2023-03-18,Motherwell,Rangers,0.88,3.74,2,4,3902976
2023-04-01,Hibernian,Motherwell,0.9,1.79,1,3,3902977
2023-04-01,Kilmarnock,Heart of Midlothian,2.72,0.68,2,1,3902978
2023-04-01,Rangers,Dundee United,2.02,0.39,2,0,3902979
2023-04-01,St. Johnstone,Aberdeen,0.82,1.0,0,1,3902992
2023-04-01,St. Mirren,Livingston,3.07,1.2,3,0,3902993
2023-04-02,Ross County,Celtic,0.4,3.26,0,2,3902980
2023-04-08,Aberdeen,Kilmarnock,2.2,1.08,2,0,3902994
2023-04-08,Celtic,Rangers,1.09,0.69,3,2,3902995
2023-04-08,Heart of Midlothian,St. Mirren,0.94,1.25,0,2,3902997
2023-04-08,Motherwell,Livingston,1.59,0.84,3,0,3902998
2023-04-08,St. Johnstone,Ross County,0.86,0.91,0,2,3902999
2023-04-09,Dundee United,Hibernian,1.44,1.47,2,1,3902996
2023-04-14,Ross County,Aberdeen,0.94,0.65,0,1,3902983
2023-04-15,Hibernian,Heart of Midlothian,0.99,0.89,1,0,3902991
2023-04-15,Livingston,St. Johnstone,0.72,1.13,2,0,3902989
2023-04-15,Motherwell,Dundee United,2.32,1.53,1,2,3902981
2023-04-15,Rangers,St. Mirren,3.65,0.3,5,2,3902982
2023-04-16,Kilmarnock,Celtic,1.72,2.4,1,4,3902990
2023-04-22,Celtic,Motherwell,2.04,0.81,1,1,3902985
2023-04-22,Dundee United,Livingston,0.72,0.51,2,0,3902986
2023-04-22,Heart of Midlothian,Ross County,3.68,1.59,6,1,3902987
2023-04-22,St. Johnstone,Hibernian,0.84,0.45,1,1,3902988
2023-04-22,St. Mirren,Kilmarnock,0.51,2.26,0,2,3903000
2023-04-23,Aberdeen,Rangers,0.94,1.9,2,0,3902984
2023-05-06,Hibernian,St. Mirren,1.67,1.61,2,1,4162260
2023-05-06,Motherwell,Kilmarnock,1.67,0.43,2,0,4162246
2023-05-06,Ross County,Livingston,0.72,0.58,2,0,4162262
2023-05-06,St. Johnstone,Dundee United,1.12,1.26,1,0,4162263
2023-05-07,Heart of Midlothian,Celtic,0.28,1.39,0,2,4162247
2023-05-07,Rangers,Aberdeen,2.0,1.3,1,0,4162248
2023-05-13,Aberdeen,Hibernian,0.3,1.94,0,0,4162250
2023-05-13,Dundee United,Ross County,2.13,3.28,1,3,4162264
2023-05-13,Kilmarnock,Livingston,1.75,0.32,2,0,4162265
2023-05-13,Rangers,Celtic,1.57,1.34,3,0,4162249
2023-05-13,St. Johnstone,Motherwell,0.75,1.53,0,2,4162266
2023-05-13,St. Mirren,Heart of Midlothian,1.06,2.13,2,2,4162251
2023-05-20,Celtic,St. Mirren,1.73,1.24,2,2,4162253
2023-05-20,Heart of Midlothian,Aberdeen,2.54,1.01,2,1,4162252
2023-05-20,Kilmarnock,St. Johnstone,1.44,1.62,0,1,4162269
2023-05-20,Livingston,Dundee United,1.06,1.17,2,1,4162267
2023-05-20,Motherwell,Ross County,1.47,0.29,1,0,4162268
2023-05-21,Hibernian,Rangers,1.19,1.9,1,3,4162254
2023-05-24,Aberdeen,St. Mirren,1.52,0.7,3,0,4162255
2023-05-24,Dundee United,Kilmarnock,0.98,1.9,0,3,4162270
2023-05-24,Hibernian,Celtic,2.0,2.36,4,2,4162256
2023-05-24,Livingston,Motherwell,0.7,0.47,1,1,4162271
2023-05-24,Rangers,Heart of Midlothian,2.7,1.17,2,2,4162257
2023-05-24,Ross County,St. Johnstone,2.29,2.41,3,3,4162272
2023-05-27,Celtic,Aberdeen,3.49,0.05,5,0,4162258
2023-05-27,Heart of Midlothian,Hibernian,0.12,1.5,1,1,4162259
2023-05-27,St. Mirren,Rangers,0.55,1.81,0,3,4162275
2023-05-28,Kilmarnock,Ross County,1.46,1.25,3,1,4162273
2023-05-28,Motherwell,Dundee United,2.15,2.81,3,2,4162274
2023-05-28,St. Johnstone,Livingston,2.46,0.99,2,0,4162261
2023-08-05,Celtic,Ross County,3.8,1.13,4,2,4220983
2023-08-05,Dundee FC,Motherwell,1.57,0.76,1,1,4220995
2023-08-05,Kilmarnock,Rangers,0.52,1.36,1,0,4220992
2023-08-05,Livingston,Aberdeen,0.76,0.7,0,0,4220994
2023-08-05,St. Johnstone,Heart of Midlothian,0.93,1.7,0,2,4220993
2023-08-06,Hibernian,St. Mirren,1.41,1.55,2,3,4220991
2023-08-12,Rangers,Livingston,2.44,0.12,4,0,4220987
2023-08-12,Ross County,St. Johnstone,2.59,0.49,2,0,4220986
2023-08-12,St. Mirren,Dundee FC,1.23,2.31,2,1,4220985
2023-08-13,Aberdeen,Celtic,1.76,2.69,1,3,4220990
2023-08-13,Heart of Midlothian,Kilmarnock,0.39,0.73,0,0,4220989
2023-08-13,Motherwell,Hibernian,0.6,0.86,2,1,4220988
2023-08-26,Celtic,St. Johnstone,2.02,0.28,0,0,4220984
2023-08-26,Hibernian,Livingston,0.81,1.68,2,3,4220997
2023-08-26,Motherwell,Kilmarnock,2.15,1.05,2,1,4221016
2023-08-26,Ross County,Rangers,0.48,1.96,0,2,4221017
2023-08-27,Dundee FC,Heart of Midlothian,1.32,0.86,1,0,4220996
2023-08-27,St. Mirren,Aberdeen,1.97,0.87,2,2,4221018
2023-09-02,Kilmarnock,Ross County,1.42,0.72,0,1,4221021
2023-09-02,Livingston,St. Mirren,1.45,0.67,1,1,4221022
2023-09-02,St. Johnstone,Dundee FC,1.75,1.45,2,2,4221023
2023-09-03,Aberdeen,Hibernian,0.98,1.23,0,2,4221019
2023-09-03,Heart of Midlothian,Motherwell,1.51,1.14,0,1,4221020
2023-09-03,Rangers,Celtic,1.8,0.95,0,1,4221024
2023-09-16,Celtic,Dundee FC,3.17,0.73,3,0,4221025
2023-09-16,Heart of Midlothian,Aberdeen,1.18,0.53,2,0,4221026
2023-09-16,Kilmarnock,Hibernian,0.83,0.92,2,2,4221027
2023-09-16,Motherwell,St. Mirren,1.18,0.55,0,1,4221028
2023-09-16,Ross County,Livingston,0.87,0.17,1,1,4221029
2023-09-16,St. Johnstone,Rangers,0.32,2.02,0,2,4221030
2023-09-23,Dundee FC,Kilmarnock,1.49,3.55,2,2,4221014
2023-09-23,Hibernian,St. Johnstone,2.52,0.62,2,0,4221013
2023-09-23,Livingston,Celtic,0.94,2.3,0,3,4220998
2023-09-23,St. Mirren,Heart of Midlothian,1.58,1.19,1,0,4221000
2023-09-24,Aberdeen,Ross County,3.33,0.85,4,0,4221015
2023-09-24,Rangers,Motherwell,1.0,0.72,1,0,4220999
2023-09-30,Hibernian,Dundee FC,2.62,0.54,0,0,4221001
2023-09-30,Kilmarnock,St. Mirren,0.73,0.79,1,1,4221002
2023-09-30,Motherwell,Celtic,0.82,1.68,1,2,4221003
2023-09-30,Rangers,Aberdeen,2.55,1.62,1,3,4221004
2023-09-30,Ross County,Heart of Midlothian,0.4,0.98,0,1,4221005
2023-09-30,St. Johnstone,Livingston,0.62,0.98,1,1,4221006
2023-10-07,Celtic,Kilmarnock,2.68,1.54,3,1,4221008
2023-10-07,Heart of Midlothian,Hibernian,1.25,1.32,2,2,4221010
2023-10-07,Livingston,Motherwell,2.59,0.06,2,0,4221011
2023-10-08,Aberdeen,St. Johnstone,1.01,0.33,0,0,4221007
2023-10-08,St. Mirren,Rangers,0.03,2.05,0,3,4221012
2023-10-21,Kilmarnock,Livingston,1.21,1.13,3,1,4221039
2023-10-21,Rangers,Hibernian,2.65,0.45,4,0,4221038
2023-10-22,Heart of Midlothian,Celtic,0.73,3.98,1,4,4221032
2023-10-24,Dundee FC,Ross County,0.96,0.32,0,0,4221009
2023-10-28,Hibernian,Celtic,0.57,1.48,0,0,4221035
2023-10-28,Livingston,Dundee FC,0.14,2.02,0,2,4221033
2023-10-28,Motherwell,Ross County,2.34,1.78,3,3,4221080
2023-10-28,St. Mirren,St. Johnstone,1.46,0.74,4,0,4221068
2023-10-29,Kilmarnock,Aberdeen,1.85,0.29,2,0,4221034
2023-10-29,Rangers,Heart of Midlothian,4.03,0.24,2,1,4221069
2023-10-31,Hibernian,Ross County,0.5,0.52,2,2,4221064
2023-11-01,Celtic,St. Mirren,3.5,0.62,2,1,4221067
2023-11-01,Dundee FC,Rangers,0.76,5.4,0,5,4221066
2023-11-01,Heart of Midlothian,Livingston,1.91,0.21,1,0,4221065
2023-11-01,Motherwell,Aberdeen,1.44,2.24,2,4,4221063
2023-11-01,St. Johnstone,Kilmarnock,1.72,1.3,2,1,4221062
2023-11-04,Kilmarnock,Motherwell,1.73,0.61,1,0,4221079
2023-11-04,Ross County,Celtic,0.26,3.33,0,3,4221077
2023-11-05,Dundee FC,Livingston,0.67,1.49,1,0,4221056
2023-11-07,St. Johnstone,Motherwell,0.93,2.55,2,2,4221036
2023-11-08,St. Mirren,Hibernian,1.6,0.88,2,2,4221076
2023-11-11,Dundee FC,St. Mirren,2.59,0.51,4,0,4221074
2023-11-11,Hibernian,Kilmarnock,0.41,0.46,1,0,4221073
2023-11-11,Motherwell,Heart of Midlothian,1.1,2.08,1,2,4221061
2023-11-11,St. Johnstone,Ross County,0.69,0.21,1,0,4221060
2023-11-12,Celtic,Aberdeen,4.55,0.18,6,0,4221075
2023-11-12,Livingston,Rangers,0.13,2.68,0,2,4221072
2023-11-25,Celtic,Motherwell,3.25,0.48,1,1,4221047
2023-11-25,Dundee FC,Hibernian,1.42,0.84,1,2,4221046
2023-11-25,Heart of Midlothian,St. Johnstone,1.44,0.81,1,0,4221045
2023-11-25,Ross County,Kilmarnock,0.88,0.65,0,0,4221044
2023-11-25,St. Mirren,Livingston,0.81,0.59,1,0,4221043
2023-11-26,Aberdeen,Rangers,0.6,2.59,1,1,4221059
2023-11-28,Ross County,St. Mirren,0.66,0.24,1,0,4221037
2023-12-02,Kilmarnock,Heart of Midlothian,1.16,0.73,0,1,4221041
2023-12-02,Motherwell,Dundee FC,0.89,1.59,3,3,4221048
2023-12-03,Hibernian,Aberdeen,1.73,3.78,2,0,4221042
2023-12-03,Rangers,St. Mirren,1.75,0.14,2,0,4221049
2023-12-03,St. Johnstone,Celtic,1.36,2.53,1,3,4221050
2023-12-05,Ross County,Motherwell,1.39,1.18,3,0,4221054
2023-12-06,Aberdeen,Kilmarnock,1.14,0.64,0,1,4221058
2023-12-06,Celtic,Hibernian,4.1,1.5,4,1,4221057
2023-12-06,Heart of Midlothian,Rangers,1.0,2.51,0,1,4221055
2023-12-06,St. Johnstone,St. Mirren,1.47,1.93,1,0,4221053
2023-12-09,Aberdeen,Heart of Midlothian,1.74,0.33,2,1,4221052
2023-12-09,Livingston,Hibernian,1.33,0.22,0,1,4221128
2023-12-09,Motherwell,St. Johnstone,1.21,1.33,1,1,4221115
2023-12-09,Rangers,Dundee FC,2.08,1.11,3,1,4221114
2023-12-09,St. Mirren,Ross County,0.94,0.62,2,0,4221113
2023-12-10,Kilmarnock,Celtic,2.04,1.63,2,1,4221051
2023-12-16,Celtic,Heart of Midlothian,1.6,0.34,0,2,4221112
2023-12-16,Livingston,Kilmarnock,1.14,0.88,0,0,4221110
2023-12-16,Ross County,Dundee FC,0.87,2.39,0,1,4221109
2023-12-16,St. Johnstone,Hibernian,0.94,0.1,1,0,4221089
2023-12-16,St. Mirren,Motherwell,1.2,1.0,0,0,4221107
2023-12-20,Aberdeen,Livingston,1.0,1.53,2,1,4221070
2023-12-20,Rangers,St. Johnstone,3.14,0.09,2,0,4221078
2023-12-23,Celtic,Livingston,3.65,0.0,2,0,4221106
2023-12-23,Heart of Midlothian,St. Mirren,1.2,0.62,2,0,4221117
2023-12-23,Kilmarnock,St. Johnstone,1.37,1.37,2,1,4221127
2023-12-24,Motherwell,Rangers,0.34,1.37,0,2,4221126
2023-12-26,Dundee FC,Celtic,0.13,2.79,0,3,4221123
2023-12-27,Hibernian,Heart of Midlothian,1.77,1.3,0,1,4221119
2023-12-27,Livingston,St. Johnstone,0.93,0.24,0,0,4221122
2023-12-27,St. Mirren,Kilmarnock,0.46,0.81,0,1,4221120
2023-12-30,Aberdeen,St. Mirren,1.03,2.73,0,3,4221105
2023-12-30,Celtic,Rangers,0.64,0.97,2,1,4221118
2023-12-30,Heart of Midlothian,Ross County,1.87,1.54,2,2,4221104
2023-12-30,Kilmarnock,Dundee FC,0.69,0.53,2,2,4221091
2023-12-30,Motherwell,Livingston,1.48,0.94,3,1,4221090
2024-01-02,Hibernian,Motherwell,0.72,1.53,2,2,4221087
2024-01-02,Livingston,Heart of Midlothian,1.66,1.79,1,2,4221086
2024-01-02,Rangers,Kilmarnock,2.27,1.55,3,1,4221085
2024-01-02,Ross County,Aberdeen,0.14,1.72,0,3,4221084
2024-01-02,St. Mirren,Celtic,0.18,3.59,0,3,4221083
2024-01-23,Heart of Midlothian,Dundee FC,2.21,0.69,3,2,4221071
2024-01-24,Hibernian,Rangers,0.93,2.09,0,3,4221111
2024-01-24,St. Johnstone,Aberdeen,0.99,1.21,1,1,4221108
2024-01-27,Celtic,Ross County,2.0,1.08,1,0,4221082
2024-01-27,Heart of Midlothian,Aberdeen,1.57,1.01,2,0,4221092
2024-01-27,Kilmarnock,Hibernian,1.69,1.57,2,2,4221093
2024-01-27,Livingston,Dundee FC,2.21,1.11,1,4,4221103
2024-01-27,St. Johnstone,Motherwell,0.82,0.87,1,1,4221102
2024-01-27,St. Mirren,Rangers,0.61,1.34,0,1,4221101
2024-01-30,Aberdeen,Dundee FC,1.46,0.59,1,1,4221031
2024-01-30,Livingston,Ross County,1.34,0.73,2,2,4221040
2024-02-03,Aberdeen,Celtic,1.22,2.04,1,1,4221100
2024-02-03,Dundee FC,Heart of Midlothian,1.69,1.76,2,3,4221099
2024-02-03,Hibernian,St. Mirren,0.41,2.4,0,3,4221098
2024-02-03,Motherwell,Kilmarnock,1.14,0.24,1,1,4221097
2024-02-03,Rangers,Livingston,2.49,0.0,3,0,4221096
2024-02-03,Ross County,St. Johnstone,0.58,0.54,0,1,4221095
2024-02-06,Motherwell,Ross County,2.91,1.05,5,0,4221129
2024-02-06,Rangers,Aberdeen,2.1,0.53,2,1,4221171
2024-02-07,Hibernian,Celtic,0.96,2.05,1,2,4221094
2024-02-07,Kilmarnock,Livingston,0.75,0.72,1,0,4221081
2024-02-07,St. Johnstone,Heart of Midlothian,0.45,0.7,0,1,4221159
2024-02-07,St. Mirren,Dundee FC,1.69,0.32,2,0,4221158
2024-02-11,Dundee FC,St. Johnstone,3.19,1.37,2,1,4221088
2024-02-14,Aberdeen,Motherwell,1.42,2.56,3,3,4221124
2024-02-14,Rangers,Ross County,4.91,0.54,3,1,4221121
2024-02-17,Aberdeen,Hibernian,2.91,1.46,2,2,4221157
2024-02-17,Celtic,Kilmarnock,1.63,0.92,1,1,4221156
2024-02-17,Dundee FC,Ross County,0.94,0.73,2,0,4221155
2024-02-17,Heart of Midlothian,Motherwell,1.71,0.46,2,0,4221154
2024-02-17,Livingston,St. Mirren,0.93,2.07,1,0,4221153
2024-02-18,St. Johnstone,Rangers,0.22,2.96,0,3,4221152
2024-02-24,Hibernian,Dundee FC,2.18,0.37,2,1,4221160
2024-02-24,Kilmarnock,Aberdeen,1.93,0.48,2,0,4221161
2024-02-24,Rangers,Heart of Midlothian,1.49,0.6,5,0,4221170
2024-02-24,Ross County,Livingston,1.06,1.13,3,2,4221169
2024-02-24,St. Mirren,St. Johnstone,0.92,0.7,2,0,4221168
2024-02-25,Motherwell,Celtic,0.69,2.87,1,3,4221162
2024-02-27,Ross County,St. Mirren,1.02,0.67,1,1,4221151
2024-02-28,Aberdeen,St. Johnstone,2.15,1.69,0,2,4221167
2024-02-28,Celtic,Dundee FC,2.59,0.45,7,1,4221166
2024-02-28,Heart of Midlothian,Hibernian,1.7,2.57,1,1,4221165
2024-02-28,Kilmarnock,Rangers,1.36,0.73,1,2,4221164
2024-02-28,Livingston,Motherwell,0.92,1.25,1,3,4221163
2024-03-02,Dundee FC,Kilmarnock,1.53,1.56,2,2,4221150
2024-03-02,Hibernian,Ross County,1.24,0.35,2,0,4221137
2024-03-02,Rangers,Motherwell,3.71,0.99,1,2,4221136
2024-03-02,St. Johnstone,Livingston,1.09,0.54,1,1,4221135
2024-03-02,St. Mirren,Aberdeen,2.0,0.98,2,1,4221134
2024-03-03,Heart of Midlothian,Celtic,1.65,2.42,2,0,4221138
2024-03-13,Dundee FC,Aberdeen,1.92,0.66,1,0,4221116
2024-03-13,Ross County,Hibernian,1.14,1.33,2,2,4221125
2024-03-16,Celtic,St. Johnstone,3.89,0.7,3,1,4221133
2024-03-16,Hibernian,Livingston,2.56,0.93,3,0,4221131
2024-03-16,Kilmarnock,St. Mirren,1.9,0.74,5,2,4221139
2024-03-16,Motherwell,Aberdeen,1.32,1.15,0,1,4221140
2024-03-16,Ross County,Heart of Midlothian,1.74,1.27,2,1,4221141
2024-03-30,Aberdeen,Ross County,0.71,0.82,2,1,4221149
2024-03-30,Heart of Midlothian,Kilmarnock,1.61,1.43,1,1,4221148
2024-03-30,Motherwell,St. Mirren,1.83,1.28,1,1,4221146
2024-03-30,Rangers,Hibernian,2.82,0.5,3,1,4221145
2024-03-30,St. Johnstone,Dundee FC,1.28,1.03,1,2,4221144
2024-03-31,Livingston,Celtic,0.14,2.11,0,3,4221147
2024-04-06,Dundee FC,Motherwell,0.47,2.54,2,3,4221143
2024-04-06,Hibernian,St. Johnstone,0.95,0.62,1,2,4221142
2024-04-06,Kilmarnock,Ross County,0.98,0.47,1,0,4221130
2024-04-06,Livingston,Aberdeen,0.76,0.92,0,0,4221178
2024-04-06,St. Mirren,Heart of Midlothian,0.89,2.37,1,2,4221176
2024-04-07,Rangers,Celtic,1.67,1.96,3,3,4221177
2024-04-13,Aberdeen,Dundee FC,1.01,1.11,0,0,4221175
2024-04-13,Celtic,St. Mirren,2.94,0.18,3,0,4221174
2024-04-13,Heart of Midlothian,Livingston,3.82,0.97,4,2,4221173
2024-04-13,Motherwell,Hibernian,0.97,1.51,1,1,4221172
2024-04-13,St. Johnstone,Kilmarnock,1.19,3.51,0,2,4221180
2024-04-14,Ross County,Rangers,2.81,3.57,3,2,4221179
2024-04-17,Dundee FC,Rangers,0.51,1.06,0,0,4221132
2024-04-27,Aberdeen,Motherwell,2.32,0.41,1,0,4465534
2024-04-27,Kilmarnock,Heart of Midlothian,0.89,1.91,0,0,4465542
2024-04-27,Livingston,Ross County,1.46,0.99,2,0,4465536
2024-04-27,St. Johnstone,Hibernian,0.82,1.72,1,3,4465535
2024-04-28,Dundee FC,Celtic,1.22,1.41,1,2,4465538
2024-04-28,St. Mirren,Rangers,0.85,1.74,1,2,4465546
2024-05-04,Aberdeen,St. Johnstone,3.34,0.99,1,0,4465533
2024-05-04,Celtic,Heart of Midlothian,2.75,0.43,3,0,4465550
2024-05-04,Dundee FC,St. Mirren,0.79,1.43,1,3,4465537
2024-05-04,Motherwell,Livingston,2.63,0.66,4,1,4465532
2024-05-04,Ross County,Hibernian,1.72,2.55,2,1,4465531
2024-05-05,Rangers,Kilmarnock,4.64,0.39,4,1,4465545
2024-05-11,Celtic,Rangers,2.81,1.02,2,1,4465549
2024-05-11,Heart of Midlothian,Dundee FC,2.41,1.03,3,0,4465541
2024-05-11,Livingston,St. Johnstone,1.31,2.72,2,1,4465529
2024-05-11,Ross County,Motherwell,1.21,1.65,1,5,4465530
2024-05-11,St. Mirren,Kilmarnock,0.84,1.44,0,1,4465539
2024-05-12,Hibernian,Aberdeen,1.08,2.52,0,4,4465528
2024-05-14,Rangers,Dundee FC,3.29,1.19,5,2,4465544
2024-05-15,Aberdeen,Livingston,1.76,1.65,5,1,4465527
2024-05-15,Hibernian,Motherwell,1.34,0.83,3,0,4465526
2024-05-15,Kilmarnock,Celtic,0.75,4.6,0,5,4465548
2024-05-15,St. Johnstone,Ross County,0.58,0.47,1,1,4465525
2024-05-15,St. Mirren,Heart of Midlothian,1.72,0.83,2,2,4465540
2024-05-18,Celtic,St. Mirren,2.46,1.32,3,2,4465547
2024-05-18,Dundee FC,Kilmarnock,1.69,1.1,1,1,4465524
2024-05-18,Heart of Midlothian,Rangers,2.06,1.99,3,3,4465543
2024-05-19,Livingston,Hibernian,0.66,0.66,1,1,4465553
2024-05-19,Motherwell,St. Johnstone,2.33,1.82,1,2,4465554
2024-05-19,Ross County,Aberdeen,2.3,1.3,2,2,4465555
2024-08-03,Heart of Midlothian,Rangers,1.32,0.75,0,0,4522919
2024-08-03,Motherwell,Ross County,1.2,0.31,0,0,4522910
2024-08-04,Celtic,Kilmarnock,3.06,0.2,4,0,4522912
2024-08-04,Dundee United,Dundee FC,2.21,2.37,2,2,4522911
2024-08-04,St. Mirren,Hibernian,1.14,1.58,3,0,4522913
2024-08-05,St. Johnstone,Aberdeen,0.81,1.79,1,2,4522914
2024-08-10,Dundee FC,Heart of Midlothian,1.51,1.52,3,1,4522909
2024-08-10,Rangers,Motherwell,3.3,0.71,2,1,4522917
2024-08-10,Ross County,Dundee United,2.23,1.34,1,1,4522918
2024-08-11,Aberdeen,St. Mirren,1.6,1.13,3,1,4522915
2024-08-11,Hibernian,Celtic,0.1,2.6,0,2,4522920
2024-08-11,Kilmarnock,St. Johnstone,1.74,1.79,0,3,4522916
2024-08-24,Dundee United,St. Johnstone,0.39,1.34,2,0,4522922
2024-08-24,Hibernian,Dundee FC,0.88,0.84,2,2,4522923
2024-08-24,Rangers,Ross County,3.76,0.24,6,0,4522925
2024-08-25,Aberdeen,Kilmarnock,1.66,0.43,2,0,4522921
2024-08-25,Motherwell,Heart of Midlothian,2.54,0.62,3,1,4522924
2024-08-25,St. Mirren,Celtic,0.15,2.45,0,3,4522926
2024-08-31,Dundee FC,St. Mirren,1.76,1.34,2,2,4522928
2024-08-31,Ross County,Aberdeen,1.05,0.35,0,1,4522891
2024-08-31,St. Johnstone,Motherwell,0.74,0.89,1,2,4522892
2024-09-01,Celtic,Rangers,1.55,1.14,3,0,4522927
2024-09-01,Heart of Midlothian,Dundee United,0.63,1.26,0,1,4522899
2024-09-01,Kilmarnock,Hibernian,2.54,0.44,1,1,4522890
2024-09-14,Aberdeen,Motherwell,1.72,1.67,2,1,4522893
2024-09-14,Celtic,Heart of Midlothian,2.81,0.65,2,0,4522894
2024-09-14,Hibernian,St. Johnstone,1.61,0.24,2,0,4522896
2024-09-14,Ross County,Dundee FC,1.43,0.66,2,0,4522897
2024-09-14,St. Mirren,Kilmarnock,1.53,0.59,2,2,4522898
2024-09-15,Dundee United,Rangers,0.31,0.99,0,1,4522895
2024-09-21,Ross County,St. Johnstone,1.28,0.55,3,3,4523008
2024-09-21,St. Mirren,Heart of Midlothian,1.17,0.39,2,1,4523007
2024-09-28,Dundee FC,Aberdeen,1.5,0.62,1,2,4522889
2024-09-28,Heart of Midlothian,Ross County,1.94,0.84,1,1,4522900
2024-09-28,Kilmarnock,Dundee United,2.14,2.73,3,3,4522901
2024-09-28,Motherwell,St. Mirren,2.07,2.33,2,1,4522902
2024-09-28,St. Johnstone,Celtic,0.32,3.36,0,6,4522904
2024-09-29,Rangers,Hibernian,1.68,2.16,1,0,4522903
2024-10-05,Dundee FC,Kilmarnock,0.62,2.72,2,3,4522906
2024-10-05,Hibernian,Motherwell,1.32,1.23,1,2,4522907
2024-10-05,St. Mirren,Dundee United,1.07,0.97,0,1,4522950
2024-10-06,Aberdeen,Heart of Midlothian,0.69,2.02,3,2,4522905
2024-10-06,Rangers,St. Johnstone,1.57,0.36,2,0,4522908
2024-10-06,Ross County,Celtic,0.97,1.51,1,2,4522959
2024-10-19,Celtic,Aberdeen,3.21,1.16,2,2,4522951
2024-10-19,Dundee United,Hibernian,1.79,0.71,3,2,4522952
2024-10-19,Heart of Midlothian,St. Mirren,1.73,0.24,4,0,4522953
2024-10-19,Motherwell,Dundee FC,0.56,0.84,0,1,4522955
2024-10-19,St. Johnstone,Ross County,3.16,0.29,3,0,4522956
2024-10-20,Kilmarnock,Rangers,0.63,1.08,1,0,4522954
2024-10-26,Aberdeen,Dundee United,1.41,0.38,1,0,4522957
2024-10-26,Dundee FC,St. Johnstone,1.47,2.17,1,2,4522958
2024-10-26,Ross County,Kilmarnock,0.82,0.72,2,1,4522962
2024-10-27,Hibernian,Heart of Midlothian,1.95,1.18,1,1,4522949
2024-10-27,Motherwell,Celtic,0.7,1.45,0,3,4522960
2024-10-27,Rangers,St. Mirren,2.25,0.63,2,1,4522961
2024-10-30,Aberdeen,Rangers,2.72,1.92,2,1,4522963
2024-10-30,Celtic,Dundee FC,4.62,0.16,2,0,4522964
2024-10-30,Dundee United,Motherwell,1.39,1.11,1,2,4522965
2024-10-30,Heart of Midlothian,Kilmarnock,1.11,1.76,1,2,4522966
2024-10-30,Ross County,Hibernian,0.5,0.5,0,0,4522967
2024-10-30,St. Mirren,St. Johnstone,0.93,0.73,3,1,4522968
2024-11-02,St. Johnstone,Heart of Midlothian,1.39,1.44,1,2,4522933
2024-11-02,St. Mirren,Ross County,1.25,0.71,0,0,4522934
2024-11-03,Dundee FC,Kilmarnock,1.58,1.0,3,2,4523024
2024-11-03,Hibernian,Dundee United,1.09,1.24,1,1,4522975
2024-11-09,Aberdeen,Dundee FC,1.81,1.82,4,1,4522935
2024-11-09,Dundee United,Ross County,1.93,0.89,3,0,4522936
2024-11-09,Hibernian,St. Mirren,2.34,2.11,1,2,4522937
2024-11-09,Motherwell,St. Johnstone,1.44,1.19,2,1,4522929
2024-11-10,Kilmarnock,Celtic,2.2,2.09,0,2,4522938
2024-11-10,Rangers,Heart of Midlothian,2.17,0.66,1,0,4522940
2024-11-23,Dundee FC,Hibernian,2.22,0.75,4,1,4522941
2024-11-23,Heart of Midlothian,Celtic,0.85,3.5,1,4,4522942
2024-11-23,Rangers,Dundee United,2.6,0.74,1,1,4522943
2024-11-23,Ross County,Motherwell,1.59,0.63,2,1,4522944
2024-11-23,St. Johnstone,Kilmarnock,1.02,0.45,1,0,4522945
2024-11-23,St. Mirren,Aberdeen,1.56,1.22,2,1,4522946
2024-11-26,Hibernian,Aberdeen,2.2,1.61,3,3,4522931
2024-11-30,Celtic,Ross County,3.07,0.07,5,0,4522947
2024-11-30,Dundee United,St. Mirren,3.12,0.35,2,0,4522948
2024-11-30,Kilmarnock,Dundee FC,1.26,0.68,1,1,4522970
2024-11-30,Motherwell,Hibernian,0.75,2.72,0,3,4522971
2024-12-01,Heart of Midlothian,Aberdeen,1.13,0.6,1,1,4522969
2024-12-01,St. Johnstone,Rangers,0.12,1.73,0,1,4522972
2024-12-04,Aberdeen,Celtic,0.87,1.62,0,1,4522973
2024-12-04,Dundee FC,Motherwell,0.59,1.89,4,1,4522974
2024-12-04,Rangers,Kilmarnock,4.6,0.09,6,0,4522993
2024-12-07,Aberdeen,St. Johnstone,0.7,1.31,1,1,4523006
2024-12-07,Celtic,Hibernian,3.73,2.31,3,0,4523005
2024-12-07,Dundee United,Kilmarnock,2.37,1.57,1,1,4523004
2024-12-07,Heart of Midlothian,Dundee FC,1.7,0.54,2,0,4523003
2024-12-07,St. Mirren,Motherwell,0.55,1.74,0,1,4523001
2024-12-08,Ross County,Rangers,0.77,1.61,0,3,4523002
2024-12-14,Hibernian,Ross County,4.79,1.16,3,1,4522999
2024-12-14,Motherwell,Dundee United,2.09,2.02,4,3,4522997
2024-12-14,St. Johnstone,St. Mirren,0.79,2.08,2,3,4522995
2024-12-15,Kilmarnock,Heart of Midlothian,1.57,1.15,1,0,4522998
2024-12-20,Motherwell,Kilmarnock,0.52,1.03,1,1,4522978
2024-12-21,Aberdeen,Hibernian,1.9,1.44,1,3,4522994
2024-12-21,Rangers,Dundee FC,3.47,0.11,1,0,4522979
2024-12-21,Ross County,St. Mirren,1.24,1.08,1,2,4522980
2024-12-22,Dundee United,Celtic,0.1,1.0,0,0,4522985
2024-12-22,Heart of Midlothian,St. Johnstone,0.74,1.28,2,1,4522977
2024-12-26,Celtic,Motherwell,3.51,0.23,4,0,4522982
2024-12-26,Dundee FC,Ross County,0.23,2.03,0,3,4522983
2024-12-26,Heart of Midlothian,Hibernian,0.7,1.55,1,2,4522981
2024-12-26,Kilmarnock,Aberdeen,3.22,0.5,4,0,4522984
2024-12-26,St. Johnstone,Dundee United,0.58,1.27,1,2,4522976
2024-12-26,St. Mirren,Rangers,1.08,1.49,2,1,4522986
2024-12-29,Celtic,St. Johnstone,4.18,0.06,4,0,4522987
2024-12-29,Dundee United,Aberdeen,2.27,0.9,1,0,4522988
2024-12-29,Hibernian,Kilmarnock,2.32,0.25,1,0,4522989
2024-12-29,Motherwell,Rangers,0.52,2.21,2,2,4522990
2024-12-29,Ross County,Heart of Midlothian,1.4,1.04,2,2,4522991
2024-12-29,St. Mirren,Dundee FC,0.99,1.0,1,2,4522992
2025-01-02,Aberdeen,Ross County,1.51,0.8,1,2,4523023
2025-01-02,Dundee FC,Dundee United,1.88,2.48,1,2,4523032
2025-01-02,Heart of Midlothian,Motherwell,1.97,1.25,1,0,4523036
2025-01-02,Kilmarnock,St. Mirren,2.49,0.26,2,0,4523035
2025-01-02,Rangers,Celtic,2.21,0.09,3,0,4523034
2025-01-02,St. Johnstone,Hibernian,0.96,2.23,1,1,4523033
2025-01-05,Celtic,St. Mirren,2.6,1.06,3,0,4523031
2025-01-05,Dundee United,Heart of Midlothian,0.66,0.85,0,1,4523030
2025-01-05,Hibernian,Rangers,1.89,1.83,3,3,4523029
2025-01-05,Kilmarnock,Ross County,0.56,1.15,0,1,4523028
2025-01-05,Motherwell,Aberdeen,1.3,0.88,2,0,4523027
2025-01-05,St. Johnstone,Dundee FC,2.0,1.49,1,3,4523026
2025-01-08,Celtic,Dundee United,1.73,0.16,2,0,4522939
2025-01-08,Kilmarnock,Motherwell,1.29,0.33,0,0,4522932
2025-01-09,Dundee FC,Rangers,0.99,0.65,1,1,4522930
2025-01-11,Hibernian,Motherwell,2.22,0.22,3,1,4523009
2025-01-11,Ross County,Celtic,0.97,4.2,1,4,4523021
2025-01-11,St. Mirren,Dundee United,2.39,1.41,0,1,4523020
2025-01-12,Aberdeen,Heart of Midlothian,1.06,1.52,0,0,4523025
2025-01-12,Rangers,St. Johnstone,3.03,0.42,3,1,4523022
2025-01-14,Dundee FC,Celtic,0.63,2.12,3,3,4523000
2025-01-15,Rangers,Aberdeen,3.34,0.28,3,0,4522996
2025-01-25,Aberdeen,St. Mirren,1.4,1.76,0,3,4523019
2025-01-25,Heart of Midlothian,Kilmarnock,2.51,1.05,3,2,4523016
2025-01-25,Ross County,Hibernian,1.78,0.69,1,1,4523015
2025-01-25,St. Johnstone,Motherwell,1.5,1.22,2,1,4523014
2025-01-26,Dundee United,Rangers,1.05,1.3,1,3,4523017
2025-02-01,Dundee FC,Heart of Midlothian,0.37,3.06,0,6,4523013
2025-02-01,Hibernian,Aberdeen,1.6,0.48,2,0,4523012
2025-02-01,Kilmarnock,Dundee United,1.71,1.46,1,0,4523011
2025-02-01,St. Mirren,St. Johnstone,0.38,0.51,0,1,4523038
2025-02-02,Motherwell,Celtic,0.43,3.26,1,3,4523010
2025-02-02,Rangers,Ross County,3.45,0.12,4,0,4523037
2025-02-05,Celtic,Dundee FC,2.6,0.48,6,0,4523018
2025-02-15,Celtic,Dundee United,1.64,0.14,3,0,4523039
2025-02-15,Dundee FC,Aberdeen,1.81,1.78,1,2,4523040
2025-02-15,Kilmarnock,St. Johnstone,1.4,0.79,3,1,4523042
2025-02-15,Motherwell,Ross County,0.75,1.16,0,3,4523043
2025-02-16,Heart of Midlothian,Rangers,2.61,1.58,1,3,4523041
2025-02-16,St. Mirren,Hibernian,0.7,0.35,0,0,4523044
2025-02-22,Aberdeen,Kilmarnock,1.08,0.43,1,0,4523045
2025-02-22,Dundee United,Motherwell,1.25,1.09,1,0,4523046
2025-02-22,Hibernian,Celtic,0.67,1.78,2,1,4523047
2025-02-22,Rangers,St. Mirren,0.81,1.44,0,2,4523048
2025-02-22,Ross County,Dundee FC,3.88,0.66,3,1,4523079
2025-02-23,St. Johnstone,Heart of Midlothian,2.02,2.18,1,2,4523070
2025-02-25,Celtic,Aberdeen,2.72,0.85,5,1,4523071
2025-02-26,Dundee United,Hibernian,0.71,1.53,1,3,4523072
2025-02-26,Heart of Midlothian,St. Mirren,1.34,1.14,3,1,4523073
2025-02-26,Kilmarnock,Rangers,1.41,1.84,2,4,4523074
2025-02-26,Motherwell,Dundee FC,1.1,1.4,2,1,4523075
2025-02-26,St. Johnstone,Ross County,1.18,0.27,1,0,4523076
2025-03-01,Dundee FC,St. Johnstone,1.58,0.57,1,1,4523078
2025-03-01,Rangers,Motherwell,1.35,0.76,1,2,4523080
2025-03-01,Ross County,Kilmarnock,1.02,2.44,1,0,4523081
2025-03-01,St. Mirren,Celtic,1.63,3.37,2,5,4523082
2025-03-02,Aberdeen,Dundee United,1.98,0.53,2,2,4523077
2025-03-02,Hibernian,Heart of Midlothian,0.61,0.72,2,1,4523069
2025-03-15,Heart of Midlothian,Ross County,1.73,0.26,2,0,4523085
2025-03-15,Kilmarnock,Hibernian,0.64,2.01,1,1,4523086
2025-03-15,Motherwell,St. Mirren,0.67,1.24,2,2,4523087
2025-03-15,St. Johnstone,Aberdeen,0.64,0.58,0,0,4523088
2025-03-16,Celtic,Rangers,1.88,1.23,2,3,4523083
2025-03-16,Dundee United,Dundee FC,1.2,2.24,2,4,4523084
2025-03-29,Aberdeen,Motherwell,1.58,1.21,4,1,4523059
2025-03-29,Celtic,Heart of Midlothian,2.61,1.02,3,0,4523050
2025-03-29,Dundee FC,Rangers,2.49,2.7,3,4,4523051
2025-03-29,Hibernian,St. Johnstone,2.12,0.02,3,0,4523052
2025-03-29,St. Mirren,Kilmarnock,1.74,1.29,5,1,4523054
2025-03-30,Ross County,Dundee United,0.36,1.87,0,1,4523053
2025-04-05,Dundee FC,St. Mirren,0.65,2.25,2,0,4523055
2025-04-05,Kilmarnock,Motherwell,1.22,0.21,2,0,4523057
2025-04-05,Rangers,Hibernian,1.36,0.52,0,2,4523058
2025-04-05,Ross County,Aberdeen,1.11,1.23,0,1,4523049
2025-04-06,Heart of Midlothian,Dundee United,1.21,0.73,0,1,4523056
2025-04-06,St. Johnstone,Celtic,0.53,2.32,1,0,4523060
2025-04-12,Celtic,Kilmarnock,1.81,0.29,5,1,4523062
2025-04-12,Dundee United,St. Johnstone,1.17,0.95,1,0,4523063
2025-04-12,Motherwell,Heart of Midlothian,0.26,1.12,0,0,4523065
2025-04-12,St. Mirren,Ross County,1.66,1.16,3,2,4523066
2025-04-13,Aberdeen,Rangers,2.44,1.0,2,2,4523061
2025-04-13,Hibernian,Dundee FC,2.0,0.13,4,0,4523064
2025-04-26,Aberdeen,Hibernian,0.83,0.91,1,0,4773571
2025-04-26,Dundee United,Celtic,0.52,3.06,0,5,4773570
2025-04-26,Heart of Midlothian,Dundee FC,1.46,0.71,0,1,4773587
2025-04-26,Kilmarnock,Ross County,1.28,0.27,2,0,4773588
2025-04-26,Motherwell,St. Johnstone,1.96,1.84,3,2,4773589
2025-04-26,St. Mirren,Rangers,1.9,1.2,2,2,4773572
2025-05-03,Dundee FC,Motherwell,0.75,2.85,1,2,4773590
2025-05-03,Hibernian,Dundee United,1.7,1.33,3,1,4773573
2025-05-03,Ross County,Heart of Midlothian,1.24,2.19,1,3,4773591
2025-05-03,St. Johnstone,Kilmarnock,1.43,1.4,0,2,4773592
2025-05-03,St. Mirren,Aberdeen,1.22,0.47,1,0,4773574
2025-05-04,Rangers,Celtic,1.46,1.1,1,1,4773575
2025-05-10,Celtic,Hibernian,2.26,0.82,3,1,4773576
2025-05-10,Dundee United,St. Mirren,1.43,2.14,0,2,4773577
2025-05-10,Heart of Midlothian,Motherwell,0.51,0.42,3,0,4773593
2025-05-10,Kilmarnock,Dundee FC,3.49,0.98,3,2,4773594
2025-05-10,St. Johnstone,Ross County,1.9,0.65,2,1,4773595
2025-05-11,Rangers,Aberdeen,2.6,0.52,4,0,4773578
2025-05-14,Aberdeen,Celtic,1.09,3.61,1,5,4773579
2025-05-14,Dundee FC,Ross County,1.58,1.79,1,1,4773596
2025-05-14,Heart of Midlothian,St. Johnstone,0.79,0.84,2,1,4773597
2025-05-14,Motherwell,Kilmarnock,2.57,0.53,3,0,4773598
2025-05-14,Rangers,Dundee United,1.69,0.78,3,1,4773580
2025-05-14,St. Mirren,Hibernian,0.7,1.33,2,2,4773581
2025-05-17,Celtic,St. Mirren,2.54,0.2,1,1,4773582
2025-05-17,Dundee United,Aberdeen,1.89,1.7,2,1,4773583
2025-05-17,Hibernian,Rangers,1.29,2.58,2,2,4773584
2025-05-18,Kilmarnock,Heart of Midlothian,1.07,0.68,0,1,4773599
2025-05-18,Ross County,Motherwell,1.12,2.0,1,1,4773600
2025-05-18,St. Johnstone,Dundee FC,0.53,1.48,0,2,4773601
2025-08-02,Kilmarnock,Livingston,0.91,1.83,2,2,4818756
2025-08-02,Motherwell,Rangers,2.13,0.83,1,1,4818757
2025-08-03,Celtic,St. Mirren,1.4,0.27,1,0,4818760
2025-08-03,Dundee FC,Hibernian,0.13,1.42,1,2,4818759
2025-08-03,Falkirk,Dundee United,2.02,1.19,2,2,4818758
2025-08-04,Heart of Midlothian,Aberdeen,1.02,1.4,2,0,4818761
2025-08-09,Livingston,Falkirk,1.59,0.79,3,1,4818764
2025-08-09,Rangers,Dundee FC,1.97,0.34,1,1,4818766
2025-08-09,St. Mirren,Motherwell,1.31,0.53,0,0,4818765
2025-08-10,Aberdeen,Celtic,0.55,1.16,0,2,4818767
2025-08-10,Dundee United,Heart of Midlothian,0.71,1.87,2,3,4818762
2025-08-10,Hibernian,Kilmarnock,1.77,0.94,2,2,4818763
2025-08-23,Celtic,Livingston,3.0,0.24,3,0,4818768
2025-08-23,Heart of Midlothian,Motherwell,2.18,1.52,3,3,4818771
2025-08-23,Kilmarnock,Dundee FC,1.11,0.26,0,0,4818772
2025-08-24,St. Mirren,Rangers,1.01,1.56,1,1,4818773
2025-08-30,Livingston,Heart of Midlothian,0.5,1.33,1,2,4818777
2025-08-30,Motherwell,Kilmarnock,1.68,1.2,2,2,4818778
2025-08-31,Aberdeen,Falkirk,0.96,1.26,0,1,4818774
2025-08-31,Dundee FC,Dundee United,0.12,0.91,0,2,4818775
2025-08-31,Hibernian,St. Mirren,2.42,0.84,1,1,4818776
2025-08-31,Rangers,Celtic,0.15,0.19,0,0,4818779
2025-09-13,Aberdeen,Livingston,1.22,0.56,0,0,4818780
2025-09-13,Dundee FC,Motherwell,0.82,2.28,1,1,4818781
2025-09-13,Falkirk,St. Mirren,0.7,1.57,1,2,4818782
2025-09-13,Hibernian,Dundee United,3.05,1.78,3,3,4818783
2025-09-13,Rangers,Heart of Midlothian,1.1,1.77,0,2,4818785
2025-09-14,Kilmarnock,Celtic,1.32,2.83,1,2,4818784
2025-09-20,Dundee FC,Livingston,2.74,1.51,3,2,4818811
2025-09-23,Dundee United,Aberdeen,1.33,1.33,2,0,4818769
2025-09-23,Falkirk,Hibernian,1.18,2.43,2,2,4818770
2025-09-27,Celtic,Hibernian,2.8,0.7,0,0,4818786
2025-09-27,Dundee United,Kilmarnock,2.21,1.49,0,2,4818787
2025-09-27,Heart of Midlothian,Falkirk,1.94,0.67,3,0,4818788
2025-09-27,Motherwell,Aberdeen,2.03,1.0,2,0,4818790
2025-09-27,St. Mirren,Dundee FC,0.74,0.62,1,0,4818791
2025-09-28,Livingston,Rangers,0.74,2.38,1,2,4818789
2025-10-04,Dundee United,Livingston,2.13,1.26,1,1,4818794
2025-10-04,Heart of Midlothian,Hibernian,0.8,0.43,1,0,4818796
2025-10-04,Kilmarnock,St. Mirren,1.96,0.43,2,0,4818797
2025-10-05,Aberdeen,Dundee FC,2.8,0.31,4,0,4818792
2025-10-05,Celtic,Motherwell,2.62,1.39,3,2,4818793
2025-10-05,Falkirk,Rangers,1.32,1.09,1,1,4818795
2025-10-18,Hibernian,Livingston,2.8,0.42,4,0,4818799
2025-10-18,Kilmarnock,Heart of Midlothian,0.26,2.85,0,3,4818800
2025-10-18,Motherwell,Falkirk,1.01,1.35,1,2,4818801
2025-10-18,Rangers,Dundee United,1.62,0.62,2,2,4818802
2025-10-18,St. Mirren,Aberdeen,0.48,1.83,0,1,4818803
2025-10-19,Dundee FC,Celtic,1.3,2.7,2,0,4818798
2025-10-25,Dundee United,St. Mirren,2.21,2.28,3,1,4818805
2025-10-25,Falkirk,Dundee FC,1.07,1.21,2,1,4818806
2025-10-25,Livingston,Motherwell,2.43,2.16,1,2,4818808
2025-10-26,Aberdeen,Hibernian,1.24,2.43,1,2,4818804
2025-10-26,Heart of Midlothian,Celtic,1.57,0.88,3,1,4818807
2025-10-26,Rangers,Kilmarnock,1.36,1.04,3,1,4818809
2025-10-29,Celtic,Falkirk,4.18,0.5,4,0,4818810
2025-10-29,Hibernian,Rangers,2.01,0.52,0,1,4818812
2025-10-29,Kilmarnock,Aberdeen,1.36,0.61,0,1,4818813
2025-10-29,Motherwell,Dundee United,1.08,0.48,2,0,4818814
2025-10-29,St. Mirren,Heart of Midlothian,1.01,1.57,2,2,4818815
2025-11-01,Falkirk,Kilmarnock,2.07,0.43,3,1,4818817
2025-11-01,Heart of Midlothian,Dundee FC,3.34,0.1,4,0,4818818
2025-11-01,Livingston,Hibernian,1.87,0.78,2,2,4818845
2025-11-08,Falkirk,Livingston,1.82,0.62,1,1,4818825
2025-11-08,St. Mirren,Hibernian,0.73,1.62,0,3,4818826
2025-11-09,Aberdeen,Motherwell,0.79,0.68,1,1,4818822
2025-11-09,Celtic,Kilmarnock,2.85,0.38,4,0,4818823
2025-11-09,Dundee FC,Rangers,0.43,0.85,0,3,4818824
2025-11-09,Heart of Midlothian,Dundee United,0.45,0.34,1,1,4818827
2025-11-22,Dundee United,Falkirk,0.69,1.73,0,3,4818829
2025-11-22,Hibernian,Dundee FC,2.26,0.56,2,0,4818830
2025-11-22,Kilmarnock,Motherwell,1.73,2.19,1,3,4818831
2025-11-22,Rangers,Livingston,1.39,1.37,2,1,4818832
2025-11-22,St. Mirren,Celtic,1.53,0.88,0,1,4818833
2025-11-23,Aberdeen,Heart of Midlothian,0.58,2.3,1,0,4818828
2025-11-25,Motherwell,Hibernian,2.14,0.77,2,0,4818820
2025-11-29,Dundee FC,St. Mirren,0.68,1.39,3,1,4818834
2025-11-29,Kilmarnock,Dundee United,1.48,1.86,1,1,4818836
2025-11-29,Motherwell,Heart of Midlothian,0.58,0.41,0,0,4818838
2025-11-30,Hibernian,Celtic,1.65,1.33,1,2,4818835
2025-11-30,Livingston,Aberdeen,0.99,0.76,0,1,4818837
2025-11-30,Rangers,Falkirk,2.13,0.12,0,0,4818839
2025-12-03,Aberdeen,St. Mirren,2.12,1.83,3,3,4818840
2025-12-03,Celtic,Dundee FC,2.07,0.21,1,0,4818841
2025-12-03,Dundee United,Rangers,1.38,4.39,2,2,4818842
2025-12-03,Falkirk,Motherwell,0.57,0.47,0,0,4818843
2025-12-03,Heart of Midlothian,Kilmarnock,2.19,1.75,1,1,4818844
2025-12-06,Dundee FC,Aberdeen,1.12,1.36,1,3,4818847
2025-12-06,Hibernian,Falkirk,2.02,0.49,3,0,4818848
2025-12-06,Kilmarnock,Rangers,0.66,0.75,0,3,4818849
2025-12-06,Motherwell,Livingston,2.41,0.67,3,0,4818850
2025-12-06,St. Mirren,Dundee United,1.22,1.01,2,0,4818851
2025-12-07,Celtic,Heart of Midlothian,1.86,0.5,1,2,4818846
2025-12-13,Dundee United,Motherwell,0.49,0.68,0,0,4818853
2025-12-13,Falkirk,Heart of Midlothian,1.03,1.5,0,2,4818871
2025-12-13,Livingston,Dundee FC,0.89,0.46,2,2,4818856
2025-12-14,Aberdeen,Kilmarnock,3.53,1.02,2,1,4818852
2025-12-15,Rangers,Hibernian,1.84,0.53,1,0,4818857
2025-12-17,Dundee United,Celtic,1.45,3.2,2,1,4818816
2025-12-20,Dundee United,Hibernian,0.82,1.26,1,1,4818859
2025-12-20,Kilmarnock,Falkirk,1.19,1.46,0,1,4818861
2025-12-20,Motherwell,Dundee FC,1.23,0.23,1,0,4818862
2025-12-20,St. Mirren,Livingston,2.1,0.24,1,0,4818863
2025-12-21,Celtic,Aberdeen,4.72,0.91,3,1,4818858
2025-12-21,Heart of Midlothian,Rangers,1.7,2.33,2,1,4818860
2025-12-27,Aberdeen,Dundee United,1.1,0.8,1,1,4818865
2025-12-27,Dundee FC,Falkirk,1.24,1.33,1,0,4818866
2025-12-27,Hibernian,Heart of Midlothian,1.51,1.73,3,2,4818864
2025-12-27,Livingston,Celtic,1.09,3.83,2,4,4818867
2025-12-27,Rangers,Motherwell,4.04,1.06,1,0,4818868
2025-12-27,St. Mirren,Kilmarnock,1.36,0.75,0,0,4818869
2025-12-30,Dundee FC,Kilmarnock,2.23,1.27,2,1,4818870
2025-12-30,Hibernian,Aberdeen,1.64,0.54,2,0,4818872
2025-12-30,Livingston,Dundee United,0.45,3.24,1,3,4818873
2025-12-30,Motherwell,Celtic,1.4,0.59,2,0,4818874
2025-12-30,Rangers,St. Mirren,1.89,1.68,2,1,4818875
2026-01-03,Celtic,Rangers,2.33,1.06,1,3,4818876
2026-01-03,Dundee United,Dundee FC,1.5,1.87,0,1,4818877
2026-01-03,Falkirk,Aberdeen,1.53,0.53,1,0,4818878
2026-01-03,Heart of Midlothian,Livingston,2.23,0.54,1,0,4818879
2026-01-03,Kilmarnock,Hibernian,0.48,2.66,1,3,4818880
2026-01-03,Motherwell,St. Mirren,1.88,0.29,2,0,4818881
2026-01-06,Rangers,Aberdeen,1.81,1.05,2,0,4818821
2026-01-10,Celtic,Dundee United,3.11,0.34,4,0,4818883
2026-01-10,Hibernian,Motherwell,1.31,1.03,1,1,4818885
2026-01-10,Livingston,Kilmarnock,1.3,1.49,1,1,4818886
2026-01-10,St. Mirren,Falkirk,0.54,0.52,0,2,4818887
2026-01-11,Aberdeen,Rangers,0.32,1.94,0,2,4818882
2026-01-11,Dundee FC,Heart of Midlothian,1.34,0.36,0,1,4818884
2026-01-14,Falkirk,Celtic,1.72,0.62,0,1,4818854
2026-01-14,Heart of Midlothian,St. Mirren,2.11,0.98,2,0,4818855
2026-01-20,Livingston,St. Mirren,1.32,1.41,1,1,4818819
2026-01-24,Aberdeen,Livingston,3.08,1.74,6,2,4818888
2026-01-24,Falkirk,Hibernian,3.64,0.73,4,1,4818890
2026-01-24,Motherwell,Kilmarnock,2.71,0.49,4,0,4818892
2026-01-25,Heart of Midlothian,Celtic,1.66,1.32,2,2,4818891
2026-01-25,Rangers,Dundee FC,2.51,0.24,3,0,4818893
2026-01-31,Dundee United,Heart of Midlothian,0.18,4.24,0,3,4818895
2026-01-31,Kilmarnock,Aberdeen,2.45,0.66,3,0,4818897
2026-01-31,Livingston,Motherwell,0.24,1.62,0,2,4818898
2026-01-31,St. Mirren,Dundee FC,0.9,0.78,0,0,4818899
2026-02-01,Celtic,Falkirk,0.66,1.07,2,0,4818894
2026-02-01,Hibernian,Rangers,1.88,0.58,0,0,4818896
2026-02-03,St. Mirren,Heart of Midlothian,2.29,0.25,1,0,4818905
2026-02-04,Hibernian,Dundee United,2.54,1.73,3,2,4818902
2026-02-04,Livingston,Falkirk,0.57,2.42,1,2,4818903
2026-02-04,Rangers,Kilmarnock,3.14,1.29,5,1,4818904
2026-02-10,Heart of Midlothian,Hibernian,0.66,0.38,1,0,4818909
2026-02-11,Celtic,Livingston,3.39,1.06,2,1,4818906
2026-02-11,Falkirk,Dundee FC,0.98,1.58,1,0,4818908
2026-02-11,Kilmarnock,St. Mirren,2.65,1.96,4,3,4818910
2026-02-11,Motherwell,Rangers,1.56,1.64,1,1,4818911
2026-02-14,Dundee FC,Livingston,0.91,1.29,2,2,4818912
2026-02-14,Falkirk,Dundee United,0.94,1.09,2,3,4818913
2026-02-14,Hibernian,St. Mirren,1.19,0.3,2,0,4818914
2026-02-15,Kilmarnock,Celtic,0.86,2.98,2,3,4818915
2026-02-15,Motherwell,Aberdeen,2.42,0.6,2,0,4818916
2026-02-15,Rangers,Heart of Midlothian,2.46,0.35,4,2,4818917
2026-02-21,Aberdeen,Dundee FC,0.46,3.95,2,3,4818918
2026-02-21,Dundee United,Kilmarnock,2.05,0.5,1,1,4818920
2026-02-21,Heart of Midlothian,Falkirk,1.1,0.75,1,0,4818921
2026-02-21,St. Mirren,Motherwell,1.0,2.2,0,5,4818923
2026-02-22,Celtic,Hibernian,1.94,0.8,1,2,4818919
2026-02-22,Livingston,Rangers,0.3,3.59,2,2,4818922
2026-02-24,Dundee United,Aberdeen,1.02,1.45,0,0,4818907
2026-02-28,Dundee FC,Hibernian,0.92,1.74,3,3,4818924
2026-02-28,Falkirk,Kilmarnock,3.07,0.39,5,1,4818925
2026-02-28,Heart of Midlothian,Aberdeen,2.33,0.39,1,0,4818926
2026-02-28,Livingston,St. Mirren,0.69,0.97,1,1,4818927
2026-02-28,Motherwell,Dundee United,2.12,0.31,2,0,4818928
2026-03-01,Rangers,Celtic,1.44,2.4,2,2,4818929
2026-03-03,Dundee United,St. Mirren,1.69,1.12,2,1,4818889
2026-03-04,Aberdeen,Celtic,1.42,1.9,1,2,4818900
2026-03-07,Dundee FC,Motherwell,1.47,1.85,2,1,4818901
2026-03-14,Aberdeen,Falkirk,1.5,0.76,1,1,4818930
2026-03-14,Celtic,Motherwell,2.12,0.64,3,1,4818931
2026-03-14,Hibernian,Livingston,2.09,0.14,0,0,4818933
2026-03-14,Kilmarnock,Heart of Midlothian,1.12,1.06,1,0,4818934
2026-03-15,Dundee FC,Dundee United,1.32,2.85,2,2,4818932
2026-03-15,St. Mirren,Rangers,0.19,2.08,0,1,4818935
2026-03-21,Falkirk,St. Mirren,1.43,0.9,1,2,4818937
2026-03-21,Heart of Midlothian,Dundee FC,1.64,0.55,1,0,4818938
2026-03-21,Kilmarnock,Livingston,1.71,0.79,2,0,4818939
2026-03-21,Motherwell,Hibernian,0.44,0.6,0,0,4818940
2026-03-21,Rangers,Aberdeen,1.61,0.6,4,1,4818941
2026-03-22,Dundee United,Celtic,1.13,1.14,2,0,4818936
2026-04-04,Hibernian,Kilmarnock,2.3,0.6,3,0,4818943
2026-04-04,Motherwell,Falkirk,1.46,2.08,2,3,4818945
2026-04-04,Rangers,Dundee United,3.89,1.47,4,2,4818946
2026-04-04,St. Mirren,Aberdeen,0.9,0.53,2,0,4818947
2026-04-05,Dundee FC,Celtic,1.42,3.82,1,2,4818942
2026-04-05,Livingston,Heart of Midlothian,2.0,1.87,2,2,4818944
2026-04-11,Aberdeen,Hibernian,1.93,0.16,2,0,4818948
2026-04-11,Celtic,St. Mirren,0.94,0.25,1,0,4818949
2026-04-11,Dundee United,Livingston,1.82,1.82,3,2,4818950
2026-04-11,Heart of Midlothian,Motherwell,1.74,2.01,3,1,4818952
2026-04-11,Kilmarnock,Dundee FC,1.63,1.32,2,2,4818953
2026-04-12,Falkirk,Rangers,1.7,3.94,3,6,4818951
2026-04-25,Aberdeen,Kilmarnock,0.5,0.67,1,0,5309633
2026-04-25,Celtic,Falkirk,1.1,0.93,3,1,5309617
2026-04-25,St. Mirren,Livingston,1.1,0.72,0,2,5309634
2026-04-26,Dundee United,Dundee FC,2.14,0.75,3,0,5309635
2026-04-26,Hibernian,Heart of Midlothian,0.54,1.82,1,2,5309619
2026-04-26,Rangers,Motherwell,2.65,0.76,2,3,5309618
2026-05-01,Livingston,Aberdeen,1.49,0.86,2,2,5309636
2026-05-02,Dundee FC,St. Mirren,0.46,0.51,1,0,5309637
2026-05-02,Falkirk,Motherwell,2.42,1.33,1,0,5309621
2026-05-02,Kilmarnock,Dundee United,2.34,2.11,3,0,5309638
2026-05-03,Hibernian,Celtic,0.36,2.81,1,2,5309622
2026-05-04,Heart of Midlothian,Rangers,0.75,0.82,2,1,5309623
2026-05-09,Aberdeen,Dundee United,2.15,0.79,2,0,5309639
2026-05-09,Dundee FC,Livingston,2.1,1.58,3,0,5309640
2026-05-09,Falkirk,Hibernian,0.63,1.1,1,3,5309624
2026-05-09,Motherwell,Heart of Midlothian,0.55,1.29,1,1,5309625
2026-05-09,St. Mirren,Kilmarnock,1.19,1.49,0,3,5309641
2026-05-10,Celtic,Rangers,1.08,0.92,3,1,5309626
2026-05-12,Aberdeen,St. Mirren,0.53,1.5,0,2,5309642
2026-05-12,Dundee United,Livingston,1.54,0.92,0,0,5309643
2026-05-12,Kilmarnock,Dundee FC,3.39,0.43,3,1,5309644
2026-05-13,Heart of Midlothian,Falkirk,0.56,0.28,3,0,5309627
2026-05-13,Motherwell,Celtic,1.21,1.38,2,3,5309628
2026-05-13,Rangers,Hibernian,1.72,1.59,1,2,5309629
2026-05-16,Celtic,Heart of Midlothian,2.83,0.93,3,1,5309630
2026-05-16,Falkirk,Rangers,2.46,2.54,2,5,5309631
2026-05-16,Hibernian,Motherwell,0.76,1.16,0,1,5309632
2026-05-17,Dundee FC,Aberdeen,1.97,1.12,3,2,5309645
2026-05-17,Livingston,Kilmarnock,1.33,2.77,1,4,5309646
2026-05-17,St. Mirren,Dundee United,1.02,0.5,1,1,5309647
2026-07-31,Dundee United,Rangers,1.64,1.46,1,1,5793898
2026-08-01,Aberdeen,Heart of Midlothian,2.66,1.83,2,1,5793900
2026-08-01,Falkirk,St. Mirren,0.55,1.57,0,2,5793899
2026-08-02,Hibernian,Motherwell,1.94,2.19,1,2,5793902
2026-08-02,St. Johnstone,Kilmarnock,2.03,0.92,4,3,5793901
2026-08-03,Celtic,Dundee FC,2.25,0.49,1,0,5793903
2026-08-08,Dundee FC,Aberdeen,1.83,0.71,2,0,5793904
2026-08-08,St. Mirren,St. Johnstone,1.58,1.17,1,0,5793907
2026-08-09,Heart of Midlothian,Dundee United,2.15,0.58,4,0,5793905
2026-08-09,Kilmarnock,Celtic,0.98,5.44,1,5,5793908
2026-08-09,Motherwell,Falkirk,1.27,0.55,0,0,5793906
2026-08-09,Rangers,Hibernian,2.22,1.7,1,2,5793909
2026-08-22,Dundee United,Dundee FC,1.19,1.43,0,2,5793910
2026-08-29,Celtic,Falkirk,3.45,0.57,2,1,5793917
2026-08-29,Heart of Midlothian,St. Johnstone,2.2,1.28,2,1,5793919
2026-08-29,Kilmarnock,Dundee United,1.13,3.42,0,4,5793920
2026-08-30,Aberdeen,Rangers,0.35,2.1,0,1,5793916
2026-08-30,Dundee FC,Hibernian,1.01,2.33,1,2,5793918
2026-08-30,St. Mirren,Motherwell,2.92,2.45,3,3,5793921
2026-09-02,Celtic,Aberdeen,2.67,0.68,3,0,5793922
2026-09-02,Dundee FC,St. Johnstone,2.04,1.07,1,1,5793923
2026-09-02,Falkirk,Rangers,1.0,1.56,1,2,5793924
2026-09-02,Kilmarnock,St. Mirren,0.41,0.85,0,1,5793926
2026-09-02,Motherwell,Dundee United,2.37,0.16,3,0,5793927
2026-09-03,Hibernian,Heart of Midlothian,1.47,0.86,1,3,5793925
2026-09-05,Aberdeen,Kilmarnock,1.08,1.11,0,0,5793928
2026-09-05,Dundee United,Falkirk,2.65,1.22,1,1,5793929
2026-09-05,Rangers,Motherwell,4.28,0.7,1,0,5793931
2026-09-05,St. Mirren,Celtic,1.95,3.19,1,2,5793933
2026-09-06,Heart of Midlothian,Dundee FC,1.92,0.42,2,1,5793930
2026-09-06,St. Johnstone,Hibernian,2.32,1.61,2,1,5793932
2026-09-09,Rangers,St. Mirren,2.46,1.26,1,0,5793914
2026-09-09,St. Johnstone,Celtic,0.69,1.8,0,1,5793915
2026-09-15,Falkirk,Heart of Midlothian,2.09,1.79,2,1,5793911
2026-09-15,Hibernian,Kilmarnock,1.45,2.21,0,1,5793912
2026-09-15,Motherwell,Aberdeen,0.85,0.9,0,4,5793913
2026-09-19,Dundee FC,Motherwell,1.38,1.1,2,1,5793934
2026-09-19,Hibernian,Aberdeen,1.4,0.7,1,1,5793935
2026-09-19,Kilmarnock,Heart of Midlothian,0.39,1.92,1,1,5793936
2026-09-19,St. Johnstone,Falkirk,0.94,1.29,1,1,5793937
2026-09-19,St. Mirren,Dundee United,0.99,1.6,0,3,5793938
2026-09-20,Celtic,Rangers,0.39,1.75,0,1,5793939
